order_id,order_date,subscriber_id,cook_id,meal_type,status,amount_inr
ORD00001,2026-08-24,SUB0512,CK087,Lunch,pending,159
ORD00002,2026-08-24,SUB0333,CK075,Dinner,Delivered,99
ORD00003,2026-08-24,SUB0250,CK070,Dinner,DELIVERED,179
ORD00004,2026-08-24,SUB0400,CK036,Dinner,delivered,129
ORD00005,2026-08-24,SUB0431,CK017,Dinner,Delivered,159
ORD00006,2026-08-24,SUB0036,CK032,Dinner,Delivered,179
ORD00007,2026-08-24,SUB0061,CK042,Dinner,delivered,149
ORD00008,2026-08-24,SUB0519,CK090,Lunch,DELIVERED,179
ORD00009,2026-08-24,SUB0453,CK072,Lunch,pending,179
ORD00010,2026-08-24,SUB0065,CK014,Lunch,Completed,120
ORD00011,2026-08-24,SUB0232,CK045,Dinner,Delivered,179
ORD00012,2026-08-24,SUB0173,CK032,Lunch,pending,120
ORD00013,2026-08-24,SUB0287,CK069,Lunch,Delivered,99
ORD00014,2026-08-24,SUB0403,CK013,Lunch,Delivered,149
ORD00015,2026-08-24,SUB0462,CK044,Dinner,Delivered,120
ORD00016,2026-08-24,SUB0012,CK056,Dinner,DELIVERED,129
ORD00017,2026-08-24,SUB0459,CK049,Lunch,delivered,159
ORD00018,2026-08-24,SUB0216,CK077,Lunch,Cook No-Show,149
ORD00019,24/08/2026,SUB0209,CK045,Dinner,Delivered,99
ORD00020,2026-08-24,SUB0074,CK077,Dinner,in-progress,149
ORD00021,2026-08-24,SUB0452,CK035,Dinner,Refunded,159
ORD00022,2026-08-24,SUB0268,CK068,Dinner,Delivered,149
ORD00023,2026-08-24,SUB0053,CK027,Dinner,Delivered,99
ORD00024,2026-08-24,SUB0011,CK037,Lunch,delivered,179
ORD00025,24/08/2026,SUB0017,CK011,Lunch,delivered,179
ORD00026,2026-08-24,SUB0088,CK032,Lunch,Cancelled,199
ORD00027,2026-08-24,SUB0285,CK053,Lunch,DELIVERED,159
ORD00028,2026-08-24,SUB0129,CK057,Lunch,cancelled,120
ORD00029,2026-08-24,SUB0361,CK047,Lunch,delivered,129
ORD00030,2026-08-24,SUB0048,CK081,Lunch,Delivered,149
ORD00031,2026-08-24,SUB0461,CK052,Dinner,DELIVERED,99
ORD00032,2026-08-24,SUB0054,CK069,Dinner,Cancelled,159
ORD00033,2026-08-24,SUB0314,CK008,Lunch,DELIVERED,179
ORD00034,2026-08-24,SUB0114,CK046,Lunch,Completed,179
ORD00035,2026-08-24,SUB0343,CK015,Dinner,Delivered,99
ORD00036,2026-08-24,SUB0294,CK081,Dinner,Delivered,199
ORD00037,2026-08-24,SUB0042,CK081,Dinner,Completed,159
ORD00038,2026-08-24,SUB0081,CK036,Lunch,CANCELLED,99
ORD00039,2026-08-24,SUB0166,CK012,Dinner,delivered,120
ORD00040,2026-08-24,SUB0464,CK071,Lunch,Delivered,199
ORD00041,24/08/2026,SUB0238,CK080,Dinner,Cancelled - Cook Unavailable,129
ORD00042,2026-08-24,SUB0530,CK092,Lunch,Delivered,199
ORD00043,2026-08-24,SUB0144,CK023,Lunch,delivered,179
ORD00044,2026-08-24,SUB0531,CK092,Lunch,Delivered,120
ORD00045,2026-08-24,SUB0139,CK023,Lunch,DELIVERED,199
ORD00046,2026-08-24,SUB0180,CK049,Dinner,delivered,199
ORD00047,2026-08-24,SUB0473,CK050,Dinner,Delivered,120
ORD00048,24/08/2026,SUB0028,CK062,Dinner,Delivered,199
ORD00049,2026-08-24,SUB0320,CK075,Dinner,Delivered,120
ORD00050,2026-08-24,SUB0420,CK008,Lunch,DELIVERED,129
ORD00051,2026-08-24,SUB0058,CK047,Lunch,Delivered,179
ORD00052,2026-08-24,SUB0309,CK076,Lunch,Completed,159
ORD00053,2026-08-24,SUB0372,CK056,Lunch,pending,120
ORD00054,2026-08-24,SUB0234,CK049,Lunch,Delivered,179
ORD00055,2026-08-24,SUB0175,CK071,Lunch,Completed,199
ORD00056,2026-08-24,SUB0338,CK050,Lunch,Delivered,179
ORD00057,2026-08-24,SUB0033,CK020,Lunch,Pending,199
ORD00058,2026-08-24,SUB0067,CK074,Dinner,delivered,149
ORD00059,2026-08-24,SUB0060,CK014,Lunch,Delivered,199
ORD00060,2026-08-24,SUB0244,CK045,Dinner,cook_dropout,120
ORD00061,2026-08-24,SUB0527,CK091,Lunch,Delivered,179
ORD00062,2026-08-24,SUB0324,CK032,Lunch,Delivered,120
ORD00063,2026-08-24,SUB0392,CK070,Lunch,delivered,149
ORD00064,2026-08-24,SUB0126,CK083,Lunch,Completed,149
ORD00065,2026-08-24,SUB0488,CK018,Lunch,delivered,120
ORD00066,2026-08-24,SUB0407,CK054,Dinner,delivered,179
ORD00067,2026-08-24,SUB0159,CK061,Lunch,Delivered,99
ORD00068,2026-08-24,SUB0382,CK075,Dinner,DELIVERED,129
ORD00069,2026-08-24,SUB0281,CK061,Dinner,delivered,179
ORD00070,2026-08-24,SUB0494,CK014,Dinner,Delivered,99
ORD00071,2026-08-24,SUB0110,CK079,Dinner,delivered,129
ORD00072,2026-08-24,SUB0326,CK058,Dinner,Delivered,179
ORD00073,2026-08-24,SUB0248,CK069,Lunch,delivered,149
ORD00074,2026-08-24,SUB0013,CK040,Dinner,Delivered,149
ORD00075,2026-08-24,SUB0162,CK080,Lunch,No Show,159
ORD00076,2026-08-24,SUB0258,CK014,Lunch,cancelled,149
ORD00077,2026-08-24,SUB0332,CK076,Dinner,pending,159
ORD00078,2026-08-24,SUB0186,CK004,Lunch,delivered,120
ORD00079,2026-08-24,SUB0172,CK045,Lunch,Delivered,179
ORD00080,2026-08-24,SUB0312,CK082,Lunch,pending,179
ORD00081,2026-08-24,SUB0157,CK052,Dinner,Delivered,129
ORD00082,2026-08-24,SUB0504,CK087,Dinner,Cancelled,129
ORD00083,2026-08-24,SUB0363,CK070,Lunch,Delivered,159
ORD00084,2026-08-24,SUB0288,CK009,Dinner,Pending,159
ORD00085,2026-08-24,SUB0051,CK032,Dinner,Delivered,159
ORD00086,2026-08-24,SUB0056,CK014,Dinner,refunded,149
ORD00087,2026-08-24,SUB0292,CK047,Dinner,delivered,149
ORD00088,2026-08-24,SUB0280,CK079,Lunch,Delivered,99
ORD00089,2026-08-24,SUB0197,CK037,Dinner,Pending,120
ORD00090,2026-08-24,SUB0133,CK061,Dinner,Delivered,159
ORD00091,2026-08-24,SUB0211,CK012,Lunch,Completed,179
ORD00092,2026-08-24,SUB0068,CK001,Lunch,Delivered,179
ORD00093,2026-08-24,SUB0182,CK044,Lunch,Delivered,179
ORD00094,2026-08-24,SUB0446,CK032,Lunch,Delivered,129
ORD00095,2026-08-24,SUB0506,CK087,Dinner,Completed,129
ORD00096,2026-08-24,SUB0168,CK032,Dinner,refunded,149
ORD00097,2026-08-24,SUB0406,CK004,Lunch,pending,179
ORD00098,2026-08-24,SUB0176,CK061,Dinner,Pending,199
ORD00099,2026-08-24,SUB0215,CK019,Dinner,Delivered,179
ORD00100,2026-08-24,SUB0142,CK014,Dinner,Delivered,159
ORD00101,2026-08-24,SUB0236,CK076,Dinner,Delivered,99
ORD00102,2026-08-24,SUB0290,CK047,Lunch,cook_dropout,179
ORD00103,2026-08-24,SUB0450,CK079,Dinner,delivered,120
ORD00104,2026-08-24,SUB0337,CK053,Lunch,Completed,199
ORD00105,2026-08-24,SUB0339,CK079,Dinner,Delivered,99
ORD00106,2026-08-24,SUB0487,CK051,Dinner,Delivered,99
ORD00107,2026-08-24,SUB0247,CK006,Dinner,Completed,149
ORD00108,2026-08-24,SUB0264,CK015,Lunch,Pending,199
ORD00109,2026-08-24,SUB0147,CK069,Lunch,refunded,129
ORD00110,2026-08-24,SUB0347,CK023,Lunch,Delivered,179
ORD00111,2026-08-24,SUB0119,CK079,Lunch,Delivered,199
ORD00112,2026-08-24,SUB0080,CK075,Dinner,Completed,159
ORD00113,2026-08-24,SUB0311,CK038,Lunch,cancelled,149
ORD00114,2026-08-24,SUB0366,CK004,Lunch,Delivered,159
ORD00115,2026-08-24,SUB0075,CK010,Dinner,delivered,129
ORD00116,2026-08-24,SUB0316,CK014,Dinner,Delivered,129
ORD00117,2026-08-24,SUB0010,CK014,Dinner,delivered,149
ORD00118,2026-08-24,SUB0046,CK050,Dinner,Delivered,179
ORD00119,2026-08-24,SUB0418,CK018,Dinner,Delivered,179
ORD00120,2026-08-24,SUB0397,CK064,Dinner,Delivered,120
ORD00121,2026-08-24,SUB0102,CK084,Dinner,Delivered,179
ORD00122,24/08/2026,SUB0207,CK053,Lunch,Delivered,129
ORD00123,2026-08-24,SUB0148,CK003,Dinner,Delivered,129
ORD00124,2026-08-24,SUB0390,CK049,Dinner,Delivered,159
ORD00125,2026-08-24,SUB0349,CK028,Lunch,delivered,129
ORD00126,2026-08-24,SUB0499,CK086,Lunch,DELIVERED,120
ORD00127,2026-08-24,SUB0229,CK054,Dinner,Delivered,129
ORD00128,2026-08-24,SUB0261,CK083,Lunch,Delivered,120
ORD00129,2026-08-24,SUB0525,CK091,Dinner,Completed,129
ORD00130,2026-08-24,SUB0369,CK070,Lunch,Delivered,149
ORD00131,2026-08-24,SUB0481,CK045,Dinner,delivered,129
ORD00132,2026-08-24,SUB0532,CK092,Lunch,Delivered,159
ORD00133,2026-08-24,SUB0374,CK077,Lunch,Delivered,99
ORD00134,2026-08-24,SUB0062,CK037,Dinner,Delivered,120
ORD00135,2026-08-24,SUB0109,CK038,Dinner,Delivered,129
ORD00136,2026-08-24,SUB0269,CK052,Lunch,Delivered,149
ORD00137,2026-08-24,SUB0447,CK067,Lunch,Delivered,99
ORD00138,2026-08-24,SUB0367,CK058,Dinner,delivered,120
ORD00139,2026-08-24,SUB0299,CK048,Dinner,Delivered,99
ORD00140,2026-08-24,SUB0239,CK065,Dinner,DELIVERED,129
ORD00141,2026-08-24,SUB0026,CK082,Dinner,delivered,99
ORD00142,2026-08-24,SUB0112,CK046,Dinner,DELIVERED,149
ORD00143,2026-08-24,SUB0225,CK051,Dinner,Delivered,199
ORD00144,2026-08-24,SUB0380,CK071,Dinner,delivered,199
ORD00145,2026-08-24,SUB0242,CK040,Lunch,DELIVERED,179
ORD00146,2026-08-24,SUB0115,CK069,Lunch,Completed,159
ORD00147,2026-08-24,SUB0429,CK047,Dinner,delivered,159
ORD00148,2026-08-24,SUB0319,CK047,Lunch,Delivered,149
ORD00149,2026-08-24,SUB0385,CK012,Lunch,Delivered,120
ORD00150,2026-08-24,SUB0164,CK050,Lunch,Delivered,120
ORD00151,2026-08-24,SUB0231,CK011,Dinner,Cancelled,159
ORD00152,2026-08-24,SUB0323,CK084,Lunch,delivered,99
ORD00153,2026-08-24,SUB0405,CK006,Lunch,Completed,99
ORD00154,2026-08-24,SUB0291,CK048,Lunch,DELIVERED,199
ORD00155,2026-08-24,SUB0227,CK003,Dinner,Completed,120
ORD00156,2026-08-24,SUB0111,CK036,Lunch,delivered,159
ORD00157,2026-08-24,SUB0224,CK058,Lunch,delivered,99
ORD00158,2026-08-24,SUB0083,CK003,Lunch,DELIVERED,159
ORD00159,2026-08-24,SUB0426,CK055,Dinner,Delivered,129
ORD00160,2026-08-24,SUB0195,CK002,Dinner,Delivered,99
ORD00161,2026-08-24,SUB0315,CK036,Lunch,delivered,199
ORD00162,2026-08-24,SUB0419,CK079,Lunch,Completed,159
ORD00163,2026-08-24,SUB0022,CK044,Dinner,delivered,99
ORD00164,2026-08-24,SUB0503,CK086,Lunch,In Progress,99
ORD00165,2026-08-24,SUB0421,CK079,Lunch,delivered,179
ORD00166,2026-08-24,SUB0044,CK020,Lunch,DELIVERED,179
ORD00167,2026-08-24,SUB0410,CK074,Dinner,Completed,159
ORD00168,2026-08-24,SUB0101,CK018,Lunch,DELIVERED,149
ORD00169,2026-08-24,SUB0402,CK060,Dinner,Delivered,159
ORD00170,2026-08-24,SUB0153,CK057,Lunch,delivered,129
ORD00171,2026-08-24,SUB0260,CK045,Dinner,DELIVERED,129
ORD00172,2026-08-24,SUB0387,CK071,Lunch,delivered,159
ORD00173,2026-08-24,SUB0193,CK029,Lunch,Delivered,199
ORD00174,2026-08-24,SUB0178,CK027,Lunch,Completed,179
ORD00175,2026-08-24,SUB0340,CK011,Dinner,Delivered,199
ORD00176,2026-08-24,SUB0439,CK077,Dinner,delivered,149
ORD00177,2026-08-24,SUB0389,CK038,Lunch,Delivered,199
ORD00178,2026-08-24,SUB0310,CK010,Lunch,Delivered,199
ORD00179,2026-08-24,SUB0103,CK017,Dinner,Completed,120
ORD00180,2026-08-24,SUB0100,CK012,Lunch,delivered,179
ORD00181,2026-08-24,SUB0510,CK087,Dinner,Completed,199
ORD00182,2026-08-24,SUB0090,CK050,Lunch,Delivered,149
ORD00183,2026-08-24,SUB0322,CK017,Dinner,delivered,99
ORD00184,2026-08-24,SUB0300,CK037,Dinner,delivered,99
ORD00185,2026-08-24,SUB0124,CK049,Dinner,pending,179
ORD00186,2026-08-24,SUB0271,CK004,Lunch,Refunded,129
ORD00187,2026-08-24,SUB0362,CK069,Lunch,Delivered,179
ORD00188,2026-08-24,SUB0526,CK091,Dinner,In Progress,129
ORD00189,2026-08-24,SUB0297,CK019,Lunch,Delivered,159
ORD00190,2026-08-24,SUB0476,CK010,Lunch,refunded,159
ORD00191,2026-08-24,SUB0084,CK023,Dinner,delivered,129
ORD00192,2026-08-24,SUB0313,CK081,Lunch,delivered,120
ORD00193,2026-08-24,SUB0130,CK057,Dinner,delivered,120
ORD00194,2026-08-24,SUB0190,CK002,Dinner,Pending,149
ORD00195,2026-08-24,SUB0165,CK074,Lunch,Delivered,199
ORD00196,2026-08-24,SUB0521,CK090,Dinner,Delivered,179
ORD00197,2026-08-24,SUB0049,CK013,Dinner,refunded,120
ORD00198,2026-08-24,SUB0152,CK023,Dinner,Delivered,149
ORD00199,2026-08-24,SUB0121,CK026,Dinner,DELIVERED,179
ORD00200,2026-08-24,SUB0391,CK044,Dinner,Delivered,120
ORD00201,2026-08-24,SUB0008,CK083,Dinner,Delivered,199
ORD00202,2026-08-24,SUB0482,CK068,Dinner,delivered,129
ORD00203,2026-08-24,SUB0128,CK051,Dinner,Pending,179
ORD00204,2026-08-24,SUB0218,CK069,Lunch,Completed,179
ORD00205,24/08/2026,SUB0360,CK059,Lunch,DELIVERED,159
ORD00206,2026-08-24,SUB0317,CK055,Dinner,delivered,120
ORD00207,2026-08-24,SUB0491,CK044,Dinner,refunded,129
ORD00208,2026-08-24,SUB0515,CK088,Lunch,in-progress,199
ORD00209,2026-08-24,SUB0001,CK035,Lunch,delivered,199
ORD00210,2026-08-24,SUB0444,CK025,Lunch,Delivered,199
ORD00211,2026-08-24,SUB0132,CK059,Dinner,DELIVERED,129
ORD00212,2026-08-24,SUB0479,CK052,Dinner,DELIVERED,199
ORD00213,2026-08-24,SUB0145,CK081,Lunch,DELIVERED,179
ORD00214,2026-08-24,SUB0357,CK008,Lunch,cancelled,120
ORD00215,2026-08-24,SUB0016,CK061,Dinner,Refunded,129
ORD00216,2026-08-24,SUB0059,CK048,Dinner,Cancelled,120
ORD00217,2026-08-24,SUB0396,CK046,Lunch,Delivered,159
ORD00218,2026-08-24,SUB0383,CK048,Lunch,delivered,99
ORD00219,2026-08-24,SUB0286,CK046,Dinner,Delivered,199
ORD00220,2026-08-24,SUB0501,CK086,Lunch,DELIVERED,129
ORD00221,2026-08-24,SUB0428,CK048,Lunch,in-progress,99
ORD00222,2026-08-24,SUB0254,CK003,Dinner,Delivered,179
ORD00223,2026-08-24,SUB0373,CK071,Lunch,Completed,120
ORD00224,2026-08-24,SUB0125,CK067,Dinner,delivered,149
ORD00225,2026-08-24,SUB0474,CK081,Dinner,Delivered,199
ORD00226,2026-08-24,SUB0214,CK008,Dinner,delivered,149
ORD00227,2026-08-24,SUB0020,CK061,Lunch,cancelled,159
ORD00228,2026-08-24,SUB0073,CK074,Lunch,DELIVERED,159
ORD00229,2026-08-24,SUB0457,CK036,Dinner,Delivered,129
ORD00230,2026-08-24,SUB0275,CK055,Dinner,Delivered,120
ORD00231,2026-08-25,SUB0398,CK003,Dinner,Delivered,129
ORD00232,2026-08-25,SUB0525,CK091,Dinner,Delivered,179
ORD00233,2026-08-25,SUB0451,CK069,Dinner,Delivered,159
ORD00234,25/08/2026,SUB0240,CK010,Dinner,pending,99
ORD00235,2026-08-25,SUB0530,CK092,Lunch,Delivered,159
ORD00236,2026-08-25,SUB0497,CK086,Dinner,DELIVERED,149
ORD00237,2026-08-25,SUB0149,CK060,Lunch,cancelled,179
ORD00238,2026-08-25,SUB0182,CK044,Lunch,Delivered,179
ORD00239,2026-08-25,SUB0032,CK003,Dinner,pending,199
ORD00240,2026-08-25,SUB0085,CK017,Dinner,Delivered,159
ORD00241,2026-08-25,SUB0423,CK059,Dinner,pending,149
ORD00242,2026-08-25,SUB0430,CK062,Lunch,DELIVERED,99
ORD00243,2026-08-25,SUB0157,CK052,Lunch,Delivered,120
ORD00244,2026-08-25,SUB0391,CK044,Dinner,In Progress,149
ORD00245,2026-08-25,SUB0073,CK074,Lunch,Delivered,179
ORD00246,2026-08-25,SUB0214,CK008,Dinner,Completed,129
ORD00247,2026-08-25,SUB0200,CK061,Lunch,DELIVERED,179
ORD00248,2026-08-25,SUB0198,CK058,Dinner,Cook No-Show,129
ORD00249,2026-08-25,SUB0369,CK070,Lunch,Delivered,159
ORD00250,2026-08-25,SUB0089,CK027,Dinner,delivered,179
ORD00251,2026-08-25,SUB0469,CK070,Dinner,Delivered,159
ORD00252,2026-08-25,SUB0258,CK014,Dinner,Delivered,120
ORD00253,2026-08-25,SUB0260,CK045,Dinner,delivered,149
ORD00254,2026-08-25,SUB0370,CK010,Lunch,Delivered,179
ORD00255,2026-08-25,SUB0459,CK049,Lunch,DELIVERED,99
ORD00256,2026-08-25,SUB0026,CK082,Dinner,Completed,120
ORD00257,2026-08-25,SUB0196,CK079,Dinner,Completed,149
ORD00258,2026-08-25,SUB0174,CK058,Dinner,DELIVERED,120
ORD00259,2026-08-25,SUB0184,CK079,Lunch,Delivered,159
ORD00260,2026-08-25,SUB0400,CK036,Dinner,DELIVERED,120
ORD00261,2026-08-25,SUB0290,CK047,Lunch,pending,149
ORD00262,2026-08-25,SUB0060,CK014,Lunch,refunded,149
ORD00263,2026-08-25,SUB0421,CK079,Lunch,Completed,120
ORD00264,2026-08-25,SUB0181,CK018,Lunch,In Progress,129
ORD00265,2026-08-25,SUB0527,CK091,Lunch,Delivered,179
ORD00266,2026-08-25,SUB0524,CK091,Dinner,delivered,120
ORD00267,2026-08-25,SUB0203,CK002,Lunch,delivered,120
ORD00268,2026-08-25,SUB0401,CK002,Lunch,Delivered,129
ORD00269,2026-08-25,SUB0392,CK070,Lunch,Delivered,120
ORD00270,2026-08-25,SUB0300,CK037,Dinner,Delivered,179
ORD00271,2026-08-25,SUB0231,CK011,Dinner,delivered,129
ORD00272,2026-08-25,SUB0386,CK067,Lunch,Completed,199
ORD00273,2026-08-25,SUB0486,CK010,Lunch,Refunded,179
ORD00274,2026-08-25,SUB0205,CK005,Dinner,refunded,179
ORD00275,2026-08-25,SUB0521,CK090,Lunch,Completed,120
ORD00276,2026-08-25,SUB0314,CK008,Dinner,Completed,159
ORD00277,2026-08-25,SUB0315,CK036,Lunch,cancelled,129
ORD00278,2026-08-25,SUB0335,CK058,Lunch,Delivered,149
ORD00279,2026-08-25,SUB0208,CK012,Lunch,Delivered,199
ORD00280,2026-08-25,SUB0255,CK077,Lunch,pending,199
ORD00281,2026-08-25,SUB0520,CK090,Lunch,Delivered,149
ORD00282,2026-08-25,SUB0081,CK036,Lunch,Delivered,99
ORD00283,2026-08-25,SUB0042,CK081,Lunch,delivered,159
ORD00284,2026-08-25,SUB0454,CK003,Lunch,cancelled,120
ORD00285,2026-08-25,SUB0175,CK071,Lunch,Delivered,129
ORD00286,2026-08-25,SUB0355,CK051,Lunch,in-progress,179
ORD00287,2026-08-25,SUB0051,CK032,Dinner,refunded,179
ORD00288,2026-08-25,SUB0494,CK014,Dinner,Delivered,149
ORD00289,2026-08-25,SUB0114,CK046,Lunch,delivered,120
ORD00290,2026-08-25,SUB0372,CK056,Lunch,in-progress,149
ORD00291,2026-08-25,SUB0245,CK060,Dinner,delivered,99
ORD00292,2026-08-25,SUB0024,CK003,Lunch,Delivered,179
ORD00293,2026-08-25,SUB0512,CK087,Lunch,Delivered,120
ORD00294,2026-08-25,SUB0458,CK045,Dinner,DELIVERED,159
ORD00295,2026-08-25,SUB0299,CK048,Dinner,Delivered,179
ORD00296,2026-08-25,SUB0162,CK080,Lunch,DELIVERED,120
ORD00297,2026-08-25,SUB0490,CK050,Dinner,Refunded,199
ORD00298,2026-08-25,SUB0307,CK026,Lunch,DELIVERED,159
ORD00299,2026-08-25,SUB0107,CK047,Dinner,DELIVERED,179
ORD00300,2026-08-25,SUB0235,CK004,Lunch,No Show,120
ORD00301,2026-08-25,SUB0316,CK014,Dinner,refunded,179
ORD00302,2026-08-25,SUB0306,CK017,Lunch,Delivered,159
ORD00303,2026-08-25,SUB0054,CK069,Dinner,delivered,99
ORD00304,2026-08-25,SUB0079,CK021,Lunch,Completed,120
ORD00305,2026-08-25,SUB0143,CK048,Lunch,Delivered,159
ORD00306,2026-08-25,SUB0061,CK042,Lunch,Completed,179
ORD00307,2026-08-25,SUB0384,CK058,Lunch,Cancelled,199
ORD00308,2026-08-25,SUB0082,CK045,Lunch,Cancelled,159
ORD00309,25/08/2026,SUB0380,CK071,Dinner,refunded,120
ORD00310,2026-08-25,SUB0251,CK004,Dinner,Completed,159
ORD00311,2026-08-25,SUB0363,CK070,Dinner,Delivered,99
ORD00312,2026-08-25,SUB0353,CK046,Dinner,Delivered,99
ORD00313,2026-08-25,SUB0519,CK090,Lunch,in-progress,199
ORD00314,2026-08-25,SUB0001,CK035,Lunch,Delivered,149
ORD00315,2026-08-25,SUB0137,CK051,Dinner,Completed,149
ORD00316,2026-08-25,SUB0030,CK033,Lunch,delivered,120
ORD00317,2026-08-25,SUB0131,CK064,Lunch,Delivered,159
ORD00318,2026-08-25,SUB0007,CK051,Dinner,Completed,159
ORD00319,2026-08-25,SUB0409,CK071,Lunch,Delivered,149
ORD00320,2026-08-25,SUB0445,CK036,Lunch,Delivered,120
ORD00321,25/08/2026,SUB0427,CK058,Lunch,cancelled,159
ORD00322,2026-08-25,SUB0513,CK088,Lunch,DELIVERED,199
ORD00323,2026-08-25,SUB0217,CK019,Lunch,CANCELLED,129
ORD00324,2026-08-25,SUB0301,CK084,Lunch,Completed,199
ORD00325,2026-08-25,SUB0087,CK051,Lunch,cancelled,99
ORD00326,2026-08-25,SUB0091,CK060,Lunch,Pending,159
ORD00327,2026-08-25,SUB0466,CK058,Dinner,cancelled,120
ORD00328,2026-08-25,SUB0429,CK047,Dinner,Delivered,149
ORD00329,2026-08-25,SUB0422,CK052,Dinner,Completed,149
ORD00330,2026-08-25,SUB0326,CK058,Dinner,Delivered,149
ORD00331,2026-08-25,SUB0228,CK075,Lunch,Delivered,179
ORD00332,2026-08-25,SUB0272,CK078,Lunch,delivered,99
ORD00333,2026-08-25,SUB0159,CK061,Dinner,Delivered,149
ORD00334,2026-08-25,SUB0003,CK053,Lunch,delivered,129
ORD00335,25/08/2026,SUB0134,CK057,Lunch,Delivered,129
ORD00336,2026-08-25,SUB0478,CK023,Dinner,Delivered,149
ORD00337,2026-08-25,SUB0499,CK086,Lunch,pending,120
ORD00338,2026-08-25,SUB0505,CK087,Lunch,Delivered,120
ORD00339,2026-08-25,SUB0317,CK055,Lunch,delivered,179
ORD00340,2026-08-25,SUB0414,CK008,Dinner,In Progress,179
ORD00341,2026-08-25,SUB0276,CK049,Dinner,Refunded,159
ORD00342,2026-08-25,SUB0021,CK054,Dinner,Cancelled,149
ORD00343,2026-08-25,SUB0209,CK045,Dinner,Delivered,129
ORD00344,2026-08-25,SUB0248,CK069,Lunch,delivered,149
ORD00345,2026-08-25,SUB0074,CK077,Dinner,delivered,99
ORD00346,2026-08-25,SUB0491,CK044,Dinner,delivered,149
ORD00347,2026-08-25,SUB0449,CK052,Lunch,Completed,99
ORD00348,2026-08-25,SUB0482,CK068,Dinner,Cancelled,199
ORD00349,2026-08-25,SUB0076,CK077,Dinner,Delivered,129
ORD00350,2026-08-25,SUB0320,CK075,Dinner,Delivered,99
ORD00351,2026-08-25,SUB0339,CK079,Dinner,Completed,199
ORD00352,2026-08-25,SUB0374,CK077,Lunch,Delivered,99
ORD00353,2026-08-25,SUB0431,CK017,Lunch,Delivered,159
ORD00354,2026-08-25,SUB0192,CK075,Lunch,Delivered,129
ORD00355,2026-08-25,SUB0514,CK088,Lunch,Delivered,120
ORD00356,2026-08-25,SUB0005,CK063,Dinner,DELIVERED,120
ORD00357,2026-08-25,SUB0277,CK024,Dinner,Delivered,159
ORD00358,2026-08-25,SUB0313,CK081,Lunch,Delivered,99
ORD00359,2026-08-25,SUB0312,CK082,Dinner,refunded,129
ORD00360,2026-08-25,SUB0434,CK017,Lunch,Delivered,99
ORD00361,2026-08-25,SUB0006,CK032,Dinner,delivered,199
ORD00362,2026-08-25,SUB0195,CK002,Dinner,Delivered,159
ORD00363,2026-08-25,SUB0271,CK004,Dinner,Delivered,99
ORD00364,2026-08-25,SUB0439,CK077,Lunch,delivered,149
ORD00365,2026-08-25,SUB0517,CK090,Lunch,Delivered,120
ORD00366,2026-08-25,SUB0322,CK017,Dinner,Delivered,199
ORD00367,2026-08-25,SUB0018,CK032,Dinner,Refunded,179
ORD00368,2026-08-25,SUB0367,CK058,Dinner,pending,159
ORD00369,2026-08-25,SUB0279,CK006,Dinner,DELIVERED,129
ORD00370,2026-08-25,SUB0027,CK075,Lunch,Delivered,149
ORD00371,2026-08-25,SUB0518,CK090,Lunch,Delivered,179
ORD00372,2026-08-25,SUB0266,CK044,Dinner,Delivered,99
ORD00373,2026-08-25,SUB0045,CK060,Lunch,pending,159
ORD00374,2026-08-25,SUB0053,CK027,Lunch,Delivered,159
ORD00375,2026-08-25,SUB0323,CK084,Lunch,Pending,99
ORD00376,2026-08-25,SUB0229,CK054,Dinner,Delivered,120
ORD00377,2026-08-25,SUB0504,CK087,Lunch,Delivered,159
ORD00378,2026-08-25,SUB0135,CK052,Dinner,In Progress,120
ORD00379,2026-08-25,SUB0526,CK091,Dinner,Pending,99
ORD00380,2026-08-25,SUB0371,CK020,Dinner,Delivered,179
ORD00381,2026-08-25,SUB0254,CK003,Dinner,Delivered,159
ORD00382,2026-08-25,SUB0366,CK004,Lunch,delivered,99
ORD00383,2026-08-25,SUB0046,CK050,Dinner,in-progress,149
ORD00384,2026-08-25,SUB0252,CK025,Dinner,delivered,149
ORD00385,2026-08-25,SUB0508,CK087,Lunch,DELIVERED,149
ORD00386,2026-08-25,SUB0418,CK018,Dinner,Delivered,129
ORD00387,2026-08-25,SUB0399,CK084,Lunch,DELIVERED,149
ORD00388,2026-08-25,SUB0328,CK040,Dinner,Delivered,120
ORD00389,2026-08-25,SUB0176,CK061,Dinner,delivered,120
ORD00390,2026-08-25,SUB0493,CK080,Dinner,Delivered,179
ORD00391,2026-08-25,SUB0341,CK040,Lunch,Delivered,179
ORD00392,2026-08-25,SUB0463,CK060,Lunch,Delivered,129
ORD00393,2026-08-25,SUB0516,CK088,Lunch,delivered,120
ORD00394,2026-08-25,SUB0416,CK050,Dinner,Delivered,149
ORD00395,2026-08-25,SUB0127,CK083,Dinner,Delivered,129
ORD00396,2026-08-25,SUB0470,CK075,Dinner,Delivered,149
ORD00397,2026-08-25,SUB0044,CK020,Dinner,cancelled,129
ORD00398,2026-08-25,SUB0236,CK076,Dinner,Delivered,149
ORD00399,2026-08-25,SUB0382,CK075,Dinner,Cancelled - Cook Unavailable,99
ORD00400,2026-08-25,SUB0288,CK009,Lunch,delivered,199
ORD00401,2026-08-25,SUB0199,CK075,Dinner,delivered,159
ORD00402,2026-08-25,SUB0411,CK062,Dinner,No Show,99
ORD00403,25/08/2026,SUB0308,CK020,Lunch,delivered,99
ORD00404,2026-08-25,SUB0241,CK051,Lunch,Completed,199
ORD00405,2026-08-25,SUB0122,CK023,Dinner,Completed,199
ORD00406,2026-08-25,SUB0138,CK057,Dinner,Refunded,129
ORD00407,2026-08-25,SUB0129,CK057,Lunch,pending,120
ORD00408,2026-08-25,SUB0139,CK023,Lunch,DELIVERED,99
ORD00409,2026-08-25,SUB0344,CK055,Dinner,in-progress,149
ORD00410,2026-08-25,SUB0197,CK037,Dinner,Delivered,120
ORD00411,2026-08-25,SUB0014,CK065,Lunch,cancelled,179
ORD00412,2026-08-25,SUB0230,CK075,Dinner,Delivered,99
ORD00413,2026-08-25,SUB0481,CK045,Dinner,Cancelled,129
ORD00414,2026-08-25,SUB0164,CK050,Lunch,Delivered,120
ORD00415,2026-08-25,SUB0498,CK086,Dinner,In Progress,120
ORD00416,2026-08-25,SUB0010,CK014,Dinner,Delivered,179
ORD00417,2026-08-25,SUB0495,CK086,Dinner,DELIVERED,129
ORD00418,2026-08-25,SUB0239,CK065,Dinner,Delivered,149
ORD00419,2026-08-25,SUB0172,CK045,Lunch,delivered,149
ORD00420,2026-08-25,SUB0319,CK047,Lunch,Delivered,129
ORD00421,2026-08-25,SUB0224,CK058,Dinner,Delivered,99
ORD00422,2026-08-25,SUB0331,CK062,Lunch,CANCELLED,199
ORD00423,2026-08-25,SUB0325,CK023,Lunch,delivered,179
ORD00424,2026-08-25,SUB0099,CK070,Dinner,Completed,99
ORD00425,2026-08-25,SUB0267,CK071,Dinner,delivered,120
ORD00426,25/08/2026,SUB0257,CK069,Lunch,DELIVERED,129
ORD00427,2026-08-25,SUB0262,CK042,Lunch,Delivered,179
ORD00428,2026-08-25,SUB0336,CK040,Dinner,delivered,199
ORD00429,2026-08-25,SUB0338,CK050,Lunch,Delivered,179
ORD00430,2026-08-25,SUB0468,CK002,Dinner,In Progress,199
ORD00431,25/08/2026,SUB0058,CK047,Lunch,Delivered,129
ORD00432,2026-08-25,SUB0264,CK015,Lunch,Delivered,179
ORD00433,2026-08-25,SUB0185,CK074,Lunch,delivered,149
ORD00434,2026-08-25,SUB0110,CK079,Dinner,Delivered,159
ORD00435,2026-08-25,SUB0287,CK069,Lunch,Completed,199
ORD00436,2026-08-25,SUB0410,CK074,Dinner,Delivered,129
ORD00437,2026-08-25,SUB0397,CK064,Dinner,Delivered,129
ORD00438,2026-08-25,SUB0102,CK084,Dinner,delivered,199
ORD00439,2026-08-25,SUB0487,CK051,Dinner,CANCELLED,199
ORD00440,2026-08-25,SUB0155,CK009,Lunch,In Progress,99
ORD00441,2026-08-25,SUB0212,CK078,Dinner,Completed,129
ORD00442,2026-08-25,SUB0066,CK021,Dinner,delivered,159
ORD00443,2026-08-25,SUB0190,CK002,Lunch,Delivered,149
ORD00444,2026-08-25,SUB0532,CK092,Dinner,Cancelled,99
ORD00445,2026-08-25,SUB0496,CK086,Dinner,DELIVERED,159
ORD00446,2026-08-25,SUB0201,CK062,Dinner,delivered,199
ORD00447,2026-08-25,SUB0223,CK040,Lunch,In Progress,129
ORD00448,2026-08-25,SUB0067,CK074,Dinner,DELIVERED,199
ORD00449,2026-08-25,SUB0506,CK087,Dinner,Pending,199
ORD00450,2026-08-25,SUB0503,CK086,Lunch,Delivered,199
ORD00451,2026-08-25,SUB0303,CK057,Dinner,delivered,99
ORD00452,2026-08-25,SUB0477,CK024,Lunch,Delivered,129
ORD00453,2026-08-25,SUB0083,CK003,Lunch,Delivered,179
ORD00454,2026-08-25,SUB0103,CK017,Dinner,DELIVERED,159
ORD00455,2026-08-25,SUB0403,CK013,Lunch,delivered,120
ORD00456,2026-08-25,SUB0036,CK032,Dinner,delivered,149
ORD00457,2026-08-25,SUB0261,CK083,Lunch,delivered,199
ORD00458,2026-08-25,SUB0180,CK049,Dinner,Delivered,120
ORD00459,2026-08-25,SUB0128,CK051,Dinner,delivered,149
ORD00460,2026-08-25,SUB0283,CK020,Dinner,delivered,159
ORD00461,2026-08-26,SUB0482,CK068,Dinner,cancelled,120
ORD00462,2026-08-26,SUB0160,CK032,Dinner,pending,149
ORD00463,2026-08-26,SUB0035,CK081,Lunch,delivered,159
ORD00464,26/08/2026,SUB0290,CK047,Lunch,Delivered,149
ORD00465,2026-08-26,SUB0112,CK046,Lunch,delivered,159
ORD00466,2026-08-26,SUB0397,CK064,Dinner,Delivered,179
ORD00467,26/08/2026,SUB0077,CK081,Dinner,Pending,129
ORD00468,2026-08-26,SUB0442,CK019,Lunch,delivered,149
ORD00469,2026-08-26,SUB0311,CK038,Lunch,Delivered,199
ORD00470,2026-08-26,SUB0518,CK090,Lunch,cancelled,159
ORD00471,2026-08-26,SUB0202,CK064,Lunch,Delivered,159
ORD00472,2026-08-26,SUB0114,CK046,Lunch,Cancelled,120
ORD00473,2026-08-26,SUB0407,CK054,Dinner,delivered,120
ORD00474,2026-08-26,SUB0200,CK061,Lunch,Delivered,149
ORD00475,2026-08-26,SUB0024,CK003,Lunch,In Progress,149
ORD00476,2026-08-26,SUB0519,CK090,Lunch,Cancelled,149
ORD00477,2026-08-26,SUB0382,CK075,Dinner,Completed,99
ORD00478,2026-08-26,SUB0467,CK012,Lunch,Delivered,129
ORD00479,2026-08-26,SUB0209,CK045,Dinner,Delivered,120
ORD00480,2026-08-26,SUB0107,CK047,Lunch,cancelled,99
ORD00481,2026-08-26,SUB0172,CK045,Lunch,cancelled,179
ORD00482,2026-08-26,SUB0246,CK023,Dinner,cancelled,120
ORD00483,2026-08-26,SUB0125,CK067,Lunch,Delivered,179
ORD00484,2026-08-26,SUB0182,CK044,Lunch,pending,159
ORD00485,2026-08-26,SUB0303,CK057,Dinner,DELIVERED,159
ORD00486,2026-08-26,SUB0302,CK043,Lunch,delivered,179
ORD00487,2026-08-26,SUB0071,CK023,Lunch,Delivered,129
ORD00488,2026-08-26,SUB0531,CK092,Lunch,Pending,179
ORD00489,2026-08-26,SUB0504,CK087,Dinner,delivered,129
ORD00490,2026-08-26,SUB0378,CK072,Lunch,delivered,149
ORD00491,2026-08-26,SUB0278,CK079,Dinner,Delivered,199
ORD00492,2026-08-26,SUB0235,CK004,Lunch,DELIVERED,159
ORD00493,2026-08-26,SUB0360,CK059,Lunch,CANCELLED,99
ORD00494,2026-08-26,SUB0399,CK084,Lunch,Delivered,129
ORD00495,2026-08-26,SUB0192,CK075,Lunch,Cook No-Show,129
ORD00496,2026-08-26,SUB0168,CK032,Dinner,delivered,179
ORD00497,2026-08-26,SUB0130,CK057,Lunch,Pending,120
ORD00498,2026-08-26,SUB0258,CK014,Lunch,Delivered,120
ORD00499,2026-08-26,SUB0331,CK062,Lunch,Cook No-Show,120
ORD00500,2026-08-26,SUB0316,CK014,Dinner,Delivered,129
ORD00501,2026-08-26,SUB0204,CK084,Dinner,In Progress,199
ORD00502,2026-08-26,SUB0405,CK006,Lunch,Delivered,179
ORD00503,2026-08-26,SUB0349,CK028,Dinner,DELIVERED,120
ORD00504,2026-08-26,SUB0370,CK010,Lunch,pending,120
ORD00505,2026-08-26,SUB0244,CK045,Dinner,DELIVERED,129
ORD00506,2026-08-26,SUB0240,CK010,Lunch,No Show,159
ORD00507,2026-08-26,SUB0051,CK032,Dinner,cancelled,149
ORD00508,2026-08-26,SUB0170,CK032,Dinner,Delivered,179
ORD00509,2026-08-26,SUB0067,CK074,Dinner,Completed,159
ORD00510,2026-08-26,SUB0273,CK052,Dinner,Refunded,199
ORD00511,2026-08-26,SUB0086,CK036,Dinner,delivered,179
ORD00512,2026-08-26,SUB0201,CK062,Dinner,delivered,149
ORD00513,2026-08-26,SUB0109,CK038,Dinner,pending,129
ORD00514,2026-08-26,SUB0347,CK023,Lunch,in-progress,99
ORD00515,2026-08-26,SUB0108,CK068,Dinner,Delivered,159
ORD00516,2026-08-26,SUB0374,CK077,Lunch,delivered,199
ORD00517,2026-08-26,SUB0426,CK055,Dinner,Refunded,120
ORD00518,2026-08-26,SUB0197,CK037,Dinner,Completed,149
ORD00519,2026-08-26,SUB0135,CK052,Dinner,delivered,149
ORD00520,2026-08-26,SUB0472,CK043,Lunch,In Progress,159
ORD00521,2026-08-26,SUB0453,CK072,Lunch,Delivered,149
ORD00522,2026-08-26,SUB0141,CK079,Lunch,delivered,99
ORD00523,2026-08-26,SUB0477,CK024,Lunch,Delivered,129
ORD00524,2026-08-26,SUB0262,CK042,Dinner,pending,159
ORD00525,2026-08-26,SUB0084,CK023,Dinner,Delivered,159
ORD00526,2026-08-26,SUB0395,CK023,Dinner,Delivered,149
ORD00527,2026-08-26,SUB0385,CK012,Lunch,pending,179
ORD00528,2026-08-26,SUB0422,CK052,Dinner,Delivered,129
ORD00529,2026-08-26,SUB0328,CK040,Dinner,cancelled,99
ORD00530,2026-08-26,SUB0427,CK058,Dinner,DELIVERED,120
ORD00531,2026-08-26,SUB0144,CK023,Lunch,Delivered,159
ORD00532,2026-08-26,SUB0049,CK013,Dinner,Delivered,99
ORD00533,2026-08-26,SUB0458,CK045,Dinner,Delivered,120
ORD00534,2026-08-26,SUB0043,CK032,Dinner,Completed,199
ORD00535,2026-08-26,SUB0381,CK018,Dinner,refunded,159
ORD00536,2026-08-26,SUB0279,CK006,Dinner,Delivered,129
ORD00537,2026-08-26,SUB0487,CK051,Dinner,in-progress,199
ORD00538,2026-08-26,SUB0345,CK060,Lunch,Delivered,129
ORD00539,2026-08-26,SUB0432,CK046,Lunch,Pending,99
ORD00540,2026-08-26,SUB0372,CK056,Dinner,Delivered,129
ORD00541,2026-08-26,SUB0309,CK076,Lunch,delivered,149
ORD00542,2026-08-26,SUB0250,CK070,Dinner,Delivered,99
ORD00543,2026-08-26,SUB0418,CK018,Dinner,Delivered,179
ORD00544,2026-08-26,SUB0054,CK069,Dinner,cancelled,129
ORD00545,2026-08-26,SUB0514,CK088,Lunch,Delivered,120
ORD00546,2026-08-26,SUB0269,CK052,Dinner,refunded,159
ORD00547,2026-08-26,SUB0215,CK019,Dinner,Delivered,129
ORD00548,2026-08-26,SUB0069,CK027,Dinner,Delivered,199
ORD00549,2026-08-26,SUB0362,CK069,Dinner,Cancelled,199
ORD00550,2026-08-26,SUB0457,CK036,Dinner,DELIVERED,149
ORD00551,2026-08-26,SUB0053,CK027,Lunch,Delivered,120
ORD00552,2026-08-26,SUB0229,CK054,Dinner,Completed,99
ORD00553,2026-08-26,SUB0036,CK032,Dinner,pending,179
ORD00554,2026-08-26,SUB0443,CK021,Dinner,delivered,149
ORD00555,2026-08-26,SUB0178,CK027,Lunch,DELIVERED,159
ORD00556,2026-08-26,SUB0214,CK008,Dinner,Delivered,159
ORD00557,2026-08-26,SUB0529,CK092,Lunch,DELIVERED,159
ORD00558,2026-08-26,SUB0145,CK081,Lunch,Delivered,149
ORD00559,2026-08-26,SUB0013,CK040,Dinner,No Show,199
ORD00560,2026-08-26,SUB0123,CK002,Lunch,Delivered,159
ORD00561,2026-08-26,SUB0075,CK010,Dinner,Delivered,179
ORD00562,26/08/2026,SUB0037,CK031,Lunch,Delivered,179
ORD00563,2026-08-26,SUB0387,CK071,Lunch,Completed,129
ORD00564,2026-08-26,SUB0288,CK009,Lunch,delivered,179
ORD00565,2026-08-26,SUB0137,CK051,Dinner,delivered,129
ORD00566,2026-08-26,SUB0436,CK067,Lunch,DELIVERED,149
ORD00567,2026-08-26,SUB0495,CK086,Dinner,Delivered,179
ORD00568,2026-08-26,SUB0098,CK069,Lunch,pending,129
ORD00569,2026-08-26,SUB0511,CK087,Lunch,Pending,149
ORD00570,2026-08-26,SUB0016,CK061,Dinner,Pending,129
ORD00571,2026-08-26,SUB0076,CK077,Dinner,Delivered,120
ORD00572,2026-08-26,SUB0113,CK004,Dinner,delivered,179
ORD00573,2026-08-26,SUB0421,CK079,Lunch,Delivered,129
ORD00574,2026-08-26,SUB0164,CK050,Lunch,In Progress,179
ORD00575,2026-08-26,SUB0490,CK050,Dinner,Delivered,179
ORD00576,2026-08-26,SUB0153,CK057,Lunch,Delivered,99
ORD00577,2026-08-26,SUB0351,CK036,Lunch,Delivered,149
ORD00578,2026-08-26,SUB0180,CK049,Dinner,Completed,179
ORD00579,2026-08-26,SUB0248,CK069,Lunch,Refunded,199
ORD00580,2026-08-26,SUB0081,CK036,Lunch,Delivered,99
ORD00581,2026-08-26,SUB0242,CK040,Lunch,DELIVERED,199
ORD00582,2026-08-26,SUB0330,CK004,Dinner,cancelled,129
ORD00583,2026-08-26,SUB0085,CK017,Lunch,Delivered,149
ORD00584,2026-08-26,SUB0377,CK041,Lunch,Delivered,159
ORD00585,2026-08-26,SUB0524,CK091,Lunch,Cancelled,99
ORD00586,2026-08-26,SUB0455,CK014,Dinner,Delivered,120
ORD00587,2026-08-26,SUB0157,CK052,Lunch,Completed,120
ORD00588,2026-08-26,SUB0118,CK002,Dinner,Pending,179
ORD00589,2026-08-26,SUB0072,CK074,Dinner,Pending,179
ORD00590,2026-08-26,SUB0505,CK087,Lunch,Delivered,129
ORD00591,2026-08-26,SUB0454,CK003,Dinner,Delivered,159
ORD00592,2026-08-26,SUB0326,CK058,Dinner,delivered,179
ORD00593,2026-08-26,SUB0494,CK014,Dinner,Pending,99
ORD00594,2026-08-26,SUB0169,CK046,Dinner,delivered,199
ORD00595,2026-08-26,SUB0327,CK051,Dinner,Delivered,179
ORD00596,2026-08-26,SUB0369,CK070,Lunch,Completed,99
ORD00597,2026-08-26,SUB0158,CK027,Dinner,Completed,149
ORD00598,2026-08-26,SUB0025,CK068,Lunch,Refunded,179
ORD00599,2026-08-26,SUB0044,CK020,Lunch,In Progress,149
ORD00600,2026-08-26,SUB0428,CK048,Lunch,Delivered,159
ORD00601,2026-08-26,SUB0366,CK004,Lunch,Completed,159
ORD00602,2026-08-26,SUB0090,CK050,Lunch,Delivered,129
ORD00603,2026-08-26,SUB0315,CK036,Dinner,Completed,149
ORD00604,2026-08-26,SUB0186,CK004,Lunch,Delivered,99
ORD00605,2026-08-26,SUB0033,CK020,Lunch,Delivered,129
ORD00606,2026-08-26,SUB0046,CK050,Dinner,Delivered,179
ORD00607,2026-08-26,SUB0456,CK053,Lunch,pending,179
ORD00608,2026-08-26,SUB0276,CK049,Dinner,CANCELLED,120
ORD00609,2026-08-26,SUB0296,CK047,Lunch,Delivered,179
ORD00610,2026-08-26,SUB0425,CK048,Lunch,Refunded,149
ORD00611,26/08/2026,SUB0119,CK079,Lunch,Completed,149
ORD00612,2026-08-26,SUB0216,CK077,Lunch,Delivered,120
ORD00613,2026-08-26,SUB0479,CK052,Dinner,Delivered,159
ORD00614,2026-08-26,SUB0431,CK017,Lunch,delivered,149
ORD00615,2026-08-26,SUB0175,CK071,Lunch,DELIVERED,199
ORD00616,2026-08-26,SUB0521,CK090,Lunch,Delivered,159
ORD00617,2026-08-26,SUB0028,CK062,Dinner,Refunded,99
ORD00618,2026-08-26,SUB0134,CK057,Dinner,delivered,179
ORD00619,2026-08-26,SUB0127,CK083,Dinner,delivered,129
ORD00620,2026-08-26,SUB0359,CK012,Dinner,delivered,99
ORD00621,2026-08-26,SUB0491,CK044,Dinner,Delivered,199
ORD00622,2026-08-26,SUB0020,CK061,Lunch,Completed,179
ORD00623,2026-08-26,SUB0289,CK029,Lunch,Cook No-Show,120
ORD00624,2026-08-26,SUB0459,CK049,Lunch,Delivered,120
ORD00625,2026-08-26,SUB0308,CK020,Lunch,cancelled,99
ORD00626,2026-08-26,SUB0281,CK061,Dinner,CANCELLED,199
ORD00627,2026-08-26,SUB0206,CK065,Dinner,DELIVERED,99
ORD00628,2026-08-26,SUB0483,CK013,Lunch,Pending,199
ORD00629,26/08/2026,SUB0291,CK048,Lunch,Delivered,149
ORD00630,2026-08-26,SUB0268,CK068,Dinner,Completed,120
ORD00631,2026-08-26,SUB0183,CK024,Dinner,pending,149
ORD00632,2026-08-26,SUB0225,CK051,Dinner,DELIVERED,159
ORD00633,2026-08-26,SUB0493,CK080,Dinner,cook no show,149
ORD00634,2026-08-26,SUB0023,CK070,Dinner,Cancelled,199
ORD00635,2026-08-26,SUB0486,CK010,Lunch,Completed,120
ORD00636,2026-08-26,SUB0286,CK046,Dinner,Cancelled - Cook Unavailable,199
ORD00637,2026-08-26,SUB0313,CK081,Lunch,DELIVERED,149
ORD00638,2026-08-26,SUB0026,CK082,Dinner,Delivered,159
ORD00639,2026-08-26,SUB0222,CK036,Dinner,Refunded,159
ORD00640,2026-08-26,SUB0462,CK044,Dinner,Delivered,199
ORD00641,2026-08-26,SUB0517,CK090,Dinner,Pending,179
ORD00642,2026-08-26,SUB0343,CK015,Dinner,Delivered,179
ORD00643,2026-08-26,SUB0163,CK029,Dinner,Delivered,179
ORD00644,2026-08-26,SUB0110,CK079,Dinner,delivered,159
ORD00645,2026-08-26,SUB0217,CK019,Lunch,DELIVERED,129
ORD00646,2026-08-26,SUB0031,CK018,Lunch,Delivered,159
ORD00647,2026-08-26,SUB0344,CK055,Dinner,Pending,179
ORD00648,2026-08-26,SUB0117,CK014,Dinner,delivered,179
ORD00649,2026-08-26,SUB0307,CK026,Lunch,pending,149
ORD00650,2026-08-26,SUB0021,CK054,Dinner,Refunded,149
ORD00651,2026-08-26,SUB0079,CK021,Lunch,Delivered,149
ORD00652,2026-08-26,SUB0095,CK037,Dinner,DELIVERED,99
ORD00653,2026-08-26,SUB0321,CK044,Dinner,Completed,120
ORD00654,2026-08-26,SUB0470,CK075,Dinner,CANCELLED,149
ORD00655,2026-08-26,SUB0011,CK037,Lunch,Delivered,199
ORD00656,2026-08-26,SUB0224,CK058,Lunch,Delivered,120
ORD00657,2026-08-26,SUB0014,CK065,Lunch,Completed,179
ORD00658,2026-08-26,SUB0096,CK077,Dinner,Pending,199
ORD00659,2026-08-26,SUB0129,CK057,Lunch,delivered,99
ORD00660,2026-08-26,SUB0353,CK046,Dinner,delivered,159
ORD00661,2026-08-26,SUB0406,CK004,Lunch,Delivered,199
ORD00662,2026-08-26,SUB0476,CK010,Lunch,Delivered,149
ORD00663,2026-08-26,SUB0103,CK017,Dinner,Delivered,179
ORD00664,2026-08-26,SUB0008,CK083,Dinner,CANCELLED,120
ORD00665,2026-08-26,SUB0234,CK049,Lunch,Delivered,99
ORD00666,2026-08-26,SUB0277,CK024,Dinner,delivered,179
ORD00667,2026-08-26,SUB0464,CK071,Lunch,Delivered,129
ORD00668,2026-08-26,SUB0510,CK087,Dinner,DELIVERED,199
ORD00669,2026-08-26,SUB0444,CK025,Dinner,Delivered,99
ORD00670,2026-08-26,SUB0358,CK012,Dinner,Completed,179
ORD00671,2026-08-26,SUB0126,CK083,Lunch,DELIVERED,159
ORD00672,2026-08-26,SUB0465,CK067,Dinner,Delivered,149
ORD00673,2026-08-26,SUB0232,CK045,Dinner,Delivered,149
ORD00674,2026-08-26,SUB0384,CK058,Dinner,Cancelled,129
ORD00675,2026-08-26,SUB0515,CK088,Lunch,delivered,199
ORD00676,2026-08-26,SUB0128,CK051,Dinner,delivered,179
ORD00677,2026-08-26,SUB0499,CK086,Lunch,Delivered,199
ORD00678,2026-08-26,SUB0420,CK008,Lunch,delivered,179
ORD00679,2026-08-26,SUB0101,CK018,Lunch,Pending,120
ORD00680,2026-08-26,SUB0323,CK084,Lunch,Delivered,179
ORD00681,2026-08-26,SUB0532,CK092,Dinner,delivered,99
ORD00682,2026-08-26,SUB0357,CK008,Lunch,DELIVERED,179
ORD00683,2026-08-26,SUB0243,CK011,Lunch,Cancelled,120
ORD00684,2026-08-26,SUB0484,CK084,Dinner,Delivered,159
ORD00685,2026-08-26,SUB0265,CK036,Dinner,Refunded,149
ORD00686,2026-08-26,SUB0338,CK050,Lunch,Refunded,99
ORD00687,2026-08-26,SUB0228,CK075,Lunch,DELIVERED,199
ORD00688,2026-08-26,SUB0211,CK012,Dinner,Pending,99
ORD00689,2026-08-26,SUB0283,CK020,Dinner,Delivered,149
ORD00690,2026-08-26,SUB0138,CK057,Dinner,Refunded,149
ORD00691,2026-08-27,SUB0032,CK003,Dinner,Pending,179
ORD00692,2026-08-27,SUB0297,CK019,Lunch,Delivered,179
ORD00693,2026-08-27,SUB0129,CK057,Lunch,delivered,149
ORD00694,2026-08-27,SUB0443,CK021,Dinner,DELIVERED,129
ORD00695,2026-08-27,SUB0359,CK012,Dinner,Delivered,159
ORD00696,2026-08-27,SUB0033,CK020,Lunch,Delivered,99
ORD00697,2026-08-27,SUB0184,CK079,Lunch,delivered,199
ORD00698,2026-08-27,SUB0307,CK026,Lunch,Delivered,159
ORD00699,2026-08-27,SUB0411,CK062,Dinner,delivered,149
ORD00700,2026-08-27,SUB0322,CK017,Dinner,delivered,120
ORD00701,2026-08-27,SUB0020,CK061,Lunch,cancelled,199
ORD00702,2026-08-27,SUB0405,CK006,Lunch,DELIVERED,179
ORD00703,2026-08-27,SUB0485,CK058,Dinner,Delivered,199
ORD00704,2026-08-27,SUB0198,CK058,Dinner,delivered,99
ORD00705,2026-08-27,SUB0324,CK032,Lunch,Delivered,159
ORD00706,2026-08-27,SUB0344,CK055,Dinner,Delivered,179
ORD00707,2026-08-27,SUB0398,CK003,Lunch,refunded,129
ORD00708,2026-08-27,SUB0416,CK050,Dinner,Delivered,120
ORD00709,2026-08-27,SUB0182,CK044,Lunch,in-progress,99
ORD00710,2026-08-27,SUB0219,CK027,Dinner,DELIVERED,129
ORD00711,2026-08-27,SUB0172,CK045,Lunch,Delivered,149
ORD00712,2026-08-27,SUB0385,CK012,Lunch,Pending,159
ORD00713,2026-08-27,SUB0389,CK038,Lunch,delivered,120
ORD00714,2026-08-27,SUB0508,CK087,Lunch,Completed,129
ORD00715,2026-08-27,SUB0010,CK014,Dinner,DELIVERED,129
ORD00716,2026-08-27,SUB0212,CK078,Lunch,refunded,179
ORD00717,2026-08-27,SUB0095,CK037,Lunch,Delivered,159
ORD00718,2026-08-27,SUB0298,CK060,Dinner,delivered,179
ORD00719,2026-08-27,SUB0361,CK047,Dinner,Delivered,129
ORD00720,2026-08-27,SUB0274,CK046,Dinner,Cancelled,99
ORD00721,2026-08-27,SUB0513,CK088,Lunch,Delivered,199
ORD00722,2026-08-27,SUB0473,CK050,Dinner,Delivered,129
ORD00723,2026-08-27,SUB0437,CK038,Dinner,Delivered,129
ORD00724,2026-08-27,SUB0155,CK009,Lunch,delivered,120
ORD00725,2026-08-27,SUB0426,CK055,Dinner,Delivered,129
ORD00726,2026-08-27,SUB0164,CK050,Lunch,Completed,99
ORD00727,2026-08-27,SUB0226,CK018,Lunch,delivered,129
ORD00728,2026-08-27,SUB0225,CK051,Dinner,Delivered,179
ORD00729,2026-08-27,SUB0349,CK028,Lunch,delivered,199
ORD00730,2026-08-27,SUB0369,CK070,Dinner,Cancelled,159
ORD00731,2026-08-27,SUB0267,CK071,Dinner,delivered,199
ORD00732,2026-08-27,SUB0090,CK050,Lunch,Cancelled,159
ORD00733,2026-08-27,SUB0519,CK090,Lunch,Delivered,149
ORD00734,2026-08-27,SUB0133,CK061,Lunch,Delivered,179
ORD00735,2026-08-27,SUB0285,CK053,Lunch,Delivered,199
ORD00736,2026-08-27,SUB0056,CK014,Dinner,DELIVERED,120
ORD00737,2026-08-27,SUB0414,CK008,Dinner,Completed,120
ORD00738,2026-08-27,SUB0088,CK032,Lunch,cancelled,199
ORD00739,2026-08-27,SUB0236,CK076,Dinner,pending,149
ORD00740,2026-08-27,SUB0017,CK011,Lunch,Completed,149
ORD00741,2026-08-27,SUB0152,CK023,Dinner,delivered,199
ORD00742,2026-08-27,SUB0222,CK036,Dinner,delivered,120
ORD00743,2026-08-27,SUB0360,CK059,Lunch,delivered,179
ORD00744,2026-08-27,SUB0518,CK090,Lunch,Cancelled,129
ORD00745,2026-08-27,SUB0462,CK044,Dinner,Delivered,179
ORD00746,2026-08-27,SUB0054,CK069,Dinner,Cancelled,159
ORD00747,2026-08-27,SUB0168,CK032,Dinner,Delivered,179
ORD00748,2026-08-27,SUB0121,CK026,Lunch,Completed,199
ORD00749,2026-08-27,SUB0333,CK075,Dinner,Delivered,99
ORD00750,2026-08-27,SUB0260,CK045,Dinner,pending,199
ORD00751,2026-08-27,SUB0514,CK088,Lunch,delivered,179
ORD00752,2026-08-27,SUB0018,CK032,Dinner,Delivered,149
ORD00753,2026-08-27,SUB0041,CK026,Lunch,Delivered,179
ORD00754,2026-08-27,SUB0142,CK014,Dinner,Completed,99
ORD00755,2026-08-27,SUB0510,CK087,Dinner,Delivered,120
ORD00756,2026-08-27,SUB0195,CK002,Dinner,Delivered,159
ORD00757,2026-08-27,SUB0367,CK058,Dinner,Delivered,199
ORD00758,2026-08-27,SUB0086,CK036,Dinner,Delivered,99
ORD00759,2026-08-27,SUB0102,CK084,Dinner,cook_dropout,149
ORD00760,2026-08-27,SUB0132,CK059,Dinner,Delivered,159
ORD00761,2026-08-27,SUB0275,CK055,Dinner,Refunded,179
ORD00762,2026-08-27,SUB0080,CK075,Lunch,Completed,159
ORD00763,2026-08-27,SUB0499,CK086,Lunch,cancelled,199
ORD00764,2026-08-27,SUB0321,CK044,Dinner,Delivered,120
ORD00765,2026-08-27,SUB0185,CK074,Lunch,Delivered,120
ORD00766,2026-08-27,SUB0466,CK058,Lunch,CANCELLED,129
ORD00767,2026-08-27,SUB0183,CK024,Lunch,Delivered,179
ORD00768,2026-08-27,SUB0294,CK081,Dinner,Delivered,159
ORD00769,2026-08-27,SUB0083,CK003,Lunch,Delivered,179
ORD00770,2026-08-27,SUB0425,CK048,Lunch,DELIVERED,199
ORD00771,2026-08-27,SUB0158,CK027,Dinner,Delivered,99
ORD00772,2026-08-27,SUB0352,CK020,Lunch,delivered,179
ORD00773,2026-08-27,SUB0378,CK072,Dinner,cancelled,199
ORD00774,2026-08-27,SUB0049,CK013,Dinner,pending,129
ORD00775,2026-08-27,SUB0238,CK080,Dinner,Delivered,149
ORD00776,2026-08-27,SUB0372,CK056,Lunch,Pending,120
ORD00777,2026-08-27,SUB0516,CK088,Lunch,cancelled,129
ORD00778,27/08/2026,SUB0503,CK086,Lunch,Delivered,179
ORD00779,2026-08-27,SUB0306,CK017,Lunch,Delivered,179
ORD00780,2026-08-27,SUB0429,CK047,Dinner,Delivered,179
ORD00781,2026-08-27,SUB0177,CK047,Lunch,Delivered,179
ORD00782,2026-08-27,SUB0480,CK057,Lunch,Cancelled,149
ORD00783,2026-08-27,SUB0203,CK002,Lunch,delivered,129
ORD00784,2026-08-27,SUB0364,CK047,Lunch,in-progress,129
ORD00785,2026-08-27,SUB0013,CK040,Dinner,Completed,99
ORD00786,2026-08-27,SUB0488,CK018,Lunch,Delivered,179
ORD00787,27/08/2026,SUB0278,CK079,Dinner,Delivered,149
ORD00788,2026-08-27,SUB0464,CK071,Lunch,Completed,159
ORD00789,2026-08-27,SUB0348,CK081,Lunch,Completed,159
ORD00790,2026-08-27,SUB0003,CK053,Lunch,Delivered,179
ORD00791,2026-08-27,SUB0280,CK079,Lunch,Completed,120
ORD00792,2026-08-27,SUB0096,CK077,Dinner,Refunded,179
ORD00793,2026-08-27,SUB0253,CK023,Dinner,pending,199
ORD00794,2026-08-27,SUB0472,CK043,Dinner,delivered,149
ORD00795,2026-08-27,SUB0257,CK069,Lunch,Delivered,149
ORD00796,2026-08-27,SUB0407,CK054,Dinner,DELIVERED,129
ORD00797,2026-08-27,SUB0281,CK061,Dinner,Delivered,99
ORD00798,2026-08-27,SUB0214,CK008,Dinner,delivered,199
ORD00799,2026-08-27,SUB0066,CK021,Dinner,DELIVERED,120
ORD00800,2026-08-27,SUB0432,CK046,Lunch,delivered,199
ORD00801,2026-08-27,SUB0261,CK083,Lunch,Cancelled,149
ORD00802,2026-08-27,SUB0391,CK044,Lunch,cancelled,159
ORD00803,2026-08-27,SUB0125,CK067,Dinner,delivered,149
ORD00804,2026-08-27,SUB0355,CK051,Lunch,Delivered,199
ORD00805,2026-08-27,SUB0192,CK075,Lunch,Pending,129
ORD00806,2026-08-27,SUB0031,CK018,Lunch,delivered,159
ORD00807,2026-08-27,SUB0169,CK046,Dinner,Delivered,199
ORD00808,2026-08-27,SUB0458,CK045,Dinner,Delivered,120
ORD00809,2026-08-27,SUB0495,CK086,Dinner,Completed,199
ORD00810,2026-08-27,SUB0351,CK036,Lunch,delivered,159
ORD00811,2026-08-27,SUB0162,CK080,Lunch,Delivered,149
ORD00812,2026-08-27,SUB0269,CK052,Lunch,Pending,149
ORD00813,2026-08-27,SUB0409,CK071,Lunch,Delivered,159
ORD00814,2026-08-27,SUB0042,CK081,Dinner,Completed,99
ORD00815,2026-08-27,SUB0327,CK051,Dinner,In Progress,159
ORD00816,2026-08-27,SUB0027,CK075,Lunch,delivered,149
ORD00817,2026-08-27,SUB0419,CK079,Lunch,Delivered,179
ORD00818,2026-08-27,SUB0334,CK077,Lunch,Delivered,120
ORD00819,2026-08-27,SUB0091,CK060,Lunch,Delivered,129
ORD00820,2026-08-27,SUB0227,CK003,Dinner,in-progress,129
ORD00821,2026-08-27,SUB0076,CK077,Dinner,DELIVERED,149
ORD00822,2026-08-27,SUB0210,CK046,Lunch,Delivered,199
ORD00823,2026-08-27,SUB0131,CK064,Lunch,Delivered,199
ORD00824,2026-08-27,SUB0217,CK019,Lunch,DELIVERED,199
ORD00825,2026-08-27,SUB0100,CK012,Lunch,Completed,149
ORD00826,2026-08-27,SUB0487,CK051,Dinner,Delivered,199
ORD00827,2026-08-27,SUB0252,CK025,Dinner,Delivered,129
ORD00828,2026-08-27,SUB0163,CK029,Lunch,Cancelled,149
ORD00829,2026-08-27,SUB0332,CK076,Dinner,delivered,199
ORD00830,2026-08-27,SUB0381,CK018,Lunch,delivered,129
ORD00831,2026-08-27,SUB0299,CK048,Dinner,Completed,149
ORD00832,2026-08-27,SUB0400,CK036,Dinner,DELIVERED,149
ORD00833,2026-08-27,SUB0482,CK068,Dinner,Completed,99
ORD00834,2026-08-27,SUB0012,CK056,Dinner,Delivered,120
ORD00835,2026-08-27,SUB0067,CK074,Dinner,delivered,99
ORD00836,2026-08-27,SUB0248,CK069,Lunch,Delivered,120
ORD00837,2026-08-27,SUB0439,CK077,Dinner,Cancelled - Cook Unavailable,149
ORD00838,2026-08-27,SUB0442,CK019,Lunch,delivered,129
ORD00839,2026-08-27,SUB0079,CK021,Lunch,delivered,199
ORD00840,2026-08-27,SUB0452,CK035,Dinner,Completed,99
ORD00841,2026-08-27,SUB0246,CK023,Dinner,cancelled,199
ORD00842,2026-08-27,SUB0134,CK057,Lunch,DELIVERED,179
ORD00843,2026-08-27,SUB0209,CK045,Dinner,Delivered,99
ORD00844,2026-08-27,SUB0262,CK042,Lunch,CANCELLED,179
ORD00845,2026-08-27,SUB0383,CK048,Dinner,Delivered,149
ORD00846,2026-08-27,SUB0240,CK010,Lunch,DELIVERED,129
ORD00847,2026-08-27,SUB0436,CK067,Lunch,Delivered,179
ORD00848,2026-08-27,SUB0077,CK081,Dinner,Pending,179
ORD00849,2026-08-27,SUB0492,CK013,Dinner,delivered,149
ORD00850,2026-08-27,SUB0346,CK004,Dinner,Delivered,149
ORD00851,2026-08-27,SUB0484,CK084,Dinner,Delivered,129
ORD00852,2026-08-27,SUB0434,CK017,Lunch,delivered,199
ORD00853,2026-08-27,SUB0403,CK013,Lunch,Delivered,149
ORD00854,2026-08-27,SUB0082,CK045,Lunch,refunded,159
ORD00855,2026-08-27,SUB0098,CK069,Lunch,Delivered,159
ORD00856,2026-08-27,SUB0504,CK087,Lunch,Delivered,159
ORD00857,2026-08-27,SUB0025,CK068,Lunch,delivered,199
ORD00858,2026-08-27,SUB0038,CK005,Lunch,Delivered,179
ORD00859,2026-08-27,SUB0350,CK081,Lunch,Delivered,120
ORD00860,2026-08-27,SUB0170,CK032,Dinner,Cook No-Show,129
ORD00861,2026-08-27,SUB0014,CK065,Dinner,DELIVERED,159
ORD00862,2026-08-27,SUB0065,CK014,Lunch,delivered,199
ORD00863,2026-08-27,SUB0512,CK087,Lunch,Delivered,120
ORD00864,2026-08-27,SUB0526,CK091,Dinner,delivered,179
ORD00865,2026-08-27,SUB0470,CK075,Lunch,In Progress,120
ORD00866,2026-08-27,SUB0002,CK004,Dinner,in-progress,129
ORD00867,2026-08-27,SUB0474,CK081,Lunch,delivered,159
ORD00868,2026-08-27,SUB0055,CK072,Dinner,refunded,149
ORD00869,2026-08-27,SUB0521,CK090,Lunch,delivered,149
ORD00870,2026-08-27,SUB0392,CK070,Lunch,Delivered,129
ORD00871,2026-08-27,SUB0423,CK059,Lunch,Delivered,159
ORD00872,2026-08-27,SUB0190,CK002,Lunch,pending,159
ORD00873,2026-08-27,SUB0530,CK092,Lunch,Delivered,179
ORD00874,2026-08-27,SUB0496,CK086,Dinner,Completed,199
ORD00875,2026-08-27,SUB0370,CK010,Lunch,Completed,159
ORD00876,2026-08-27,SUB0337,CK053,Lunch,Completed,179
ORD00877,27/08/2026,SUB0116,CK084,Lunch,Delivered,149
ORD00878,2026-08-27,SUB0243,CK011,Lunch,delivered,99
ORD00879,2026-08-27,SUB0251,CK004,Dinner,Delivered,149
ORD00880,2026-08-27,SUB0266,CK044,Dinner,Delivered,149
ORD00881,2026-08-27,SUB0178,CK027,Lunch,Delivered,149
ORD00882,27/08/2026,SUB0413,CK062,Dinner,Delivered,199
ORD00883,2026-08-27,SUB0330,CK004,Dinner,DELIVERED,99
ORD00884,2026-08-27,SUB0396,CK046,Dinner,delivered,129
ORD00885,2026-08-27,SUB0486,CK010,Lunch,Delivered,179
ORD00886,2026-08-27,SUB0230,CK075,Dinner,DELIVERED,99
ORD00887,2026-08-27,SUB0150,CK001,Lunch,Completed,120
ORD00888,2026-08-27,SUB0241,CK051,Lunch,Completed,179
ORD00889,2026-08-27,SUB0207,CK053,Lunch,Delivered,179
ORD00890,2026-08-27,SUB0215,CK019,Dinner,in-progress,159
ORD00891,2026-08-27,SUB0373,CK071,Lunch,Delivered,99
ORD00892,2026-08-27,SUB0301,CK084,Lunch,delivered,179
ORD00893,27/08/2026,SUB0223,CK040,Lunch,delivered,120
ORD00894,2026-08-27,SUB0107,CK047,Dinner,Pending,179
ORD00895,2026-08-27,SUB0005,CK063,Lunch,delivered,120
ORD00896,2026-08-27,SUB0490,CK050,Dinner,Delivered,179
ORD00897,2026-08-27,SUB0505,CK087,Lunch,Refunded,199
ORD00898,2026-08-27,SUB0376,CK003,Dinner,in-progress,120
ORD00899,2026-08-27,SUB0204,CK084,Dinner,Completed,199
ORD00900,2026-08-27,SUB0001,CK035,Lunch,delivered,120
ORD00901,2026-08-27,SUB0491,CK044,Dinner,Delivered,120
ORD00902,2026-08-27,SUB0023,CK070,Dinner,Delivered,120
ORD00903,2026-08-27,SUB0176,CK061,Lunch,Delivered,120
ORD00904,2026-08-27,SUB0259,CK020,Lunch,Delivered,179
ORD00905,2026-08-27,SUB0166,CK012,Dinner,delivered,179
ORD00906,2026-08-27,SUB0011,CK037,Lunch,cancelled,159
ORD00907,2026-08-27,SUB0320,CK075,Dinner,Completed,179
ORD00908,2026-08-27,SUB0006,CK032,Dinner,Delivered,149
ORD00909,2026-08-27,SUB0196,CK079,Dinner,Pending,159
ORD00910,2026-08-27,SUB0276,CK049,Dinner,Delivered,149
ORD00911,2026-08-27,SUB0476,CK010,Lunch,CANCELLED,149
ORD00912,2026-08-27,SUB0525,CK091,Lunch,Delivered,129
ORD00913,2026-08-27,SUB0271,CK004,Dinner,Delivered,120
ORD00914,2026-08-27,SUB0094,CK083,Dinner,Completed,129
ORD00915,2026-08-27,SUB0242,CK040,Lunch,Delivered,179
ORD00916,2026-08-27,SUB0427,CK058,Dinner,DELIVERED,149
ORD00917,2026-08-27,SUB0180,CK049,Dinner,Delivered,159
ORD00918,2026-08-27,SUB0402,CK060,Dinner,Refunded,159
ORD00919,2026-08-27,SUB0460,CK053,Lunch,Delivered,149
ORD00920,2026-08-27,SUB0272,CK078,Lunch,Pending,149
ORD00921,2026-08-28,SUB0064,CK024,Dinner,Delivered,120
ORD00922,2026-08-28,SUB0175,CK071,Lunch,In Progress,120
ORD00923,2026-08-28,SUB0296,CK047,Dinner,cancelled,149
ORD00924,2026-08-28,SUB0307,CK026,Lunch,Delivered,179
ORD00925,2026-08-28,SUB0021,CK054,Dinner,Delivered,199
ORD00926,2026-08-28,SUB0366,CK004,Lunch,Completed,199
ORD00927,2026-08-28,SUB0423,CK059,Lunch,Delivered,120
ORD00928,2026-08-28,SUB0194,CK032,Lunch,pending,199
ORD00929,2026-08-28,SUB0079,CK021,Lunch,Delivered,149
ORD00930,2026-08-28,SUB0357,CK008,Lunch,Delivered,179
ORD00931,2026-08-28,SUB0206,CK065,Dinner,delivered,179
ORD00932,2026-08-28,SUB0240,CK010,Lunch,cancelled,149
ORD00933,2026-08-28,SUB0193,CK029,Lunch,Delivered,159
ORD00934,2026-08-28,SUB0469,CK070,Lunch,refunded,179
ORD00935,2026-08-28,SUB0406,CK004,Lunch,DELIVERED,129
ORD00936,2026-08-28,SUB0316,CK014,Dinner,Pending,199
ORD00937,2026-08-28,SUB0219,CK027,Dinner,DELIVERED,129
ORD00938,2026-08-28,SUB0411,CK062,Dinner,delivered,149
ORD00939,2026-08-28,SUB0418,CK018,Dinner,cancelled,159
ORD00940,2026-08-28,SUB0325,CK023,Lunch,CANCELLED,99
ORD00941,2026-08-28,SUB0327,CK051,Dinner,DELIVERED,199
ORD00942,2026-08-28,SUB0393,CK076,Lunch,Delivered,179
ORD00943,2026-08-28,SUB0490,CK050,Dinner,DELIVERED,159
ORD00944,2026-08-28,SUB0224,CK058,Dinner,refunded,99
ORD00945,2026-08-28,SUB0113,CK004,Dinner,Delivered,149
ORD00946,2026-08-28,SUB0086,CK036,Dinner,cancelled,99
ORD00947,2026-08-28,SUB0181,CK018,Dinner,Pending,129
ORD00948,2026-08-28,SUB0209,CK045,Dinner,Completed,129
ORD00949,2026-08-28,SUB0253,CK023,Dinner,delivered,99
ORD00950,2026-08-28,SUB0186,CK004,Lunch,Completed,129
ORD00951,2026-08-28,SUB0399,CK084,Lunch,Delivered,179
ORD00952,28/08/2026,SUB0010,CK014,Dinner,Completed,99
ORD00953,2026-08-28,SUB0259,CK020,Lunch,Delivered,179
ORD00954,2026-08-28,SUB0436,CK067,Lunch,In Progress,149
ORD00955,2026-08-28,SUB0262,CK042,Dinner,cancelled,179
ORD00956,2026-08-28,SUB0297,CK019,Lunch,delivered,159
ORD00957,2026-08-28,SUB0272,CK078,Lunch,Delivered,120
ORD00958,2026-08-28,SUB0116,CK084,Lunch,delivered,129
ORD00959,2026-08-28,SUB0397,CK064,Dinner,delivered,120
ORD00960,2026-08-28,SUB0013,CK040,Dinner,DELIVERED,120
ORD00961,2026-08-28,SUB0038,CK005,Lunch,pending,129
ORD00962,2026-08-28,SUB0314,CK008,Dinner,DELIVERED,129
ORD00963,2026-08-28,SUB0074,CK077,Dinner,Delivered,149
ORD00964,2026-08-28,SUB0322,CK017,Dinner,Completed,199
ORD00965,2026-08-28,SUB0405,CK006,Lunch,Delivered,120
ORD00966,2026-08-28,SUB0302,CK043,Lunch,Completed,149
ORD00967,2026-08-28,SUB0024,CK003,Dinner,Delivered,159
ORD00968,2026-08-28,SUB0414,CK008,Dinner,Cook No-Show,99
ORD00969,2026-08-28,SUB0254,CK003,Dinner,delivered,129
ORD00970,2026-08-28,SUB0288,CK009,Dinner,DELIVERED,120
ORD00971,2026-08-28,SUB0244,CK045,Dinner,cancelled,129
ORD00972,2026-08-28,SUB0182,CK044,Lunch,Delivered,99
ORD00973,2026-08-28,SUB0111,CK036,Lunch,Delivered,199
ORD00974,2026-08-28,SUB0233,CK021,Dinner,Delivered,179
ORD00975,2026-08-28,SUB0521,CK090,Dinner,delivered,129
ORD00976,2026-08-28,SUB0198,CK058,Dinner,delivered,159
ORD00977,2026-08-28,SUB0300,CK037,Dinner,pending,179
ORD00978,2026-08-28,SUB0247,CK006,Dinner,Delivered,129
ORD00979,2026-08-28,SUB0505,CK087,Lunch,delivered,99
ORD00980,2026-08-28,SUB0499,CK086,Lunch,Delivered,129
ORD00981,2026-08-28,SUB0127,CK083,Dinner,Pending,159
ORD00982,2026-08-28,SUB0261,CK083,Lunch,Delivered,179
ORD00983,2026-08-28,SUB0355,CK051,Lunch,delivered,120
ORD00984,2026-08-28,SUB0518,CK090,Lunch,Delivered,99
ORD00985,2026-08-28,SUB0292,CK047,Dinner,delivered,99
ORD00986,2026-08-28,SUB0016,CK061,Dinner,delivered,99
ORD00987,2026-08-28,SUB0526,CK091,Dinner,pending,99
ORD00988,2026-08-28,SUB0208,CK012,Dinner,Pending,129
ORD00989,2026-08-28,SUB0290,CK047,Lunch,Delivered,149
ORD00990,2026-08-28,SUB0205,CK005,Dinner,Delivered,99
ORD00991,2026-08-28,SUB0419,CK079,Lunch,Delivered,149
ORD00992,2026-08-28,SUB0306,CK017,Lunch,Delivered,159
ORD00993,2026-08-28,SUB0279,CK006,Dinner,DELIVERED,99
ORD00994,2026-08-28,SUB0330,CK004,Dinner,Delivered,149
ORD00995,2026-08-28,SUB0134,CK057,Lunch,Delivered,199
ORD00996,2026-08-28,SUB0477,CK024,Lunch,Delivered,129
ORD00997,2026-08-28,SUB0258,CK014,Dinner,delivered,149
ORD00998,2026-08-28,SUB0488,CK018,Lunch,Delivered,159
ORD00999,2026-08-28,SUB0372,CK056,Lunch,Delivered,129
ORD01000,2026-08-28,SUB0317,CK055,Lunch,Completed,159
ORD01001,2026-08-28,SUB0530,CK092,Lunch,Delivered,149
ORD01002,2026-08-28,SUB0061,CK042,Lunch,Delivered,99
ORD01003,2026-08-28,SUB0410,CK074,Lunch,Pending,99
ORD01004,2026-08-28,SUB0321,CK044,Dinner,delivered,149
ORD01005,2026-08-28,SUB0382,CK075,Dinner,Delivered,120
ORD01006,2026-08-28,SUB0140,CK013,Dinner,delivered,179
ORD01007,2026-08-28,SUB0431,CK017,Dinner,Completed,129
ORD01008,2026-08-28,SUB0439,CK077,Lunch,Delivered,149
ORD01009,2026-08-28,SUB0135,CK052,Dinner,Delivered,99
ORD01010,2026-08-28,SUB0146,CK044,Lunch,Cancelled,149
ORD01011,2026-08-28,SUB0452,CK035,Dinner,delivered,99
ORD01012,2026-08-28,SUB0402,CK060,Dinner,Delivered,120
ORD01013,2026-08-28,SUB0162,CK080,Lunch,No Show,199
ORD01014,2026-08-28,SUB0160,CK032,Lunch,in-progress,120
ORD01015,2026-08-28,SUB0337,CK053,Lunch,DELIVERED,120
ORD01016,2026-08-28,SUB0474,CK081,Dinner,Delivered,129
ORD01017,2026-08-28,SUB0428,CK048,Lunch,Cancelled,179
ORD01018,2026-08-28,SUB0020,CK061,Lunch,Completed,99
ORD01019,2026-08-28,SUB0014,CK065,Dinner,delivered,149
ORD01020,2026-08-28,SUB0444,CK025,Dinner,CANCELLED,159
ORD01021,2026-08-28,SUB0497,CK086,Dinner,cancelled,129
ORD01022,2026-08-28,SUB0339,CK079,Lunch,Delivered,120
ORD01023,2026-08-28,SUB0141,CK079,Lunch,Delivered,129
ORD01024,2026-08-28,SUB0177,CK047,Lunch,pending,179
ORD01025,2026-08-28,SUB0176,CK061,Lunch,In Progress,129
ORD01026,2026-08-28,SUB0491,CK044,Dinner,Delivered,179
ORD01027,2026-08-28,SUB0108,CK068,Dinner,Delivered,159
ORD01028,2026-08-28,SUB0460,CK053,Lunch,cancelled,120
ORD01029,2026-08-28,SUB0287,CK069,Lunch,in-progress,99
ORD01030,2026-08-28,SUB0104,CK018,Lunch,delivered,99
ORD01031,2026-08-28,SUB0235,CK004,Lunch,delivered,159
ORD01032,2026-08-28,SUB0041,CK026,Dinner,DELIVERED,120
ORD01033,2026-08-28,SUB0103,CK017,Dinner,Completed,149
ORD01034,2026-08-28,SUB0456,CK053,Dinner,Delivered,199
ORD01035,2026-08-28,SUB0359,CK012,Dinner,Cancelled,199
ORD01036,2026-08-28,SUB0201,CK062,Dinner,Pending,99
ORD01037,2026-08-28,SUB0231,CK011,Dinner,cancelled,129
ORD01038,2026-08-28,SUB0053,CK027,Dinner,delivered,129
ORD01039,2026-08-28,SUB0170,CK032,Lunch,pending,199
ORD01040,2026-08-28,SUB0211,CK012,Dinner,Delivered,149
ORD01041,2026-08-28,SUB0389,CK038,Lunch,DELIVERED,129
ORD01042,2026-08-28,SUB0334,CK077,Lunch,delivered,129
ORD01043,2026-08-28,SUB0109,CK038,Lunch,delivered,99
ORD01044,2026-08-28,SUB0085,CK017,Lunch,delivered,199
ORD01045,2026-08-28,SUB0243,CK011,Lunch,Delivered,159
ORD01046,2026-08-28,SUB0345,CK060,Dinner,Cancelled,199
ORD01047,2026-08-28,SUB0133,CK061,Lunch,delivered,179
ORD01048,2026-08-28,SUB0527,CK091,Lunch,DELIVERED,149
ORD01049,2026-08-28,SUB0172,CK045,Lunch,cancelled,129
ORD01050,2026-08-28,SUB0137,CK051,Dinner,delivered,199
ORD01051,2026-08-28,SUB0377,CK041,Lunch,delivered,179
ORD01052,2026-08-28,SUB0138,CK057,Dinner,Delivered,159
ORD01053,2026-08-28,SUB0082,CK045,Lunch,Completed,149
ORD01054,2026-08-28,SUB0008,CK083,Dinner,Completed,99
ORD01055,2026-08-28,SUB0421,CK079,Lunch,Completed,149
ORD01056,2026-08-28,SUB0311,CK038,Lunch,delivered,179
ORD01057,2026-08-28,SUB0093,CK041,Dinner,Cancelled,179
ORD01058,2026-08-28,SUB0283,CK020,Dinner,delivered,99
ORD01059,2026-08-28,SUB0378,CK072,Dinner,Delivered,129
ORD01060,2026-08-28,SUB0273,CK052,Dinner,Pending,149
ORD01061,2026-08-28,SUB0125,CK067,Dinner,delivered,199
ORD01062,2026-08-28,SUB0413,CK062,Dinner,DELIVERED,149
ORD01063,2026-08-28,SUB0123,CK002,Lunch,DELIVERED,129
ORD01064,2026-08-28,SUB0348,CK081,Dinner,Refunded,149
ORD01065,2026-08-28,SUB0217,CK019,Lunch,Delivered,129
ORD01066,2026-08-28,SUB0062,CK037,Dinner,Delivered,149
ORD01067,2026-08-28,SUB0315,CK036,Lunch,delivered,120
ORD01068,2026-08-28,SUB0374,CK077,Lunch,No Show,159
ORD01069,2026-08-28,SUB0470,CK075,Lunch,delivered,99
ORD01070,2026-08-28,SUB0185,CK074,Lunch,in-progress,159
ORD01071,2026-08-28,SUB0473,CK050,Dinner,Delivered,179
ORD01072,2026-08-28,SUB0532,CK092,Dinner,refunded,129
ORD01073,2026-08-28,SUB0494,CK014,Dinner,pending,179
ORD01074,2026-08-28,SUB0450,CK079,Dinner,delivered,159
ORD01075,2026-08-28,SUB0199,CK075,Dinner,in-progress,179
ORD01076,2026-08-28,SUB0278,CK079,Dinner,Pending,179
ORD01077,2026-08-28,SUB0112,CK046,Lunch,Delivered,129
ORD01078,2026-08-28,SUB0301,CK084,Dinner,Delivered,149
ORD01079,2026-08-28,SUB0443,CK021,Dinner,Delivered,159
ORD01080,2026-08-28,SUB0107,CK047,Dinner,CANCELLED,129
ORD01081,2026-08-28,SUB0277,CK024,Dinner,Delivered,99
ORD01082,2026-08-28,SUB0251,CK004,Lunch,Completed,199
ORD01083,2026-08-28,SUB0084,CK023,Dinner,Delivered,159
ORD01084,2026-08-28,SUB0165,CK074,Lunch,cook no show,149
ORD01085,2026-08-28,SUB0394,CK044,Dinner,Completed,199
ORD01086,2026-08-28,SUB0018,CK032,Dinner,Delivered,159
ORD01087,2026-08-28,SUB0012,CK056,Dinner,Completed,129
ORD01088,2026-08-28,SUB0245,CK060,Dinner,Delivered,179
ORD01089,2026-08-28,SUB0347,CK023,Lunch,delivered,99
ORD01090,2026-08-28,SUB0445,CK036,Dinner,in-progress,120
ORD01091,2026-08-28,SUB0478,CK023,Dinner,delivered,99
ORD01092,2026-08-28,SUB0409,CK071,Lunch,Delivered,159
ORD01093,2026-08-28,SUB0148,CK003,Dinner,Completed,159
ORD01094,2026-08-28,SUB0229,CK054,Dinner,Delivered,159
ORD01095,2026-08-28,SUB0271,CK004,Dinner,pending,159
ORD01096,28/08/2026,SUB0274,CK046,Dinner,delivered,179
ORD01097,2026-08-28,SUB0351,CK036,Lunch,Delivered,99
ORD01098,2026-08-28,SUB0515,CK088,Lunch,DELIVERED,129
ORD01099,2026-08-28,SUB0011,CK037,Lunch,delivered,159
ORD01100,2026-08-28,SUB0449,CK052,Lunch,Delivered,129
ORD01101,2026-08-28,SUB0373,CK071,Lunch,Delivered,120
ORD01102,2026-08-28,SUB0210,CK046,Lunch,Delivered,120
ORD01103,2026-08-28,SUB0467,CK012,Lunch,delivered,99
ORD01104,2026-08-28,SUB0502,CK086,Lunch,Completed,199
ORD01105,2026-08-28,SUB0212,CK078,Lunch,DELIVERED,159
ORD01106,2026-08-28,SUB0352,CK020,Lunch,Delivered,159
ORD01107,2026-08-28,SUB0308,CK020,Lunch,Delivered,99
ORD01108,2026-08-28,SUB0129,CK057,Lunch,Delivered,129
ORD01109,2026-08-28,SUB0391,CK044,Dinner,Completed,199
ORD01110,2026-08-28,SUB0042,CK081,Dinner,CANCELLED,159
ORD01111,2026-08-28,SUB0416,CK050,Dinner,Completed,179
ORD01112,2026-08-28,SUB0157,CK052,Dinner,cancelled,199
ORD01113,2026-08-28,SUB0238,CK080,Dinner,Completed,179
ORD01114,2026-08-28,SUB0381,CK018,Lunch,Delivered,120
ORD01115,2026-08-28,SUB0508,CK087,Lunch,Delivered,179
ORD01116,2026-08-28,SUB0030,CK033,Lunch,Delivered,120
ORD01117,2026-08-28,SUB0131,CK064,Dinner,CANCELLED,199
ORD01118,2026-08-28,SUB0076,CK077,Dinner,DELIVERED,120
ORD01119,2026-08-28,SUB0438,CK069,Dinner,Delivered,159
ORD01120,2026-08-28,SUB0310,CK010,Lunch,Delivered,129
ORD01121,2026-08-28,SUB0432,CK046,Lunch,refunded,99
ORD01122,2026-08-28,SUB0335,CK058,Lunch,Delivered,159
ORD01123,2026-08-28,SUB0132,CK059,Dinner,refunded,129
ORD01124,2026-08-28,SUB0017,CK011,Lunch,Completed,99
ORD01125,2026-08-28,SUB0128,CK051,Dinner,refunded,159
ORD01126,2026-08-28,SUB0303,CK057,Dinner,Refunded,159
ORD01127,2026-08-28,SUB0255,CK077,Lunch,DELIVERED,159
ORD01128,2026-08-28,SUB0326,CK058,Dinner,delivered,149
ORD01129,2026-08-28,SUB0031,CK018,Lunch,Cancelled,149
ORD01130,2026-08-28,SUB0331,CK062,Lunch,DELIVERED,159
ORD01131,2026-08-28,SUB0100,CK012,Lunch,Completed,99
ORD01132,2026-08-28,SUB0401,CK002,Dinner,Pending,149
ORD01133,2026-08-28,SUB0529,CK092,Lunch,Delivered,149
ORD01134,2026-08-28,SUB0248,CK069,Lunch,Completed,149
ORD01135,2026-08-28,SUB0257,CK069,Lunch,Completed,159
ORD01136,2026-08-28,SUB0033,CK020,Lunch,Delivered,159
ORD01137,2026-08-28,SUB0119,CK079,Lunch,Delivered,149
ORD01138,2026-08-28,SUB0333,CK075,Dinner,Delivered,129
ORD01139,2026-08-28,SUB0183,CK024,Lunch,Delivered,99
ORD01140,2026-08-28,SUB0500,CK086,Lunch,cook_dropout,159
ORD01141,2026-08-28,SUB0517,CK090,Lunch,Delivered,129
ORD01142,2026-08-28,SUB0019,CK060,Lunch,Delivered,99
ORD01143,2026-08-28,SUB0025,CK068,Lunch,Delivered,120
ORD01144,2026-08-28,SUB0487,CK051,Dinner,delivered,129
ORD01145,2026-08-28,SUB0152,CK023,Dinner,Delivered,99
ORD01146,2026-08-28,SUB0328,CK040,Dinner,Delivered,120
ORD01147,2026-08-28,SUB0095,CK037,Dinner,delivered,99
ORD01148,2026-08-28,SUB0071,CK023,Lunch,delivered,159
ORD01149,2026-08-28,SUB0319,CK047,Lunch,delivered,199
ORD01150,2026-08-28,SUB0246,CK023,Dinner,CANCELLED,199
ORD01151,2026-08-29,SUB0414,CK008,Dinner,CANCELLED,179
ORD01152,2026-08-29,SUB0083,CK003,Dinner,Delivered,159
ORD01153,2026-08-29,SUB0116,CK084,Lunch,In Progress,120
ORD01154,2026-08-29,SUB0151,CK064,Dinner,DELIVERED,159
ORD01155,2026-08-29,SUB0379,CK004,Dinner,pending,179
ORD01156,2026-08-29,SUB0400,CK036,Dinner,Cancelled - Cook Unavailable,129
ORD01157,2026-08-29,SUB0330,CK004,Dinner,Delivered,129
ORD01158,2026-08-29,SUB0287,CK069,Lunch,Delivered,149
ORD01159,2026-08-29,SUB0486,CK010,Lunch,Pending,99
ORD01160,2026-08-29,SUB0439,CK077,Dinner,Completed,199
ORD01161,2026-08-29,SUB0398,CK003,Dinner,in-progress,120
ORD01162,2026-08-29,SUB0192,CK075,Lunch,DELIVERED,159
ORD01163,2026-08-29,SUB0100,CK012,Lunch,DELIVERED,129
ORD01164,2026-08-29,SUB0001,CK035,Lunch,DELIVERED,159
ORD01165,2026-08-29,SUB0372,CK056,Lunch,cook_dropout,199
ORD01166,29/08/2026,SUB0300,CK037,Dinner,Delivered,199
ORD01167,2026-08-29,SUB0066,CK021,Dinner,DELIVERED,99
ORD01168,2026-08-29,SUB0307,CK026,Lunch,delivered,179
ORD01169,2026-08-29,SUB0280,CK079,Dinner,Delivered,99
ORD01170,2026-08-29,SUB0525,CK091,Lunch,Delivered,120
ORD01171,2026-08-29,SUB0158,CK027,Dinner,Delivered,159
ORD01172,2026-08-29,SUB0430,CK062,Lunch,Completed,120
ORD01173,2026-08-29,SUB0230,CK075,Dinner,Delivered,199
ORD01174,2026-08-29,SUB0436,CK067,Lunch,Completed,129
ORD01175,2026-08-29,SUB0370,CK010,Lunch,refunded,149
ORD01176,2026-08-29,SUB0359,CK012,Dinner,delivered,159
ORD01177,2026-08-29,SUB0074,CK077,Dinner,delivered,129
ORD01178,2026-08-29,SUB0350,CK081,Lunch,delivered,179
ORD01179,2026-08-29,SUB0096,CK077,Dinner,Refunded,199
ORD01180,2026-08-29,SUB0034,CK023,Lunch,CANCELLED,149
ORD01181,2026-08-29,SUB0505,CK087,Lunch,Delivered,199
ORD01182,2026-08-29,SUB0019,CK060,Lunch,delivered,199
ORD01183,2026-08-29,SUB0397,CK064,Dinner,pending,99
ORD01184,2026-08-29,SUB0012,CK056,Dinner,Delivered,129
ORD01185,2026-08-29,SUB0178,CK027,Lunch,Completed,199
ORD01186,29/08/2026,SUB0347,CK023,Lunch,Delivered,199
ORD01187,2026-08-29,SUB0365,CK070,Lunch,delivered,149
ORD01188,29/08/2026,SUB0021,CK054,Dinner,In Progress,129
ORD01189,2026-08-29,SUB0422,CK052,Dinner,in-progress,129
ORD01190,2026-08-29,SUB0452,CK035,Dinner,cancelled,120
ORD01191,2026-08-29,SUB0507,CK087,Dinner,delivered,99
ORD01192,2026-08-29,SUB0516,CK088,Lunch,DELIVERED,99
ORD01193,2026-08-29,SUB0024,CK003,Lunch,Delivered,179
ORD01194,2026-08-29,SUB0016,CK061,Dinner,Delivered,129
ORD01195,2026-08-29,SUB0054,CK069,Dinner,Delivered,149
ORD01196,2026-08-29,SUB0405,CK006,Lunch,delivered,149
ORD01197,2026-08-29,SUB0313,CK081,Lunch,Cancelled,179
ORD01198,2026-08-29,SUB0478,CK023,Lunch,In Progress,120
ORD01199,2026-08-29,SUB0222,CK036,Dinner,refunded,149
ORD01200,2026-08-29,SUB0025,CK068,Lunch,delivered,149
ORD01201,2026-08-29,SUB0123,CK002,Lunch,Delivered,99
ORD01202,2026-08-29,SUB0250,CK070,Dinner,Delivered,149
ORD01203,2026-08-29,SUB0134,CK057,Lunch,delivered,99
ORD01204,2026-08-29,SUB0474,CK081,Dinner,delivered,179
ORD01205,2026-08-29,SUB0214,CK008,Dinner,Cancelled,179
ORD01206,2026-08-29,SUB0427,CK058,Lunch,Delivered,179
ORD01207,2026-08-29,SUB0529,CK092,Lunch,Delivered,149
ORD01208,2026-08-29,SUB0076,CK077,Dinner,In Progress,149
ORD01209,2026-08-29,SUB0049,CK013,Dinner,Pending,120
ORD01210,2026-08-29,SUB0118,CK002,Dinner,Delivered,149
ORD01211,2026-08-29,SUB0364,CK047,Lunch,pending,199
ORD01212,2026-08-29,SUB0122,CK023,Dinner,delivered,149
ORD01213,2026-08-29,SUB0251,CK004,Dinner,delivered,149
ORD01214,2026-08-29,SUB0421,CK079,Lunch,refunded,129
ORD01215,2026-08-29,SUB0255,CK077,Lunch,Delivered,199
ORD01216,2026-08-29,SUB0144,CK023,Lunch,Delivered,159
ORD01217,2026-08-29,SUB0071,CK023,Lunch,DELIVERED,159
ORD01218,2026-08-29,SUB0235,CK004,Lunch,In Progress,149
ORD01219,2026-08-29,SUB0205,CK005,Dinner,Cancelled,149
ORD01220,2026-08-29,SUB0113,CK004,Dinner,delivered,99
ORD01221,2026-08-29,SUB0333,CK075,Dinner,DELIVERED,199
ORD01222,2026-08-29,SUB0237,CK047,Dinner,cook no show,179
ORD01223,2026-08-29,SUB0245,CK060,Dinner,CANCELLED,149
ORD01224,2026-08-29,SUB0082,CK045,Lunch,Delivered,159
ORD01225,2026-08-29,SUB0236,CK076,Dinner,Delivered,179
ORD01226,2026-08-29,SUB0336,CK040,Lunch,Pending,120
ORD01227,2026-08-29,SUB0014,CK065,Lunch,Completed,120
ORD01228,2026-08-29,SUB0315,CK036,Dinner,DELIVERED,99
ORD01229,2026-08-29,SUB0238,CK080,Dinner,cook no show,129
ORD01230,2026-08-29,SUB0069,CK027,Dinner,Delivered,129
ORD01231,2026-08-29,SUB0217,CK019,Lunch,Delivered,99
ORD01232,2026-08-29,SUB0466,CK058,Dinner,Delivered,199
ORD01233,2026-08-29,SUB0023,CK070,Dinner,delivered,99
ORD01234,2026-08-29,SUB0129,CK057,Lunch,Delivered,149
ORD01235,2026-08-29,SUB0327,CK051,Dinner,Delivered,120
ORD01236,2026-08-29,SUB0413,CK062,Dinner,cook_dropout,149
ORD01237,2026-08-29,SUB0157,CK052,Dinner,DELIVERED,120
ORD01238,2026-08-29,SUB0240,CK010,Dinner,Delivered,129
ORD01239,2026-08-29,SUB0008,CK083,Dinner,Delivered,149
ORD01240,2026-08-29,SUB0446,CK032,Lunch,Delivered,120
ORD01241,2026-08-29,SUB0294,CK081,Dinner,Cancelled,129
ORD01242,2026-08-29,SUB0410,CK074,Dinner,Refunded,120
ORD01243,2026-08-29,SUB0088,CK032,Lunch,delivered,159
ORD01244,2026-08-29,SUB0322,CK017,Dinner,Cancelled,120
ORD01245,2026-08-29,SUB0467,CK012,Lunch,delivered,159
ORD01246,2026-08-29,SUB0289,CK029,Dinner,refunded,199
ORD01247,2026-08-29,SUB0403,CK013,Lunch,pending,159
ORD01248,2026-08-29,SUB0441,CK054,Dinner,Delivered,120
ORD01249,2026-08-29,SUB0340,CK011,Dinner,Cancelled,159
ORD01250,2026-08-29,SUB0429,CK047,Dinner,Delivered,129
ORD01251,2026-08-29,SUB0107,CK047,Dinner,delivered,149
ORD01252,2026-08-29,SUB0438,CK069,Dinner,DELIVERED,149
ORD01253,2026-08-29,SUB0119,CK079,Lunch,Delivered,159
ORD01254,2026-08-29,SUB0468,CK002,Dinner,Completed,149
ORD01255,2026-08-29,SUB0114,CK046,Lunch,pending,99
ORD01256,2026-08-29,SUB0164,CK050,Lunch,Pending,129
ORD01257,2026-08-29,SUB0274,CK046,Dinner,Delivered,159
ORD01258,2026-08-29,SUB0225,CK051,Dinner,Delivered,129
ORD01259,2026-08-29,SUB0285,CK053,Lunch,Completed,149
ORD01260,2026-08-29,SUB0445,CK036,Dinner,DELIVERED,179
ORD01261,2026-08-29,SUB0198,CK058,Dinner,cook_dropout,120
ORD01262,2026-08-29,SUB0140,CK013,Dinner,Delivered,99
ORD01263,2026-08-29,SUB0094,CK083,Dinner,Completed,159
ORD01264,2026-08-29,SUB0220,CK064,Dinner,refunded,99
ORD01265,2026-08-29,SUB0518,CK090,Lunch,delivered,129
ORD01266,2026-08-29,SUB0310,CK010,Lunch,In Progress,149
ORD01267,2026-08-29,SUB0084,CK023,Dinner,Delivered,99
ORD01268,2026-08-29,SUB0172,CK045,Lunch,Delivered,120
ORD01269,2026-08-29,SUB0476,CK010,Lunch,Delivered,120
ORD01270,2026-08-29,SUB0375,CK036,Dinner,DELIVERED,129
ORD01271,2026-08-29,SUB0362,CK069,Dinner,Completed,179
ORD01272,2026-08-29,SUB0188,CK045,Dinner,Completed,179
ORD01273,2026-08-29,SUB0062,CK037,Dinner,Delivered,120
ORD01274,2026-08-29,SUB0394,CK044,Dinner,Delivered,120
ORD01275,2026-08-29,SUB0503,CK086,Lunch,Delivered,120
ORD01276,2026-08-29,SUB0492,CK013,Dinner,Completed,199
ORD01277,2026-08-29,SUB0485,CK058,Dinner,delivered,129
ORD01278,2026-08-29,SUB0461,CK052,Dinner,in-progress,199
ORD01279,2026-08-29,SUB0523,CK091,Lunch,DELIVERED,129
ORD01280,2026-08-29,SUB0190,CK002,Lunch,delivered,149
ORD01281,2026-08-29,SUB0148,CK003,Dinner,CANCELLED,199
ORD01282,2026-08-29,SUB0203,CK002,Lunch,Delivered,179
ORD01283,2026-08-29,SUB0482,CK068,Dinner,in-progress,199
ORD01284,2026-08-29,SUB0210,CK046,Lunch,Delivered,120
ORD01285,2026-08-29,SUB0174,CK058,Dinner,Delivered,179
ORD01286,2026-08-29,SUB0035,CK081,Lunch,Completed,129
ORD01287,2026-08-29,SUB0138,CK057,Dinner,delivered,199
ORD01288,2026-08-29,SUB0108,CK068,Dinner,Delivered,149
ORD01289,2026-08-29,SUB0272,CK078,Lunch,Delivered,179
ORD01290,2026-08-29,SUB0229,CK054,Dinner,Pending,199
ORD01291,2026-08-29,SUB0115,CK069,Lunch,Refunded,199
ORD01292,2026-08-29,SUB0197,CK037,Dinner,Completed,129
ORD01293,2026-08-29,SUB0195,CK002,Dinner,Delivered,159
ORD01294,29/08/2026,SUB0506,CK087,Dinner,Delivered,179
ORD01295,2026-08-29,SUB0526,CK091,Dinner,delivered,120
ORD01296,2026-08-29,SUB0443,CK021,Dinner,pending,129
ORD01297,2026-08-29,SUB0135,CK052,Dinner,Completed,129
ORD01298,2026-08-29,SUB0458,CK045,Dinner,delivered,179
ORD01299,2026-08-29,SUB0038,CK005,Lunch,Delivered,99
ORD01300,2026-08-29,SUB0479,CK052,Dinner,Delivered,129
ORD01301,2026-08-29,SUB0147,CK069,Dinner,Completed,120
ORD01302,2026-08-29,SUB0527,CK091,Lunch,delivered,129
ORD01303,2026-08-29,SUB0500,CK086,Dinner,delivered,199
ORD01304,29/08/2026,SUB0018,CK032,Dinner,Delivered,179
ORD01305,2026-08-29,SUB0136,CK080,Dinner,cook no show,159
ORD01306,2026-08-29,SUB0321,CK044,Dinner,delivered,149
ORD01307,2026-08-29,SUB0522,CK090,Dinner,delivered,149
ORD01308,2026-08-29,SUB0160,CK032,Lunch,delivered,149
ORD01309,2026-08-29,SUB0399,CK084,Lunch,Delivered,149
ORD01310,2026-08-29,SUB0291,CK048,Lunch,Delivered,199
ORD01311,2026-08-29,SUB0252,CK025,Dinner,Delivered,129
ORD01312,2026-08-29,SUB0218,CK069,Lunch,Cancelled,120
ORD01313,2026-08-29,SUB0117,CK014,Lunch,delivered,199
ORD01314,2026-08-29,SUB0369,CK070,Lunch,DELIVERED,179
ORD01315,2026-08-29,SUB0003,CK053,Lunch,DELIVERED,129
ORD01316,2026-08-29,SUB0201,CK062,Dinner,cancelled,120
ORD01317,2026-08-29,SUB0109,CK038,Lunch,DELIVERED,149
ORD01318,2026-08-29,SUB0042,CK081,Lunch,DELIVERED,149
ORD01319,2026-08-29,SUB0459,CK049,Lunch,Delivered,159
ORD01320,2026-08-29,SUB0363,CK070,Lunch,Delivered,120
ORD01321,2026-08-29,SUB0386,CK067,Dinner,Completed,159
ORD01322,2026-08-29,SUB0163,CK029,Dinner,Delivered,99
ORD01323,2026-08-29,SUB0028,CK062,Dinner,Delivered,149
ORD01324,2026-08-29,SUB0101,CK018,Lunch,Delivered,159
ORD01325,2026-08-29,SUB0079,CK021,Lunch,Cancelled,149
ORD01326,2026-08-29,SUB0317,CK055,Dinner,Completed,199
ORD01327,2026-08-29,SUB0152,CK023,Dinner,delivered,99
ORD01328,2026-08-29,SUB0095,CK037,Dinner,CANCELLED,149
ORD01329,2026-08-29,SUB0145,CK081,Dinner,Delivered,179
ORD01330,2026-08-29,SUB0159,CK061,Dinner,in-progress,159
ORD01331,2026-08-29,SUB0392,CK070,Lunch,Delivered,149
ORD01332,2026-08-29,SUB0343,CK015,Dinner,Delivered,149
ORD01333,2026-08-29,SUB0514,CK088,Lunch,Refunded,99
ORD01334,2026-08-29,SUB0209,CK045,Dinner,delivered,129
ORD01335,2026-08-29,SUB0457,CK036,Dinner,Delivered,149
ORD01336,2026-08-29,SUB0301,CK084,Dinner,delivered,120
ORD01337,2026-08-29,SUB0323,CK084,Lunch,Completed,199
ORD01338,2026-08-29,SUB0517,CK090,Lunch,Delivered,159
ORD01339,2026-08-29,SUB0110,CK079,Dinner,Cancelled,149
ORD01340,2026-08-29,SUB0341,CK040,Lunch,Delivered,159
ORD01341,2026-08-29,SUB0052,CK002,Dinner,Delivered,199
ORD01342,2026-08-29,SUB0132,CK059,Lunch,Delivered,99
ORD01343,2026-08-29,SUB0411,CK062,Dinner,in-progress,129
ORD01344,2026-08-29,SUB0490,CK050,Dinner,delivered,129
ORD01345,2026-08-29,SUB0182,CK044,Lunch,Delivered,149
ORD01346,29/08/2026,SUB0345,CK060,Lunch,DELIVERED,159
ORD01347,2026-08-29,SUB0470,CK075,Lunch,Delivered,120
ORD01348,2026-08-29,SUB0297,CK019,Lunch,Delivered,159
ORD01349,2026-08-29,SUB0495,CK086,Dinner,Delivered,159
ORD01350,2026-08-29,SUB0381,CK018,Lunch,DELIVERED,179
ORD01351,2026-08-29,SUB0176,CK061,Dinner,delivered,120
ORD01352,2026-08-29,SUB0262,CK042,Dinner,Delivered,159
ORD01353,2026-08-29,SUB0501,CK086,Dinner,delivered,99
ORD01354,2026-08-29,SUB0456,CK053,Lunch,Delivered,159
ORD01355,2026-08-29,SUB0226,CK018,Lunch,delivered,149
ORD01356,2026-08-29,SUB0524,CK091,Lunch,delivered,179
ORD01357,2026-08-29,SUB0481,CK045,Dinner,delivered,159
ORD01358,2026-08-29,SUB0278,CK079,Dinner,Delivered,99
ORD01359,2026-08-29,SUB0060,CK014,Lunch,Delivered,199
ORD01360,2026-08-29,SUB0020,CK061,Lunch,delivered,120
ORD01361,2026-08-29,SUB0029,CK014,Dinner,Pending,159
ORD01362,2026-08-29,SUB0354,CK057,Dinner,Delivered,199
ORD01363,2026-08-29,SUB0193,CK029,Lunch,Delivered,159
ORD01364,2026-08-29,SUB0325,CK023,Lunch,Delivered,129
ORD01365,2026-08-29,SUB0358,CK012,Dinner,Completed,129
ORD01366,2026-08-29,SUB0125,CK067,Dinner,DELIVERED,99
ORD01367,2026-08-29,SUB0234,CK049,Lunch,delivered,129
ORD01368,2026-08-29,SUB0279,CK006,Dinner,Cancelled,179
ORD01369,2026-08-29,SUB0010,CK014,Dinner,Delivered,159
ORD01370,2026-08-29,SUB0494,CK014,Dinner,Delivered,159
ORD01371,2026-08-29,SUB0041,CK026,Lunch,Cancelled,149
ORD01372,2026-08-29,SUB0473,CK050,Dinner,Completed,149
ORD01373,2026-08-29,SUB0081,CK036,Lunch,Pending,179
ORD01374,2026-08-29,SUB0256,CK041,Lunch,Delivered,159
ORD01375,2026-08-29,SUB0032,CK003,Dinner,Delivered,120
ORD01376,2026-08-29,SUB0093,CK041,Dinner,Delivered,120
ORD01377,2026-08-29,SUB0396,CK046,Lunch,delivered,120
ORD01378,2026-08-29,SUB0455,CK014,Dinner,refunded,120
ORD01379,2026-08-29,SUB0273,CK052,Dinner,Completed,179
ORD01380,2026-08-29,SUB0089,CK027,Dinner,Delivered,99
ORD01381,2026-08-30,SUB0359,CK012,Dinner,delivered,179
ORD01382,2026-08-30,SUB0201,CK062,Dinner,delivered,199
ORD01383,2026-08-30,SUB0525,CK091,Lunch,Delivered,120
ORD01384,2026-08-30,SUB0267,CK071,Dinner,Completed,179
ORD01385,2026-08-30,SUB0446,CK032,Lunch,Completed,99
ORD01386,2026-08-30,SUB0254,CK003,Dinner,Completed,159
ORD01387,2026-08-30,SUB0186,CK004,Lunch,Completed,149
ORD01388,2026-08-30,SUB0006,CK032,Dinner,delivered,159
ORD01389,2026-08-30,SUB0458,CK045,Dinner,Delivered,199
ORD01390,2026-08-30,SUB0095,CK037,Lunch,Delivered,99
ORD01391,2026-08-30,SUB0007,CK051,Lunch,DELIVERED,120
ORD01392,2026-08-30,SUB0392,CK070,Lunch,Delivered,149
ORD01393,2026-08-30,SUB0309,CK076,Lunch,Delivered,159
ORD01394,2026-08-30,SUB0467,CK012,Lunch,Delivered,199
ORD01395,2026-08-30,SUB0224,CK058,Lunch,Delivered,159
ORD01396,2026-08-30,SUB0292,CK047,Dinner,Delivered,120
ORD01397,2026-08-30,SUB0044,CK020,Lunch,Delivered,129
ORD01398,2026-08-30,SUB0026,CK082,Dinner,Completed,179
ORD01399,2026-08-30,SUB0462,CK044,Dinner,delivered,149
ORD01400,2026-08-30,SUB0372,CK056,Dinner,Delivered,149
ORD01401,2026-08-30,SUB0455,CK014,Dinner,Delivered,199
ORD01402,2026-08-30,SUB0363,CK070,Dinner,DELIVERED,129
ORD01403,2026-08-30,SUB0362,CK069,Dinner,delivered,199
ORD01404,2026-08-30,SUB0351,CK036,Lunch,Pending,159
ORD01405,2026-08-30,SUB0239,CK065,Dinner,Delivered,159
ORD01406,2026-08-30,SUB0075,CK010,Dinner,Delivered,159
ORD01407,2026-08-30,SUB0158,CK027,Lunch,Delivered,99
ORD01408,2026-08-30,SUB0269,CK052,Dinner,refunded,149
ORD01409,2026-08-30,SUB0421,CK079,Lunch,Delivered,99
ORD01410,2026-08-30,SUB0133,CK061,Dinner,In Progress,179
ORD01411,2026-08-30,SUB0317,CK055,Dinner,Delivered,149
ORD01412,2026-08-30,SUB0452,CK035,Dinner,Completed,159
ORD01413,2026-08-30,SUB0361,CK047,Lunch,Completed,120
ORD01414,2026-08-30,SUB0353,CK046,Dinner,delivered,149
ORD01415,2026-08-30,SUB0260,CK045,Dinner,DELIVERED,129
ORD01416,2026-08-30,SUB0423,CK059,Lunch,delivered,199
ORD01417,2026-08-30,SUB0206,CK065,Dinner,Completed,149
ORD01418,2026-08-30,SUB0500,CK086,Dinner,Cancelled,199
ORD01419,2026-08-30,SUB0522,CK090,Dinner,pending,179
ORD01420,2026-08-30,SUB0395,CK023,Dinner,Completed,120
ORD01421,2026-08-30,SUB0127,CK083,Dinner,Delivered,149
ORD01422,30/08/2026,SUB0152,CK023,Dinner,CANCELLED,179
ORD01423,2026-08-30,SUB0110,CK079,Dinner,Delivered,149
ORD01424,2026-08-30,SUB0298,CK060,Dinner,in-progress,179
ORD01425,2026-08-30,SUB0054,CK069,Dinner,Delivered,120
ORD01426,2026-08-30,SUB0402,CK060,Dinner,Delivered,120
ORD01427,2026-08-30,SUB0031,CK018,Lunch,delivered,199
ORD01428,2026-08-30,SUB0010,CK014,Dinner,DELIVERED,120
ORD01429,2026-08-30,SUB0427,CK058,Dinner,pending,129
ORD01430,2026-08-30,SUB0482,CK068,Dinner,delivered,179
ORD01431,2026-08-30,SUB0043,CK032,Dinner,Cancelled,120
ORD01432,2026-08-30,SUB0394,CK044,Lunch,Completed,179
ORD01433,2026-08-30,SUB0067,CK074,Dinner,DELIVERED,129
ORD01434,2026-08-30,SUB0469,CK070,Dinner,Pending,129
ORD01435,2026-08-30,SUB0289,CK029,Lunch,cancelled,149
ORD01436,2026-08-30,SUB0123,CK002,Lunch,DELIVERED,159
ORD01437,2026-08-30,SUB0081,CK036,Lunch,Delivered,129
ORD01438,2026-08-30,SUB0401,CK002,Dinner,pending,199
ORD01439,2026-08-30,SUB0218,CK069,Lunch,Cancelled,199
ORD01440,2026-08-30,SUB0502,CK086,Lunch,pending,99
ORD01441,2026-08-30,SUB0306,CK017,Dinner,Delivered,149
ORD01442,2026-08-30,SUB0137,CK051,Dinner,Pending,179
ORD01443,2026-08-30,SUB0432,CK046,Dinner,Delivered,199
ORD01444,2026-08-30,SUB0172,CK045,Lunch,delivered,99
ORD01445,2026-08-30,SUB0488,CK018,Lunch,Delivered,149
ORD01446,2026-08-30,SUB0130,CK057,Dinner,Delivered,99
ORD01447,2026-08-30,SUB0297,CK019,Lunch,Delivered,149
ORD01448,2026-08-30,SUB0148,CK003,Dinner,DELIVERED,179
ORD01449,2026-08-30,SUB0008,CK083,Dinner,Delivered,159
ORD01450,2026-08-30,SUB0411,CK062,Dinner,CANCELLED,179
ORD01451,2026-08-30,SUB0431,CK017,Dinner,Delivered,149
ORD01452,2026-08-30,SUB0447,CK067,Lunch,delivered,159
ORD01453,2026-08-30,SUB0238,CK080,Dinner,Completed,99
ORD01454,2026-08-30,SUB0371,CK020,Dinner,Delivered,120
ORD01455,2026-08-30,SUB0338,CK050,Lunch,Delivered,129
ORD01456,2026-08-30,SUB0202,CK064,Lunch,Delivered,199
ORD01457,2026-08-30,SUB0055,CK072,Dinner,Delivered,149
ORD01458,2026-08-30,SUB0266,CK044,Dinner,delivered,179
ORD01459,2026-08-30,SUB0451,CK069,Dinner,Completed,99
ORD01460,2026-08-30,SUB0332,CK076,Dinner,delivered,129
ORD01461,2026-08-30,SUB0336,CK040,Dinner,DELIVERED,179
ORD01462,2026-08-30,SUB0242,CK040,Dinner,delivered,159
ORD01463,2026-08-30,SUB0312,CK082,Lunch,DELIVERED,199
ORD01464,2026-08-30,SUB0322,CK017,Dinner,delivered,199
ORD01465,2026-08-30,SUB0437,CK038,Dinner,delivered,99
ORD01466,2026-08-30,SUB0012,CK056,Dinner,Delivered,199
ORD01467,2026-08-30,SUB0271,CK004,Dinner,Completed,179
ORD01468,2026-08-30,SUB0253,CK023,Dinner,pending,199
ORD01469,2026-08-30,SUB0018,CK032,Dinner,Completed,159
ORD01470,2026-08-30,SUB0113,CK004,Dinner,Delivered,129
ORD01471,2026-08-30,SUB0185,CK074,Lunch,Pending,129
ORD01472,2026-08-30,SUB0141,CK079,Lunch,Delivered,159
ORD01473,2026-08-30,SUB0274,CK046,Dinner,Pending,199
ORD01474,2026-08-30,SUB0501,CK086,Lunch,Completed,179
ORD01475,2026-08-30,SUB0494,CK014,Dinner,Refunded,120
ORD01476,2026-08-30,SUB0373,CK071,Lunch,Delivered,120
ORD01477,2026-08-30,SUB0250,CK070,Dinner,Delivered,179
ORD01478,2026-08-30,SUB0506,CK087,Dinner,refunded,99
ORD01479,30/08/2026,SUB0069,CK027,Dinner,Delivered,99
ORD01480,30/08/2026,SUB0171,CK077,Lunch,Completed,149
ORD01481,2026-08-30,SUB0491,CK044,Dinner,Delivered,129
ORD01482,2026-08-30,SUB0456,CK053,Lunch,Delivered,179
ORD01483,2026-08-30,SUB0144,CK023,Lunch,Completed,199
ORD01484,2026-08-30,SUB0285,CK053,Lunch,refunded,149
ORD01485,2026-08-30,SUB0068,CK001,Lunch,Delivered,179
ORD01486,2026-08-30,SUB0129,CK057,Lunch,Completed,159
ORD01487,2026-08-30,SUB0333,CK075,Dinner,delivered,129
ORD01488,2026-08-30,SUB0276,CK049,Dinner,DELIVERED,199
ORD01489,2026-08-30,SUB0417,CK015,Dinner,Delivered,149
ORD01490,2026-08-30,SUB0485,CK058,Dinner,Completed,120
ORD01491,2026-08-30,SUB0192,CK075,Lunch,Completed,99
ORD01492,2026-08-30,SUB0428,CK048,Lunch,DELIVERED,199
ORD01493,2026-08-30,SUB0302,CK043,Lunch,Completed,99
ORD01494,2026-08-30,SUB0089,CK027,Dinner,Delivered,149
ORD01495,2026-08-30,SUB0449,CK052,Lunch,Delivered,129
ORD01496,2026-08-30,SUB0323,CK084,Lunch,Delivered,149
ORD01497,2026-08-30,SUB0166,CK012,Dinner,No Show,159
ORD01498,30/08/2026,SUB0037,CK031,Dinner,Cancelled,199
ORD01499,2026-08-30,SUB0347,CK023,Lunch,cancelled,179
ORD01500,2026-08-30,SUB0243,CK011,Lunch,Delivered,120
ORD01501,2026-08-30,SUB0406,CK004,Lunch,Delivered,120
ORD01502,2026-08-30,SUB0112,CK046,Lunch,Delivered,129
ORD01503,2026-08-30,SUB0255,CK077,Lunch,Delivered,149
ORD01504,2026-08-30,SUB0528,CK092,Lunch,DELIVERED,149
ORD01505,2026-08-30,SUB0461,CK052,Dinner,DELIVERED,179
ORD01506,2026-08-30,SUB0045,CK060,Dinner,Delivered,129
ORD01507,2026-08-30,SUB0349,CK028,Lunch,delivered,179
ORD01508,2026-08-30,SUB0295,CK046,Dinner,Refunded,129
ORD01509,2026-08-30,SUB0508,CK087,Lunch,Cancelled,149
ORD01510,2026-08-30,SUB0257,CK069,Lunch,pending,120
ORD01511,2026-08-30,SUB0071,CK023,Lunch,Delivered,199
ORD01512,2026-08-30,SUB0521,CK090,Dinner,delivered,199
ORD01513,2026-08-30,SUB0214,CK008,Dinner,Delivered,149
ORD01514,2026-08-30,SUB0104,CK018,Lunch,Cancelled,149
ORD01515,2026-08-30,SUB0315,CK036,Lunch,cancelled,120
ORD01516,2026-08-30,SUB0436,CK067,Lunch,DELIVERED,129
ORD01517,2026-08-30,SUB0341,CK040,Lunch,In Progress,99
ORD01518,2026-08-30,SUB0220,CK064,Dinner,CANCELLED,149
ORD01519,2026-08-30,SUB0512,CK087,Lunch,delivered,179
ORD01520,2026-08-30,SUB0076,CK077,Dinner,delivered,120
ORD01521,2026-08-30,SUB0457,CK036,Dinner,Delivered,129
ORD01522,2026-08-30,SUB0030,CK033,Dinner,delivered,159
ORD01523,2026-08-30,SUB0442,CK019,Lunch,Delivered,149
ORD01524,2026-08-30,SUB0337,CK053,Lunch,DELIVERED,159
ORD01525,2026-08-30,SUB0460,CK053,Lunch,Delivered,179
ORD01526,2026-08-30,SUB0217,CK019,Lunch,Delivered,129
ORD01527,2026-08-30,SUB0160,CK032,Lunch,Completed,159
ORD01528,2026-08-30,SUB0409,CK071,Lunch,pending,149
ORD01529,2026-08-30,SUB0354,CK057,Dinner,Delivered,199
ORD01530,2026-08-30,SUB0492,CK013,Dinner,in-progress,120
ORD01531,2026-08-30,SUB0114,CK046,Lunch,delivered,129
ORD01532,2026-08-30,SUB0072,CK074,Dinner,Delivered,149
ORD01533,2026-08-30,SUB0367,CK058,Dinner,In Progress,120
ORD01534,2026-08-30,SUB0211,CK012,Lunch,DELIVERED,99
ORD01535,2026-08-30,SUB0301,CK084,Dinner,Delivered,120
ORD01536,2026-08-30,SUB0215,CK019,Dinner,Delivered,199
ORD01537,2026-08-30,SUB0495,CK086,Dinner,Pending,129
ORD01538,2026-08-30,SUB0294,CK081,Lunch,Completed,199
ORD01539,2026-08-30,SUB0229,CK054,Dinner,Completed,99
ORD01540,2026-08-30,SUB0434,CK017,Lunch,Completed,149
ORD01541,2026-08-30,SUB0209,CK045,Dinner,Delivered,179
ORD01542,2026-08-30,SUB0357,CK008,Lunch,Cancelled,179
ORD01543,2026-08-30,SUB0396,CK046,Dinner,Pending,179
ORD01544,2026-08-30,SUB0479,CK052,Dinner,Delivered,149
ORD01545,2026-08-30,SUB0360,CK059,Lunch,DELIVERED,199
ORD01546,2026-08-30,SUB0117,CK014,Lunch,DELIVERED,199
ORD01547,2026-08-30,SUB0128,CK051,Dinner,Delivered,179
ORD01548,2026-08-30,SUB0384,CK058,Lunch,Delivered,129
ORD01549,2026-08-30,SUB0022,CK044,Dinner,Delivered,129
ORD01550,2026-08-30,SUB0517,CK090,Lunch,Delivered,149
ORD01551,2026-08-30,SUB0383,CK048,Lunch,DELIVERED,149
ORD01552,2026-08-30,SUB0497,CK086,Dinner,Delivered,129
ORD01553,2026-08-30,SUB0147,CK069,Dinner,delivered,179
ORD01554,2026-08-30,SUB0277,CK024,Dinner,Cancelled,149
ORD01555,2026-08-30,SUB0530,CK092,Lunch,Delivered,159
ORD01556,2026-08-30,SUB0480,CK057,Lunch,DELIVERED,179
ORD01557,2026-08-30,SUB0279,CK006,Dinner,delivered,129
ORD01558,2026-08-30,SUB0463,CK060,Lunch,Pending,159
ORD01559,2026-08-30,SUB0308,CK020,Lunch,pending,179
ORD01560,2026-08-30,SUB0288,CK009,Lunch,Delivered,149
ORD01561,2026-08-30,SUB0393,CK076,Lunch,delivered,129
ORD01562,2026-08-30,SUB0036,CK032,Lunch,DELIVERED,179
ORD01563,2026-08-30,SUB0236,CK076,Dinner,Delivered,129
ORD01564,2026-08-30,SUB0196,CK079,Lunch,Delivered,199
ORD01565,2026-08-30,SUB0131,CK064,Lunch,cancelled,99
ORD01566,2026-08-30,SUB0134,CK057,Lunch,Delivered,199
ORD01567,2026-08-30,SUB0132,CK059,Lunch,in-progress,199
ORD01568,2026-08-30,SUB0419,CK079,Dinner,DELIVERED,99
ORD01569,2026-08-30,SUB0299,CK048,Dinner,Delivered,120
ORD01570,2026-08-30,SUB0090,CK050,Lunch,DELIVERED,120
ORD01571,2026-08-30,SUB0169,CK046,Dinner,Delivered,179
ORD01572,2026-08-30,SUB0403,CK013,Lunch,Delivered,129
ORD01573,2026-08-30,SUB0365,CK070,Lunch,Delivered,159
ORD01574,2026-08-30,SUB0335,CK058,Lunch,Completed,149
ORD01575,2026-08-30,SUB0210,CK046,Lunch,Delivered,99
ORD01576,2026-08-30,SUB0145,CK081,Lunch,delivered,179
ORD01577,2026-08-30,SUB0080,CK075,Lunch,delivered,99
ORD01578,2026-08-30,SUB0247,CK006,Dinner,Completed,179
ORD01579,2026-08-30,SUB0099,CK070,Dinner,Completed,99
ORD01580,2026-08-30,SUB0207,CK053,Lunch,Delivered,120
ORD01581,2026-08-30,SUB0115,CK069,Lunch,pending,199
ORD01582,2026-08-30,SUB0065,CK014,Lunch,delivered,120
ORD01583,2026-08-30,SUB0477,CK024,Lunch,Delivered,159
ORD01584,2026-08-30,SUB0514,CK088,Lunch,Cancelled,199
ORD01585,2026-08-30,SUB0163,CK029,Dinner,Completed,120
ORD01586,2026-08-30,SUB0056,CK014,Dinner,delivered,149
ORD01587,2026-08-30,SUB0369,CK070,Dinner,Completed,159
ORD01588,2026-08-30,SUB0109,CK038,Dinner,Delivered,99
ORD01589,2026-08-30,SUB0153,CK057,Lunch,Delivered,199
ORD01590,2026-08-30,SUB0378,CK072,Lunch,Delivered,149
ORD01591,2026-08-30,SUB0321,CK044,Dinner,cancelled,120
ORD01592,2026-08-30,SUB0262,CK042,Dinner,Delivered,179
ORD01593,2026-08-30,SUB0346,CK004,Dinner,Delivered,99
ORD01594,2026-08-30,SUB0138,CK057,Dinner,Delivered,179
ORD01595,2026-08-30,SUB0465,CK067,Dinner,delivered,129
ORD01596,2026-08-30,SUB0478,CK023,Dinner,Delivered,99
ORD01597,2026-08-30,SUB0193,CK029,Dinner,Cancelled,179
ORD01598,2026-08-30,SUB0079,CK021,Lunch,Delivered,149
ORD01599,2026-08-30,SUB0330,CK004,Dinner,Delivered,129
ORD01600,2026-08-30,SUB0319,CK047,Lunch,DELIVERED,120
ORD01601,2026-08-30,SUB0183,CK024,Dinner,in-progress,199
ORD01602,2026-08-30,SUB0150,CK001,Lunch,DELIVERED,120
ORD01603,2026-08-30,SUB0136,CK080,Dinner,Completed,159
ORD01604,2026-08-30,SUB0061,CK042,Dinner,Delivered,120
ORD01605,2026-08-30,SUB0016,CK061,Dinner,Delivered,159
ORD01606,2026-08-30,SUB0519,CK090,Lunch,CANCELLED,149
ORD01607,2026-08-30,SUB0027,CK075,Lunch,Completed,159
ORD01608,2026-08-30,SUB0182,CK044,Lunch,pending,120
ORD01609,2026-08-30,SUB0005,CK063,Dinner,Delivered,149
ORD01610,2026-08-30,SUB0414,CK008,Dinner,pending,179
ORD01611,2026-08-31,SUB0102,CK084,Dinner,Delivered,179
ORD01612,2026-08-31,SUB0214,CK008,Dinner,Delivered,129
ORD01613,2026-08-31,SUB0219,CK027,Dinner,Pending,199
ORD01614,2026-08-31,SUB0090,CK050,Lunch,Pending,129
ORD01615,2026-08-31,SUB0357,CK008,Lunch,Delivered,159
ORD01616,2026-08-31,SUB0328,CK040,Dinner,Delivered,99
ORD01617,2026-08-31,SUB0386,CK067,Dinner,DELIVERED,129
ORD01618,2026-08-31,SUB0384,CK058,Dinner,Delivered,129
ORD01619,2026-08-31,SUB0451,CK069,Lunch,Delivered,199
ORD01620,2026-08-31,SUB0511,CK087,Lunch,DELIVERED,149
ORD01621,2026-08-31,SUB0403,CK013,Lunch,DELIVERED,199
ORD01622,2026-08-31,SUB0152,CK023,Dinner,refunded,199
ORD01623,2026-08-31,SUB0464,CK071,Lunch,Delivered,199
ORD01624,2026-08-31,SUB0138,CK057,Dinner,cancelled,120
ORD01625,2026-08-31,SUB0195,CK002,Dinner,delivered,120
ORD01626,2026-08-31,SUB0425,CK048,Lunch,Delivered,149
ORD01627,2026-08-31,SUB0524,CK091,Dinner,Delivered,159
ORD01628,2026-08-31,SUB0338,CK050,Lunch,Delivered,99
ORD01629,2026-08-31,SUB0513,CK088,Lunch,Delivered,129
ORD01630,2026-08-31,SUB0477,CK024,Lunch,Delivered,149
ORD01631,2026-08-31,SUB0185,CK074,Lunch,in-progress,120
ORD01632,2026-08-31,SUB0447,CK067,Lunch,DELIVERED,129
ORD01633,2026-08-31,SUB0351,CK036,Lunch,Cancelled,129
ORD01634,2026-08-31,SUB0393,CK076,Lunch,Completed,179
ORD01635,2026-08-31,SUB0485,CK058,Dinner,Delivered,159
ORD01636,2026-08-31,SUB0241,CK051,Lunch,Delivered,179
ORD01637,2026-08-31,SUB0430,CK062,Lunch,cook_dropout,149
ORD01638,2026-08-31,SUB0444,CK025,Dinner,delivered,129
ORD01639,2026-08-31,SUB0394,CK044,Dinner,delivered,99
ORD01640,2026-08-31,SUB0252,CK025,Dinner,Delivered,159
ORD01641,2026-08-31,SUB0085,CK017,Dinner,CANCELLED,99
ORD01642,2026-08-31,SUB0249,CK001,Lunch,DELIVERED,159
ORD01643,2026-08-31,SUB0529,CK092,Lunch,Delivered,120
ORD01644,2026-08-31,SUB0182,CK044,Lunch,Delivered,159
ORD01645,2026-08-31,SUB0369,CK070,Dinner,delivered,149
ORD01646,2026-08-31,SUB0020,CK061,Lunch,Delivered,199
ORD01647,2026-08-31,SUB0355,CK051,Lunch,delivered,179
ORD01648,2026-08-31,SUB0373,CK071,Lunch,Delivered,149
ORD01649,2026-08-31,SUB0207,CK053,Lunch,pending,129
ORD01650,2026-08-31,SUB0071,CK023,Lunch,delivered,99
ORD01651,2026-08-31,SUB0108,CK068,Dinner,DELIVERED,199
ORD01652,2026-08-31,SUB0114,CK046,Lunch,refunded,99
ORD01653,2026-08-31,SUB0337,CK053,Lunch,Delivered,129
ORD01654,2026-08-31,SUB0159,CK061,Dinner,Refunded,120
ORD01655,31/08/2026,SUB0481,CK045,Dinner,DELIVERED,99
ORD01656,2026-08-31,SUB0311,CK038,Lunch,Delivered,149
ORD01657,2026-08-31,SUB0046,CK050,Dinner,Delivered,120
ORD01658,2026-08-31,SUB0405,CK006,Lunch,Completed,199
ORD01659,2026-08-31,SUB0429,CK047,Dinner,refunded,129
ORD01660,2026-08-31,SUB0133,CK061,Dinner,Delivered,129
ORD01661,2026-08-31,SUB0228,CK075,Lunch,Delivered,99
ORD01662,2026-08-31,SUB0051,CK032,Dinner,Delivered,129
ORD01663,2026-08-31,SUB0060,CK014,Lunch,Refunded,159
ORD01664,2026-08-31,SUB0109,CK038,Dinner,in-progress,159
ORD01665,2026-08-31,SUB0335,CK058,Lunch,Completed,129
ORD01666,2026-08-31,SUB0327,CK051,Dinner,Delivered,120
ORD01667,2026-08-31,SUB0515,CK088,Lunch,Cancelled,99
ORD01668,2026-08-31,SUB0522,CK090,Dinner,delivered,149
ORD01669,2026-08-31,SUB0279,CK006,Dinner,Completed,159
ORD01670,2026-08-31,SUB0076,CK077,Dinner,pending,120
ORD01671,2026-08-31,SUB0206,CK065,Dinner,delivered,120
ORD01672,2026-08-31,SUB0208,CK012,Lunch,Completed,120
ORD01673,2026-08-31,SUB0128,CK051,Dinner,Completed,179
ORD01674,2026-08-31,SUB0255,CK077,Lunch,Completed,179
ORD01675,2026-08-31,SUB0017,CK011,Lunch,Delivered,120
ORD01676,2026-08-31,SUB0164,CK050,Lunch,in-progress,149
ORD01677,2026-08-31,SUB0502,CK086,Lunch,delivered,149
ORD01678,2026-08-31,SUB0275,CK055,Dinner,delivered,199
ORD01679,2026-08-31,SUB0155,CK009,Lunch,delivered,199
ORD01680,2026-08-31,SUB0111,CK036,Lunch,delivered,159
ORD01681,2026-08-31,SUB0288,CK009,Lunch,delivered,179
ORD01682,2026-08-31,SUB0244,CK045,Dinner,Delivered,129
ORD01683,2026-08-31,SUB0153,CK057,Lunch,Delivered,159
ORD01684,2026-08-31,SUB0222,CK036,Dinner,In Progress,120
ORD01685,2026-08-31,SUB0212,CK078,Lunch,Delivered,99
ORD01686,2026-08-31,SUB0074,CK077,Dinner,Delivered,149
ORD01687,2026-08-31,SUB0025,CK068,Lunch,Delivered,129
ORD01688,2026-08-31,SUB0416,CK050,Dinner,Completed,199
ORD01689,2026-08-31,SUB0176,CK061,Dinner,Completed,99
ORD01690,2026-08-31,SUB0469,CK070,Dinner,Delivered,149
ORD01691,2026-08-31,SUB0359,CK012,Dinner,Delivered,99
ORD01692,2026-08-31,SUB0528,CK092,Lunch,CANCELLED,120
ORD01693,2026-08-31,SUB0003,CK053,Lunch,Delivered,199
ORD01694,2026-08-31,SUB0434,CK017,Lunch,delivered,199
ORD01695,2026-08-31,SUB0021,CK054,Dinner,delivered,120
ORD01696,2026-08-31,SUB0196,CK079,Lunch,Delivered,129
ORD01697,2026-08-31,SUB0177,CK047,Lunch,delivered,199
ORD01698,2026-08-31,SUB0269,CK052,Dinner,In Progress,159
ORD01699,2026-08-31,SUB0053,CK027,Dinner,delivered,149
ORD01700,2026-08-31,SUB0523,CK091,Lunch,Delivered,159
ORD01701,2026-08-31,SUB0500,CK086,Dinner,Delivered,179
ORD01702,2026-08-31,SUB0264,CK015,Lunch,DELIVERED,199
ORD01703,2026-08-31,SUB0054,CK069,Dinner,Refunded,99
ORD01704,2026-08-31,SUB0443,CK021,Dinner,Delivered,99
ORD01705,2026-08-31,SUB0349,CK028,Dinner,delivered,179
ORD01706,2026-08-31,SUB0396,CK046,Lunch,In Progress,199
ORD01707,2026-08-31,SUB0315,CK036,Lunch,refunded,129
ORD01708,2026-08-31,SUB0459,CK049,Lunch,pending,99
ORD01709,2026-08-31,SUB0446,CK032,Lunch,Cancelled,120
ORD01710,2026-08-31,SUB0400,CK036,Dinner,Delivered,129
ORD01711,2026-08-31,SUB0458,CK045,Dinner,CANCELLED,179
ORD01712,2026-08-31,SUB0465,CK067,Dinner,Completed,120
ORD01713,2026-08-31,SUB0149,CK060,Lunch,Completed,179
ORD01714,2026-08-31,SUB0052,CK002,Dinner,Delivered,149
ORD01715,2026-08-31,SUB0377,CK041,Dinner,Cancelled,149
ORD01716,2026-08-31,SUB0147,CK069,Lunch,Delivered,99
ORD01717,2026-08-31,SUB0119,CK079,Lunch,Delivered,129
ORD01718,2026-08-31,SUB0483,CK013,Lunch,Completed,159
ORD01719,2026-08-31,SUB0262,CK042,Lunch,DELIVERED,199
ORD01720,2026-08-31,SUB0378,CK072,Dinner,Delivered,159
ORD01721,2026-08-31,SUB0281,CK061,Dinner,delivered,199
ORD01722,2026-08-31,SUB0457,CK036,Dinner,Refunded,179
ORD01723,2026-08-31,SUB0414,CK008,Dinner,delivered,129
ORD01724,2026-08-31,SUB0509,CK087,Lunch,Delivered,149
ORD01725,2026-08-31,SUB0332,CK076,Dinner,Delivered,129
ORD01726,2026-08-31,SUB0247,CK006,Lunch,Delivered,149
ORD01727,2026-08-31,SUB0466,CK058,Dinner,Pending,99
ORD01728,2026-08-31,SUB0250,CK070,Dinner,Delivered,199
ORD01729,2026-08-31,SUB0225,CK051,Dinner,DELIVERED,120
ORD01730,2026-08-31,SUB0340,CK011,Dinner,DELIVERED,120
ORD01731,2026-08-31,SUB0471,CK054,Dinner,Delivered,120
ORD01732,2026-08-31,SUB0171,CK077,Lunch,Delivered,99
ORD01733,2026-08-31,SUB0516,CK088,Lunch,delivered,149
ORD01734,2026-08-31,SUB0343,CK015,Dinner,Delivered,179
ORD01735,2026-08-31,SUB0088,CK032,Lunch,Completed,129
ORD01736,2026-08-31,SUB0273,CK052,Dinner,Completed,149
ORD01737,2026-08-31,SUB0484,CK084,Dinner,Delivered,179
ORD01738,2026-08-31,SUB0302,CK043,Lunch,delivered,120
ORD01739,2026-08-31,SUB0123,CK002,Lunch,delivered,120
ORD01740,2026-08-31,SUB0497,CK086,Dinner,delivered,149
ORD01741,2026-08-31,SUB0325,CK023,Lunch,refunded,159
ORD01742,2026-08-31,SUB0463,CK060,Lunch,delivered,179
ORD01743,2026-08-31,SUB0130,CK057,Dinner,Pending,159
ORD01744,2026-08-31,SUB0098,CK069,Lunch,Completed,149
ORD01745,2026-08-31,SUB0211,CK012,Lunch,delivered,159
ORD01746,2026-08-31,SUB0445,CK036,Lunch,Cancelled,129
ORD01747,2026-08-31,SUB0389,CK038,Lunch,Cancelled,129
ORD01748,2026-08-31,SUB0121,CK026,Dinner,delivered,99
ORD01749,2026-08-31,SUB0127,CK083,Dinner,Delivered,129
ORD01750,2026-08-31,SUB0166,CK012,Dinner,Delivered,99
ORD01751,2026-08-31,SUB0488,CK018,Lunch,In Progress,99
ORD01752,2026-08-31,SUB0321,CK044,Dinner,Completed,120
ORD01753,2026-08-31,SUB0030,CK033,Lunch,Completed,179
ORD01754,31/08/2026,SUB0140,CK013,Dinner,delivered,159
ORD01755,2026-08-31,SUB0022,CK044,Dinner,Delivered,149
ORD01756,2026-08-31,SUB0440,CK015,Dinner,Delivered,199
ORD01757,2026-08-31,SUB0490,CK050,Dinner,Delivered,99
ORD01758,2026-08-31,SUB0243,CK011,Lunch,Delivered,129
ORD01759,2026-08-31,SUB0008,CK083,Dinner,delivered,179
ORD01760,2026-08-31,SUB0294,CK081,Dinner,DELIVERED,129
ORD01761,2026-08-31,SUB0193,CK029,Lunch,Completed,129
ORD01762,2026-08-31,SUB0082,CK045,Lunch,Refunded,159
ORD01763,2026-08-31,SUB0505,CK087,Lunch,Completed,199
ORD01764,2026-08-31,SUB0248,CK069,Lunch,Delivered,159
ORD01765,2026-08-31,SUB0438,CK069,Dinner,Delivered,179
ORD01766,2026-08-31,SUB0308,CK020,Dinner,refunded,159
ORD01767,2026-08-31,SUB0399,CK084,Lunch,delivered,199
ORD01768,2026-08-31,SUB0118,CK002,Dinner,Completed,129
ORD01769,2026-08-31,SUB0410,CK074,Dinner,Completed,149
ORD01770,2026-08-31,SUB0346,CK004,Dinner,Delivered,99
ORD01771,2026-08-31,SUB0227,CK003,Dinner,Pending,129
ORD01772,2026-08-31,SUB0101,CK018,Lunch,DELIVERED,179
ORD01773,2026-08-31,SUB0365,CK070,Dinner,Pending,120
ORD01774,2026-08-31,SUB0283,CK020,Dinner,In Progress,149
ORD01775,2026-08-31,SUB0129,CK057,Lunch,delivered,159
ORD01776,2026-08-31,SUB0376,CK003,Dinner,Delivered,179
ORD01777,2026-08-31,SUB0007,CK051,Dinner,delivered,99
ORD01778,2026-08-31,SUB0067,CK074,Dinner,Delivered,149
ORD01779,2026-08-31,SUB0036,CK032,Dinner,pending,199
ORD01780,2026-08-31,SUB0413,CK062,Dinner,Cook No-Show,179
ORD01781,2026-08-31,SUB0492,CK013,Dinner,cancelled,129
ORD01782,2026-08-31,SUB0235,CK004,Lunch,Delivered,129
ORD01783,2026-08-31,SUB0526,CK091,Dinner,delivered,99
ORD01784,2026-08-31,SUB0019,CK060,Lunch,pending,129
ORD01785,2026-08-31,SUB0144,CK023,Lunch,Cancelled,99
ORD01786,2026-08-31,SUB0104,CK018,Lunch,delivered,159
ORD01787,2026-08-31,SUB0012,CK056,Dinner,refunded,149
ORD01788,2026-08-31,SUB0037,CK031,Lunch,Delivered,120
ORD01789,31/08/2026,SUB0260,CK045,Dinner,DELIVERED,199
ORD01790,2026-08-31,SUB0426,CK055,Dinner,Delivered,149
ORD01791,2026-08-31,SUB0452,CK035,Dinner,Completed,199
ORD01792,2026-08-31,SUB0201,CK062,Dinner,Delivered,99
ORD01793,2026-08-31,SUB0371,CK020,Dinner,Delivered,159
ORD01794,2026-08-31,SUB0473,CK050,Dinner,Delivered,159
ORD01795,2026-08-31,SUB0267,CK071,Dinner,delivered,149
ORD01796,2026-08-31,SUB0456,CK053,Dinner,delivered,149
ORD01797,2026-08-31,SUB0180,CK049,Dinner,Cancelled,120
ORD01798,2026-08-31,SUB0183,CK024,Lunch,Delivered,120
ORD01799,2026-08-31,SUB0496,CK086,Dinner,Completed,120
ORD01800,2026-08-31,SUB0287,CK069,Lunch,Pending,129
ORD01801,2026-08-31,SUB0215,CK019,Dinner,Delivered,159
ORD01802,2026-08-31,SUB0237,CK047,Lunch,Delivered,179
ORD01803,2026-08-31,SUB0026,CK082,Dinner,Delivered,99
ORD01804,2026-08-31,SUB0079,CK021,Lunch,DELIVERED,199
ORD01805,2026-08-31,SUB0531,CK092,Lunch,Delivered,99
ORD01806,2026-08-31,SUB0512,CK087,Lunch,DELIVERED,129
ORD01807,2026-08-31,SUB0303,CK057,Dinner,Delivered,159
ORD01808,2026-08-31,SUB0246,CK023,Dinner,DELIVERED,159
ORD01809,2026-08-31,SUB0065,CK014,Lunch,delivered,199
ORD01810,2026-08-31,SUB0035,CK081,Lunch,Delivered,179
ORD01811,2026-08-31,SUB0143,CK048,Lunch,delivered,149
ORD01812,2026-08-31,SUB0032,CK003,Dinner,Delivered,199
ORD01813,2026-08-31,SUB0132,CK059,Lunch,delivered,179
ORD01814,2026-08-31,SUB0075,CK010,Dinner,Delivered,129
ORD01815,2026-08-31,SUB0202,CK064,Lunch,Delivered,199
ORD01816,2026-08-31,SUB0299,CK048,Dinner,delivered,120
ORD01817,2026-08-31,SUB0499,CK086,Lunch,Completed,129
ORD01818,2026-08-31,SUB0091,CK060,Lunch,Delivered,129
ORD01819,2026-08-31,SUB0174,CK058,Dinner,Completed,120
ORD01820,2026-08-31,SUB0027,CK075,Lunch,Delivered,120
ORD01821,2026-08-31,SUB0326,CK058,Dinner,Delivered,179
ORD01822,2026-08-31,SUB0044,CK020,Dinner,Delivered,99
ORD01823,2026-08-31,SUB0520,CK090,Dinner,In Progress,159
ORD01824,2026-08-31,SUB0158,CK027,Dinner,delivered,99
ORD01825,2026-08-31,SUB0431,CK017,Lunch,delivered,120
ORD01826,2026-08-31,SUB0103,CK017,Dinner,Delivered,199
ORD01827,2026-08-31,SUB0306,CK017,Lunch,in-progress,179
ORD01828,2026-08-31,SUB0313,CK081,Lunch,DELIVERED,179
ORD01829,2026-08-31,SUB0449,CK052,Lunch,delivered,199
ORD01830,2026-08-31,SUB0184,CK079,Lunch,Delivered,159
ORD01831,2026-08-31,SUB0265,CK036,Dinner,refunded,149
ORD01832,2026-08-31,SUB0028,CK062,Dinner,cook no show,129
ORD01833,2026-08-31,SUB0134,CK057,Lunch,delivered,159
ORD01834,2026-08-31,SUB0226,CK018,Lunch,Delivered,179
ORD01835,2026-08-31,SUB0116,CK084,Lunch,Cook No-Show,179
ORD01836,2026-08-31,SUB0205,CK005,Dinner,Delivered,129
ORD01837,2026-08-31,SUB0197,CK037,Dinner,In Progress,199
ORD01838,2026-08-31,SUB0200,CK061,Lunch,DELIVERED,129
ORD01839,2026-08-31,SUB0083,CK003,Dinner,pending,99
ORD01840,2026-08-31,SUB0259,CK020,Lunch,Pending,179
ORD01841,2026-09-01,SUB0089,CK027,Dinner,Delivered,149
ORD01842,2026-09-01,SUB0095,CK037,Lunch,Delivered,120
ORD01843,2026-09-01,SUB0136,CK080,Dinner,Delivered,99
ORD01844,2026-09-01,SUB0363,CK070,Dinner,Pending,179
ORD01845,2026-09-01,SUB0210,CK046,Lunch,Refunded,179
ORD01846,2026-09-01,SUB0051,CK032,Dinner,pending,129
ORD01847,2026-09-01,SUB0347,CK023,Lunch,cancelled,99
ORD01848,2026-09-01,SUB0487,CK051,Dinner,Delivered,99
ORD01849,2026-09-01,SUB0343,CK015,Dinner,pending,129
ORD01850,2026-09-01,SUB0429,CK047,Dinner,Delivered,179
ORD01851,2026-09-01,SUB0086,CK036,Dinner,delivered,120
ORD01852,2026-09-01,SUB0346,CK004,Dinner,Delivered,129
ORD01853,2026-09-01,SUB0126,CK083,Lunch,Delivered,99
ORD01854,2026-09-01,SUB0184,CK079,Lunch,Delivered,129
ORD01855,2026-09-01,SUB0302,CK043,Lunch,delivered,129
ORD01856,2026-09-01,SUB0214,CK008,Dinner,DELIVERED,129
ORD01857,2026-09-01,SUB0082,CK045,Lunch,DELIVERED,179
ORD01858,2026-09-01,SUB0498,CK086,Dinner,DELIVERED,99
ORD01859,2026-09-01,SUB0007,CK051,Dinner,Delivered,129
ORD01860,2026-09-01,SUB0054,CK069,Dinner,CANCELLED,199
ORD01861,2026-09-01,SUB0415,CK021,Dinner,Delivered,179
ORD01862,2026-09-01,SUB0262,CK042,Lunch,delivered,120
ORD01863,2026-09-01,SUB0530,CK092,Lunch,Completed,149
ORD01864,2026-09-01,SUB0314,CK008,Lunch,Delivered,149
ORD01865,2026-09-01,SUB0130,CK057,Lunch,DELIVERED,120
ORD01866,2026-09-01,SUB0470,CK075,Dinner,Completed,149
ORD01867,2026-09-01,SUB0125,CK067,Dinner,Completed,179
ORD01868,2026-09-01,SUB0042,CK081,Dinner,Refunded,120
ORD01869,2026-09-01,SUB0100,CK012,Lunch,delivered,199
ORD01870,2026-09-01,SUB0505,CK087,Lunch,Delivered,120
ORD01871,2026-09-01,SUB0311,CK038,Lunch,delivered,159
ORD01872,2026-09-01,SUB0056,CK014,Dinner,In Progress,179
ORD01873,2026-09-01,SUB0522,CK090,Dinner,DELIVERED,120
ORD01874,2026-09-01,SUB0209,CK045,Dinner,pending,99
ORD01875,2026-09-01,SUB0416,CK050,Dinner,Delivered,149
ORD01876,2026-09-01,SUB0328,CK040,Dinner,Delivered,99
ORD01877,2026-09-01,SUB0442,CK019,Lunch,Pending,99
ORD01878,2026-09-01,SUB0289,CK029,Lunch,DELIVERED,179
ORD01879,2026-09-01,SUB0026,CK082,Dinner,Delivered,149
ORD01880,2026-09-01,SUB0335,CK058,Lunch,delivered,99
ORD01881,2026-09-01,SUB0160,CK032,Lunch,delivered,120
ORD01882,2026-09-01,SUB0107,CK047,Lunch,Refunded,99
ORD01883,2026-09-01,SUB0131,CK064,Lunch,Cancelled,129
ORD01884,2026-09-01,SUB0094,CK083,Dinner,cancelled,99
ORD01885,2026-09-01,SUB0519,CK090,Lunch,Delivered,149
ORD01886,2026-09-01,SUB0440,CK015,Dinner,delivered,179
ORD01887,2026-09-01,SUB0142,CK014,Dinner,DELIVERED,159
ORD01888,2026-09-01,SUB0458,CK045,Dinner,Delivered,199
ORD01889,2026-09-01,SUB0170,CK032,Dinner,Delivered,149
ORD01890,2026-09-01,SUB0175,CK071,Lunch,cancelled,179
ORD01891,2026-09-01,SUB0508,CK087,Lunch,Cancelled,149
ORD01892,2026-09-01,SUB0436,CK067,Lunch,delivered,99
ORD01893,01/09/2026,SUB0199,CK075,Dinner,delivered,199
ORD01894,2026-09-01,SUB0251,CK004,Dinner,Delivered,159
ORD01895,2026-09-01,SUB0493,CK080,Dinner,Pending,129
ORD01896,2026-09-01,SUB0320,CK075,Dinner,cook_dropout,129
ORD01897,01/09/2026,SUB0315,CK036,Dinner,Refunded,99
ORD01898,2026-09-01,SUB0413,CK062,Dinner,pending,159
ORD01899,2026-09-01,SUB0201,CK062,Dinner,Delivered,159
ORD01900,2026-09-01,SUB0492,CK013,Dinner,Delivered,120
ORD01901,2026-09-01,SUB0205,CK005,Dinner,Delivered,179
ORD01902,2026-09-01,SUB0017,CK011,Lunch,Cancelled,149
ORD01903,01/09/2026,SUB0324,CK032,Lunch,pending,199
ORD01904,2026-09-01,SUB0366,CK004,Lunch,in-progress,99
ORD01905,2026-09-01,SUB0180,CK049,Dinner,cancelled,159
ORD01906,2026-09-01,SUB0298,CK060,Dinner,Delivered,120
ORD01907,2026-09-01,SUB0123,CK002,Lunch,Delivered,199
ORD01908,2026-09-01,SUB0195,CK002,Dinner,delivered,129
ORD01909,2026-09-01,SUB0234,CK049,Lunch,Completed,179
ORD01910,2026-09-01,SUB0410,CK074,Dinner,Delivered,149
ORD01911,2026-09-01,SUB0339,CK079,Lunch,Cancelled,120
ORD01912,2026-09-01,SUB0521,CK090,Lunch,Pending,179
ORD01913,2026-09-01,SUB0405,CK006,Lunch,Pending,99
ORD01914,2026-09-01,SUB0349,CK028,Dinner,delivered,120
ORD01915,2026-09-01,SUB0494,CK014,Dinner,CANCELLED,199
ORD01916,2026-09-01,SUB0290,CK047,Lunch,pending,129
ORD01917,2026-09-01,SUB0309,CK076,Lunch,Delivered,120
ORD01918,2026-09-01,SUB0463,CK060,Lunch,Completed,159
ORD01919,2026-09-01,SUB0395,CK023,Dinner,in-progress,199
ORD01920,2026-09-01,SUB0176,CK061,Dinner,Cancelled,129
ORD01921,2026-09-01,SUB0247,CK006,Lunch,in-progress,199
ORD01922,2026-09-01,SUB0430,CK062,Lunch,DELIVERED,159
ORD01923,2026-09-01,SUB0417,CK015,Dinner,Delivered,129
ORD01924,2026-09-01,SUB0029,CK014,Dinner,Delivered,129
ORD01925,2026-09-01,SUB0406,CK004,Lunch,delivered,159
ORD01926,2026-09-01,SUB0011,CK037,Lunch,Completed,199
ORD01927,2026-09-01,SUB0527,CK091,Lunch,Delivered,149
ORD01928,2026-09-01,SUB0437,CK038,Dinner,Completed,149
ORD01929,2026-09-01,SUB0068,CK001,Lunch,Delivered,179
ORD01930,2026-09-01,SUB0267,CK071,Dinner,Completed,159
ORD01931,2026-09-01,SUB0228,CK075,Dinner,Delivered,159
ORD01932,2026-09-01,SUB0340,CK011,Dinner,DELIVERED,179
ORD01933,2026-09-01,SUB0218,CK069,Lunch,delivered,159
ORD01934,2026-09-01,SUB0422,CK052,Dinner,DELIVERED,199
ORD01935,2026-09-01,SUB0049,CK013,Dinner,Delivered,149
ORD01936,2026-09-01,SUB0034,CK023,Dinner,delivered,159
ORD01937,2026-09-01,SUB0467,CK012,Lunch,DELIVERED,149
ORD01938,2026-09-01,SUB0375,CK036,Dinner,DELIVERED,199
ORD01939,2026-09-01,SUB0070,CK001,Lunch,delivered,129
ORD01940,2026-09-01,SUB0003,CK053,Lunch,delivered,159
ORD01941,2026-09-01,SUB0242,CK040,Dinner,Completed,99
ORD01942,2026-09-01,SUB0091,CK060,Lunch,refunded,99
ORD01943,2026-09-01,SUB0076,CK077,Dinner,Delivered,129
ORD01944,2026-09-01,SUB0280,CK079,Dinner,Completed,179
ORD01945,2026-09-01,SUB0173,CK032,Lunch,CANCELLED,99
ORD01946,2026-09-01,SUB0379,CK004,Dinner,Delivered,120
ORD01947,2026-09-01,SUB0030,CK033,Lunch,Delivered,149
ORD01948,2026-09-01,SUB0307,CK026,Lunch,CANCELLED,159
ORD01949,2026-09-01,SUB0233,CK021,Dinner,DELIVERED,129
ORD01950,2026-09-01,SUB0055,CK072,Dinner,Completed,149
ORD01951,2026-09-01,SUB0185,CK074,Lunch,refunded,129
ORD01952,2026-09-01,SUB0140,CK013,Dinner,Delivered,199
ORD01953,2026-09-01,SUB0337,CK053,Lunch,Refunded,179
ORD01954,2026-09-01,SUB0432,CK046,Lunch,Completed,199
ORD01955,2026-09-01,SUB0169,CK046,Dinner,DELIVERED,199
ORD01956,2026-09-01,SUB0513,CK088,Lunch,Delivered,129
ORD01957,2026-09-01,SUB0497,CK086,Dinner,delivered,149
ORD01958,2026-09-01,SUB0451,CK069,Lunch,Delivered,129
ORD01959,2026-09-01,SUB0360,CK059,Lunch,CANCELLED,149
ORD01960,2026-09-01,SUB0472,CK043,Dinner,Delivered,120
ORD01961,2026-09-01,SUB0141,CK079,Lunch,Cancelled,179
ORD01962,2026-09-01,SUB0110,CK079,Dinner,Delivered,120
ORD01963,2026-09-01,SUB0272,CK078,Lunch,Completed,120
ORD01964,2026-09-01,SUB0149,CK060,Lunch,delivered,199
ORD01965,2026-09-01,SUB0525,CK091,Dinner,DELIVERED,99
ORD01966,2026-09-01,SUB0506,CK087,Dinner,pending,179
ORD01967,2026-09-01,SUB0483,CK013,Lunch,delivered,199
ORD01968,2026-09-01,SUB0052,CK002,Dinner,Delivered,149
ORD01969,2026-09-01,SUB0132,CK059,Dinner,Delivered,199
ORD01970,2026-09-01,SUB0361,CK047,Lunch,delivered,99
ORD01971,2026-09-01,SUB0256,CK041,Lunch,Completed,99
ORD01972,2026-09-01,SUB0062,CK037,Lunch,Pending,149
ORD01973,2026-09-01,SUB0514,CK088,Lunch,in-progress,129
ORD01974,2026-09-01,SUB0481,CK045,Dinner,delivered,159
ORD01975,2026-09-01,SUB0220,CK064,Lunch,delivered,120
ORD01976,2026-09-01,SUB0159,CK061,Dinner,DELIVERED,149
ORD01977,2026-09-01,SUB0075,CK010,Dinner,Delivered,199
ORD01978,2026-09-01,SUB0283,CK020,Dinner,delivered,99
ORD01979,2026-09-01,SUB0181,CK018,Lunch,Delivered,99
ORD01980,2026-09-01,SUB0326,CK058,Dinner,delivered,99
ORD01981,2026-09-01,SUB0096,CK077,Dinner,Delivered,120
ORD01982,2026-09-01,SUB0316,CK014,Dinner,Delivered,159
ORD01983,2026-09-01,SUB0021,CK054,Dinner,Pending,159
ORD01984,2026-09-01,SUB0085,CK017,Dinner,cook_dropout,99
ORD01985,2026-09-01,SUB0454,CK003,Lunch,DELIVERED,120
ORD01986,2026-09-01,SUB0287,CK069,Lunch,Pending,149
ORD01987,01/09/2026,SUB0296,CK047,Lunch,cancelled,159
ORD01988,2026-09-01,SUB0510,CK087,Dinner,delivered,149
ORD01989,2026-09-01,SUB0288,CK009,Dinner,Cancelled,179
ORD01990,2026-09-01,SUB0502,CK086,Lunch,DELIVERED,120
ORD01991,2026-09-01,SUB0245,CK060,Dinner,Delivered,120
ORD01992,2026-09-01,SUB0171,CK077,Lunch,Delivered,129
ORD01993,2026-09-01,SUB0400,CK036,Dinner,In Progress,129
ORD01994,2026-09-01,SUB0111,CK036,Lunch,pending,129
ORD01995,2026-09-01,SUB0398,CK003,Lunch,cancelled,129
ORD01996,01/09/2026,SUB0113,CK004,Dinner,Completed,149
ORD01997,2026-09-01,SUB0279,CK006,Dinner,DELIVERED,129
ORD01998,2026-09-01,SUB0010,CK014,Dinner,Delivered,120
ORD01999,2026-09-01,SUB0144,CK023,Lunch,cancelled,120
ORD02000,2026-09-01,SUB0016,CK061,Dinner,Delivered,129
ORD02001,2026-09-01,SUB0313,CK081,Lunch,Delivered,149
ORD02002,2026-09-01,SUB0282,CK060,Lunch,Completed,179
ORD02003,01/09/2026,SUB0022,CK044,Dinner,DELIVERED,179
ORD02004,2026-09-01,SUB0352,CK020,Lunch,Pending,120
ORD02005,2026-09-01,SUB0079,CK021,Lunch,DELIVERED,199
ORD02006,2026-09-01,SUB0250,CK070,Dinner,Completed,120
ORD02007,2026-09-01,SUB0013,CK040,Dinner,Delivered,179
ORD02008,2026-09-01,SUB0490,CK050,Dinner,Delivered,129
ORD02009,2026-09-01,SUB0257,CK069,Lunch,Delivered,199
ORD02010,2026-09-01,SUB0390,CK049,Dinner,Delivered,159
ORD02011,2026-09-01,SUB0124,CK049,Dinner,Delivered,129
ORD02012,2026-09-01,SUB0083,CK003,Dinner,DELIVERED,199
ORD02013,2026-09-01,SUB0268,CK068,Dinner,Completed,159
ORD02014,2026-09-01,SUB0332,CK076,Dinner,DELIVERED,120
ORD02015,2026-09-01,SUB0292,CK047,Dinner,Delivered,179
ORD02016,2026-09-01,SUB0197,CK037,Dinner,pending,129
ORD02017,2026-09-01,SUB0354,CK057,Dinner,in-progress,99
ORD02018,2026-09-01,SUB0163,CK029,Dinner,Delivered,120
ORD02019,2026-09-01,SUB0499,CK086,Lunch,Delivered,120
ORD02020,2026-09-01,SUB0397,CK064,Dinner,Pending,149
ORD02021,2026-09-01,SUB0359,CK012,Dinner,CANCELLED,120
ORD02022,2026-09-01,SUB0471,CK054,Dinner,Delivered,99
ORD02023,2026-09-01,SUB0238,CK080,Dinner,Delivered,120
ORD02024,2026-09-01,SUB0211,CK012,Lunch,Pending,179
ORD02025,2026-09-01,SUB0121,CK026,Lunch,Refunded,159
ORD02026,2026-09-01,SUB0038,CK005,Lunch,DELIVERED,120
ORD02027,2026-09-01,SUB0485,CK058,Lunch,Delivered,149
ORD02028,2026-09-01,SUB0119,CK079,Lunch,Delivered,159
ORD02029,2026-09-01,SUB0104,CK018,Lunch,In Progress,120
ORD02030,2026-09-01,SUB0420,CK008,Lunch,Delivered,120
ORD02031,2026-09-01,SUB0254,CK003,Dinner,DELIVERED,129
ORD02032,2026-09-01,SUB0182,CK044,Lunch,delivered,179
ORD02033,2026-09-01,SUB0157,CK052,Dinner,Delivered,159
ORD02034,2026-09-01,SUB0331,CK062,Lunch,Cook No-Show,120
ORD02035,2026-09-01,SUB0515,CK088,Lunch,Delivered,159
ORD02036,2026-09-01,SUB0235,CK004,Lunch,delivered,199
ORD02037,2026-09-01,SUB0117,CK014,Dinner,Completed,99
ORD02038,2026-09-01,SUB0093,CK041,Dinner,DELIVERED,99
ORD02039,2026-09-01,SUB0219,CK027,Dinner,delivered,129
ORD02040,2026-09-01,SUB0486,CK010,Lunch,pending,159
ORD02041,2026-09-01,SUB0145,CK081,Dinner,In Progress,129
ORD02042,2026-09-01,SUB0072,CK074,Dinner,Delivered,149
ORD02043,2026-09-01,SUB0223,CK040,Lunch,Delivered,120
ORD02044,2026-09-01,SUB0133,CK061,Dinner,DELIVERED,179
ORD02045,2026-09-01,SUB0198,CK058,Dinner,delivered,179
ORD02046,2026-09-01,SUB0153,CK057,Lunch,Completed,129
ORD02047,2026-09-01,SUB0443,CK021,Dinner,Delivered,99
ORD02048,2026-09-01,SUB0323,CK084,Lunch,Completed,129
ORD02049,2026-09-01,SUB0188,CK045,Dinner,cancelled,129
ORD02050,2026-09-01,SUB0322,CK017,Dinner,Delivered,120
ORD02051,2026-09-01,SUB0399,CK084,Lunch,Completed,99
ORD02052,2026-09-01,SUB0183,CK024,Dinner,Delivered,149
ORD02053,2026-09-01,SUB0073,CK074,Lunch,Delivered,120
ORD02054,2026-09-01,SUB0381,CK018,Lunch,No Show,179
ORD02055,2026-09-01,SUB0090,CK050,Lunch,refunded,129
ORD02056,2026-09-01,SUB0274,CK046,Dinner,delivered,199
ORD02057,2026-09-01,SUB0520,CK090,Dinner,Completed,179
ORD02058,2026-09-01,SUB0207,CK053,Lunch,delivered,149
ORD02059,2026-09-01,SUB0137,CK051,Dinner,delivered,159
ORD02060,2026-09-01,SUB0350,CK081,Lunch,delivered,199
ORD02061,2026-09-01,SUB0227,CK003,Lunch,delivered,129
ORD02062,2026-09-01,SUB0212,CK078,Dinner,Delivered,120
ORD02063,2026-09-01,SUB0192,CK075,Lunch,Completed,199
ORD02064,2026-09-01,SUB0116,CK084,Lunch,refunded,199
ORD02065,2026-09-01,SUB0204,CK084,Dinner,Pending,159
ORD02066,2026-09-01,SUB0253,CK023,Dinner,Delivered,179
ORD02067,2026-09-01,SUB0044,CK020,Dinner,Delivered,99
ORD02068,2026-09-01,SUB0517,CK090,Lunch,Cancelled,99
ORD02069,2026-09-01,SUB0258,CK014,Lunch,Completed,179
ORD02070,2026-09-01,SUB0265,CK036,Dinner,Delivered,99
ORD02071,2026-09-02,SUB0523,CK091,Lunch,Completed,199
ORD02072,2026-09-02,SUB0289,CK029,Dinner,cook_dropout,129
ORD02073,2026-09-02,SUB0210,CK046,Lunch,Completed,179
ORD02074,2026-09-02,SUB0074,CK077,Dinner,Delivered,129
ORD02075,2026-09-02,SUB0032,CK003,Dinner,Delivered,159
ORD02076,2026-09-02,SUB0373,CK071,Lunch,Delivered,199
ORD02077,2026-09-02,SUB0053,CK027,Lunch,Delivered,199
ORD02078,2026-09-02,SUB0233,CK021,Dinner,cancelled,179
ORD02079,2026-09-02,SUB0458,CK045,Dinner,Delivered,120
ORD02080,2026-09-02,SUB0522,CK090,Dinner,cancelled,179
ORD02081,2026-09-02,SUB0185,CK074,Lunch,Completed,199
ORD02082,2026-09-02,SUB0500,CK086,Dinner,Delivered,199
ORD02083,2026-09-02,SUB0519,CK090,Lunch,Delivered,159
ORD02084,2026-09-02,SUB0070,CK001,Lunch,cancelled,120
ORD02085,2026-09-02,SUB0075,CK010,Dinner,DELIVERED,179
ORD02086,2026-09-02,SUB0048,CK081,Lunch,CANCELLED,149
ORD02087,2026-09-02,SUB0066,CK021,Dinner,Delivered,120
ORD02088,2026-09-02,SUB0283,CK020,Dinner,Delivered,120
ORD02089,02/09/2026,SUB0407,CK054,Dinner,DELIVERED,149
ORD02090,2026-09-02,SUB0285,CK053,Lunch,DELIVERED,129
ORD02091,2026-09-02,SUB0477,CK024,Dinner,delivered,129
ORD02092,2026-09-02,SUB0250,CK070,Dinner,Delivered,120
ORD02093,2026-09-02,SUB0017,CK011,Lunch,Completed,149
ORD02094,2026-09-02,SUB0472,CK043,Dinner,Completed,159
ORD02095,2026-09-02,SUB0107,CK047,Lunch,Delivered,120
ORD02096,2026-09-02,SUB0141,CK079,Lunch,Delivered,149
ORD02097,2026-09-02,SUB0082,CK045,Lunch,delivered,129
ORD02098,2026-09-02,SUB0247,CK006,Dinner,Completed,149
ORD02099,2026-09-02,SUB0483,CK013,Lunch,delivered,159
ORD02100,2026-09-02,SUB0464,CK071,Lunch,delivered,99
ORD02101,2026-09-02,SUB0333,CK075,Dinner,Delivered,120
ORD02102,2026-09-02,SUB0375,CK036,Dinner,delivered,99
ORD02103,2026-09-02,SUB0038,CK005,Lunch,Completed,199
ORD02104,02/09/2026,SUB0137,CK051,Dinner,Delivered,179
ORD02105,2026-09-02,SUB0497,CK086,Dinner,Delivered,179
ORD02106,2026-09-02,SUB0223,CK040,Lunch,Delivered,199
ORD02107,2026-09-02,SUB0438,CK069,Dinner,In Progress,159
ORD02108,2026-09-02,SUB0434,CK017,Lunch,refunded,159
ORD02109,2026-09-02,SUB0180,CK049,Dinner,DELIVERED,120
ORD02110,2026-09-02,SUB0315,CK036,Lunch,Delivered,149
ORD02111,2026-09-02,SUB0301,CK084,Dinner,Cancelled - Cook Unavailable,120
ORD02112,2026-09-02,SUB0065,CK014,Lunch,DELIVERED,99
ORD02113,2026-09-02,SUB0313,CK081,Lunch,Delivered,129
ORD02114,2026-09-02,SUB0207,CK053,Lunch,in-progress,99
ORD02115,2026-09-02,SUB0220,CK064,Dinner,Delivered,199
ORD02116,2026-09-02,SUB0016,CK061,Dinner,refunded,120
ORD02117,2026-09-02,SUB0414,CK008,Dinner,Delivered,179
ORD02118,2026-09-02,SUB0258,CK014,Lunch,CANCELLED,99
ORD02119,2026-09-02,SUB0420,CK008,Lunch,delivered,149
ORD02120,2026-09-02,SUB0134,CK057,Lunch,pending,159
ORD02121,2026-09-02,SUB0030,CK033,Lunch,Completed,149
ORD02122,2026-09-02,SUB0173,CK032,Lunch,Cancelled,199
ORD02123,2026-09-02,SUB0281,CK061,Dinner,Refunded,120
ORD02124,2026-09-02,SUB0196,CK079,Lunch,delivered,159
ORD02125,2026-09-02,SUB0327,CK051,Dinner,Delivered,199
ORD02126,2026-09-02,SUB0498,CK086,Dinner,DELIVERED,159
ORD02127,2026-09-02,SUB0049,CK013,Dinner,Pending,199
ORD02128,2026-09-02,SUB0381,CK018,Dinner,Delivered,129
ORD02129,2026-09-02,SUB0526,CK091,Dinner,Refunded,159
ORD02130,2026-09-02,SUB0479,CK052,Dinner,pending,149
ORD02131,2026-09-02,SUB0077,CK081,Dinner,DELIVERED,179
ORD02132,2026-09-02,SUB0244,CK045,Dinner,pending,149
ORD02133,2026-09-02,SUB0172,CK045,Lunch,Delivered,129
ORD02134,2026-09-02,SUB0505,CK087,Lunch,Refunded,120
ORD02135,2026-09-02,SUB0389,CK038,Lunch,Delivered,159
ORD02136,2026-09-02,SUB0411,CK062,Dinner,Cancelled - Cook Unavailable,159
ORD02137,2026-09-02,SUB0360,CK059,Lunch,Delivered,99
ORD02138,2026-09-02,SUB0153,CK057,Lunch,Delivered,199
ORD02139,2026-09-02,SUB0470,CK075,Lunch,DELIVERED,199
ORD02140,2026-09-02,SUB0007,CK051,Dinner,Delivered,199
ORD02141,2026-09-02,SUB0311,CK038,Lunch,Completed,199
ORD02142,2026-09-02,SUB0508,CK087,Lunch,pending,159
ORD02143,2026-09-02,SUB0104,CK018,Lunch,Delivered,199
ORD02144,2026-09-02,SUB0131,CK064,Dinner,Delivered,99
ORD02145,2026-09-02,SUB0148,CK003,Dinner,Delivered,179
ORD02146,2026-09-02,SUB0432,CK046,Dinner,Delivered,99
ORD02147,2026-09-02,SUB0218,CK069,Lunch,DELIVERED,199
ORD02148,2026-09-02,SUB0209,CK045,Dinner,pending,179
ORD02149,2026-09-02,SUB0125,CK067,Lunch,delivered,99
ORD02150,2026-09-02,SUB0014,CK065,Dinner,Completed,120
ORD02151,2026-09-02,SUB0085,CK017,Lunch,Delivered,159
ORD02152,02/09/2026,SUB0102,CK084,Dinner,Delivered,120
ORD02153,2026-09-02,SUB0192,CK075,Lunch,delivered,120
ORD02154,2026-09-02,SUB0171,CK077,Lunch,Completed,159
ORD02155,2026-09-02,SUB0335,CK058,Dinner,Cancelled,120
ORD02156,2026-09-02,SUB0394,CK044,Dinner,Completed,179
ORD02157,2026-09-02,SUB0476,CK010,Lunch,Refunded,120
ORD02158,2026-09-02,SUB0502,CK086,Lunch,Cancelled,199
ORD02159,02/09/2026,SUB0294,CK081,Lunch,delivered,129
ORD02160,2026-09-02,SUB0124,CK049,Dinner,refunded,199
ORD02161,2026-09-02,SUB0181,CK018,Lunch,Delivered,179
ORD02162,2026-09-02,SUB0273,CK052,Dinner,Delivered,199
ORD02163,2026-09-02,SUB0473,CK050,Dinner,DELIVERED,159
ORD02164,2026-09-02,SUB0320,CK075,Dinner,DELIVERED,120
ORD02165,2026-09-02,SUB0089,CK027,Dinner,No Show,120
ORD02166,2026-09-02,SUB0280,CK079,Dinner,Completed,199
ORD02167,2026-09-02,SUB0316,CK014,Dinner,CANCELLED,199
ORD02168,2026-09-02,SUB0486,CK010,Lunch,DELIVERED,149
ORD02169,2026-09-02,SUB0429,CK047,Dinner,delivered,99
ORD02170,2026-09-02,SUB0162,CK080,Lunch,CANCELLED,120
ORD02171,2026-09-02,SUB0062,CK037,Dinner,Pending,149
ORD02172,2026-09-02,SUB0005,CK063,Dinner,refunded,159
ORD02173,2026-09-02,SUB0322,CK017,Dinner,Delivered,159
ORD02174,2026-09-02,SUB0249,CK001,Dinner,Delivered,159
ORD02175,2026-09-02,SUB0146,CK044,Dinner,Delivered,149
ORD02176,2026-09-02,SUB0509,CK087,Lunch,delivered,149
ORD02177,2026-09-02,SUB0386,CK067,Dinner,Cancelled,129
ORD02178,2026-09-02,SUB0430,CK062,Lunch,cancelled,149
ORD02179,2026-09-02,SUB0354,CK057,Dinner,delivered,99
ORD02180,2026-09-02,SUB0409,CK071,Lunch,delivered,199
ORD02181,2026-09-02,SUB0095,CK037,Lunch,DELIVERED,99
ORD02182,2026-09-02,SUB0096,CK077,Dinner,Completed,99
ORD02183,2026-09-02,SUB0275,CK055,Dinner,Delivered,149
ORD02184,2026-09-02,SUB0069,CK027,Dinner,Delivered,159
ORD02185,02/09/2026,SUB0529,CK092,Lunch,DELIVERED,129
ORD02186,2026-09-02,SUB0133,CK061,Lunch,cancelled,149
ORD02187,2026-09-02,SUB0485,CK058,Dinner,Delivered,199
ORD02188,2026-09-02,SUB0309,CK076,Lunch,Refunded,199
ORD02189,2026-09-02,SUB0227,CK003,Lunch,Delivered,99
ORD02190,2026-09-02,SUB0531,CK092,Lunch,Delivered,99
ORD02191,2026-09-02,SUB0122,CK023,Dinner,delivered,199
ORD02192,2026-09-02,SUB0208,CK012,Lunch,delivered,179
ORD02193,2026-09-02,SUB0297,CK019,Lunch,Delivered,120
ORD02194,02/09/2026,SUB0274,CK046,Dinner,Cancelled,149
ORD02195,2026-09-02,SUB0439,CK077,Dinner,Delivered,159
ORD02196,2026-09-02,SUB0515,CK088,Lunch,Refunded,159
ORD02197,2026-09-02,SUB0046,CK050,Dinner,Completed,199
ORD02198,2026-09-02,SUB0517,CK090,Lunch,Delivered,120
ORD02199,2026-09-02,SUB0484,CK084,Dinner,Completed,179
ORD02200,02/09/2026,SUB0034,CK023,Lunch,Delivered,99
ORD02201,2026-09-02,SUB0521,CK090,Lunch,Pending,199
ORD02202,2026-09-02,SUB0427,CK058,Dinner,Delivered,129
ORD02203,2026-09-02,SUB0228,CK075,Lunch,cancelled,179
ORD02204,2026-09-02,SUB0195,CK002,Dinner,Delivered,199
ORD02205,2026-09-02,SUB0359,CK012,Dinner,cancelled,179
ORD02206,2026-09-02,SUB0520,CK090,Dinner,delivered,159
ORD02207,2026-09-02,SUB0246,CK023,Dinner,Delivered,179
ORD02208,2026-09-02,SUB0460,CK053,Lunch,Refunded,149
ORD02209,2026-09-02,SUB0253,CK023,Dinner,Pending,199
ORD02210,2026-09-02,SUB0344,CK055,Dinner,Delivered,159
ORD02211,2026-09-02,SUB0094,CK083,Dinner,Delivered,99
ORD02212,2026-09-02,SUB0481,CK045,Dinner,Delivered,159
ORD02213,2026-09-02,SUB0291,CK048,Lunch,Delivered,199
ORD02214,2026-09-02,SUB0511,CK087,Lunch,Delivered,120
ORD02215,2026-09-02,SUB0152,CK023,Dinner,pending,120
ORD02216,2026-09-02,SUB0443,CK021,Dinner,Delivered,99
ORD02217,2026-09-02,SUB0235,CK004,Lunch,Refunded,129
ORD02218,2026-09-02,SUB0415,CK021,Dinner,Completed,179
ORD02219,2026-09-02,SUB0136,CK080,Dinner,DELIVERED,199
ORD02220,2026-09-02,SUB0080,CK075,Lunch,Refunded,199
ORD02221,2026-09-02,SUB0340,CK011,Dinner,in-progress,159
ORD02222,2026-09-02,SUB0190,CK002,Dinner,Delivered,159
ORD02223,2026-09-02,SUB0380,CK071,Dinner,In Progress,179
ORD02224,2026-09-02,SUB0267,CK071,Lunch,Completed,179
ORD02225,2026-09-02,SUB0144,CK023,Lunch,Refunded,129
ORD02226,2026-09-02,SUB0198,CK058,Dinner,in-progress,99
ORD02227,2026-09-02,SUB0116,CK084,Lunch,delivered,199
ORD02228,2026-09-02,SUB0033,CK020,Lunch,Delivered,99
ORD02229,2026-09-02,SUB0393,CK076,Dinner,Completed,199
ORD02230,2026-09-02,SUB0024,CK003,Lunch,refunded,99
ORD02231,2026-09-02,SUB0308,CK020,Lunch,Delivered,149
ORD02232,2026-09-02,SUB0369,CK070,Lunch,Cancelled,129
ORD02233,2026-09-02,SUB0348,CK081,Lunch,Delivered,129
ORD02234,2026-09-02,SUB0506,CK087,Dinner,Refunded,159
ORD02235,2026-09-02,SUB0079,CK021,Lunch,delivered,149
ORD02236,2026-09-02,SUB0114,CK046,Lunch,Delivered,149
ORD02237,2026-09-02,SUB0416,CK050,Dinner,Completed,149
ORD02238,2026-09-02,SUB0183,CK024,Dinner,Pending,99
ORD02239,2026-09-02,SUB0374,CK077,Lunch,Delivered,129
ORD02240,2026-09-02,SUB0021,CK054,Dinner,Completed,120
ORD02241,2026-09-02,SUB0466,CK058,Dinner,Delivered,159
ORD02242,2026-09-02,SUB0366,CK004,Lunch,CANCELLED,199
ORD02243,2026-09-02,SUB0501,CK086,Lunch,Delivered,129
ORD02244,2026-09-02,SUB0428,CK048,Lunch,Cancelled,120
ORD02245,2026-09-02,SUB0240,CK010,Dinner,Refunded,199
ORD02246,2026-09-02,SUB0188,CK045,Dinner,Delivered,159
ORD02247,2026-09-02,SUB0431,CK017,Dinner,DELIVERED,159
ORD02248,2026-09-02,SUB0044,CK020,Lunch,Completed,120
ORD02249,2026-09-02,SUB0176,CK061,Lunch,refunded,129
ORD02250,2026-09-02,SUB0401,CK002,Lunch,Completed,149
ORD02251,2026-09-02,SUB0041,CK026,Dinner,Delivered,159
ORD02252,2026-09-02,SUB0214,CK008,Dinner,Refunded,129
ORD02253,2026-09-02,SUB0487,CK051,Dinner,delivered,149
ORD02254,2026-09-02,SUB0059,CK048,Dinner,Completed,129
ORD02255,2026-09-02,SUB0219,CK027,Dinner,Completed,199
ORD02256,2026-09-02,SUB0321,CK044,Dinner,DELIVERED,149
ORD02257,2026-09-02,SUB0262,CK042,Dinner,DELIVERED,159
ORD02258,2026-09-02,SUB0469,CK070,Lunch,delivered,199
ORD02259,2026-09-02,SUB0269,CK052,Lunch,Completed,159
ORD02260,2026-09-02,SUB0376,CK003,Dinner,delivered,129
ORD02261,2026-09-02,SUB0338,CK050,Lunch,delivered,149
ORD02262,2026-09-02,SUB0390,CK049,Dinner,Delivered,179
ORD02263,2026-09-02,SUB0383,CK048,Dinner,Completed,99
ORD02264,2026-09-02,SUB0058,CK047,Lunch,In Progress,159
ORD02265,2026-09-02,SUB0224,CK058,Lunch,DELIVERED,99
ORD02266,2026-09-02,SUB0100,CK012,Lunch,Completed,99
ORD02267,2026-09-02,SUB0111,CK036,Dinner,delivered,159
ORD02268,2026-09-02,SUB0426,CK055,Dinner,Completed,120
ORD02269,2026-09-02,SUB0159,CK061,Lunch,In Progress,179
ORD02270,2026-09-02,SUB0300,CK037,Lunch,Delivered,120
ORD02271,2026-09-02,SUB0029,CK014,Dinner,Delivered,99
ORD02272,2026-09-02,SUB0099,CK070,Dinner,Delivered,129
ORD02273,2026-09-02,SUB0467,CK012,Lunch,DELIVERED,159
ORD02274,2026-09-02,SUB0468,CK002,Dinner,CANCELLED,159
ORD02275,2026-09-02,SUB0276,CK049,Dinner,Cancelled,199
ORD02276,2026-09-02,SUB0532,CK092,Dinner,delivered,129
ORD02277,2026-09-02,SUB0292,CK047,Dinner,Delivered,120
ORD02278,2026-09-02,SUB0488,CK018,Dinner,Delivered,149
ORD02279,2026-09-02,SUB0003,CK053,Lunch,Delivered,129
ORD02280,2026-09-02,SUB0204,CK084,Dinner,Delivered,199
ORD02281,2026-09-02,SUB0507,CK087,Dinner,Delivered,149
ORD02282,2026-09-02,SUB0056,CK014,Dinner,Delivered,159
ORD02283,2026-09-02,SUB0391,CK044,Lunch,Delivered,149
ORD02284,2026-09-02,SUB0510,CK087,Dinner,Delivered,99
ORD02285,2026-09-02,SUB0123,CK002,Lunch,Delivered,179
ORD02286,2026-09-02,SUB0319,CK047,Lunch,Delivered,179
ORD02287,2026-09-02,SUB0463,CK060,Lunch,Delivered,149
ORD02288,2026-09-02,SUB0022,CK044,Dinner,Delivered,129
ORD02289,2026-09-02,SUB0449,CK052,Lunch,Pending,149
ORD02290,2026-09-02,SUB0495,CK086,Dinner,Cancelled,149
ORD02291,2026-09-02,SUB0402,CK060,Dinner,Delivered,149
ORD02292,2026-09-02,SUB0054,CK069,Dinner,CANCELLED,199
ORD02293,2026-09-02,SUB0303,CK057,Dinner,refunded,120
ORD02294,2026-09-02,SUB0254,CK003,Dinner,refunded,179
ORD02295,2026-09-02,SUB0177,CK047,Lunch,DELIVERED,199
ORD02296,2026-09-02,SUB0088,CK032,Lunch,delivered,159
ORD02297,02/09/2026,SUB0288,CK009,Lunch,cook no show,199
ORD02298,02/09/2026,SUB0236,CK076,Dinner,delivered,99
ORD02299,2026-09-02,SUB0211,CK012,Dinner,Completed,149
ORD02300,2026-09-02,SUB0151,CK064,Dinner,delivered,149
ORD02301,2026-09-03,SUB0255,CK077,Lunch,delivered,179
ORD02302,2026-09-03,SUB0267,CK071,Lunch,Pending,120
ORD02303,2026-09-03,SUB0522,CK090,Dinner,DELIVERED,159
ORD02304,2026-09-03,SUB0046,CK050,Dinner,Delivered,120
ORD02305,2026-09-03,SUB0413,CK062,Dinner,DELIVERED,199
ORD02306,2026-09-03,SUB0031,CK018,Lunch,Cancelled,129
ORD02307,2026-09-03,SUB0200,CK061,Lunch,Delivered,199
ORD02308,2026-09-03,SUB0173,CK032,Lunch,Delivered,129
ORD02309,2026-09-03,SUB0053,CK027,Dinner,cook_dropout,99
ORD02310,2026-09-03,SUB0455,CK014,Dinner,Delivered,99
ORD02311,2026-09-03,SUB0008,CK083,Dinner,Completed,199
ORD02312,2026-09-03,SUB0464,CK071,Lunch,Delivered,199
ORD02313,2026-09-03,SUB0428,CK048,Lunch,Delivered,120
ORD02314,2026-09-03,SUB0178,CK027,Lunch,Delivered,179
ORD02315,03/09/2026,SUB0220,CK064,Dinner,cancelled,99
ORD02316,2026-09-03,SUB0144,CK023,Lunch,delivered,159
ORD02317,2026-09-03,SUB0350,CK081,Lunch,Delivered,129
ORD02318,03/09/2026,SUB0150,CK001,Dinner,delivered,179
ORD02319,2026-09-03,SUB0112,CK046,Lunch,Completed,149
ORD02320,2026-09-03,SUB0459,CK049,Lunch,delivered,120
ORD02321,2026-09-03,SUB0244,CK045,Dinner,delivered,149
ORD02322,2026-09-03,SUB0271,CK004,Lunch,Delivered,120
ORD02323,2026-09-03,SUB0038,CK005,Lunch,Delivered,179
ORD02324,2026-09-03,SUB0381,CK018,Dinner,Delivered,179
ORD02325,2026-09-03,SUB0252,CK025,Dinner,Pending,120
ORD02326,2026-09-03,SUB0382,CK075,Dinner,Delivered,120
ORD02327,2026-09-03,SUB0371,CK020,Dinner,DELIVERED,179
ORD02328,2026-09-03,SUB0453,CK072,Lunch,pending,120
ORD02329,2026-09-03,SUB0308,CK020,Lunch,Delivered,120
ORD02330,2026-09-03,SUB0185,CK074,Lunch,cancelled,199
ORD02331,2026-09-03,SUB0016,CK061,Dinner,Delivered,179
ORD02332,2026-09-03,SUB0429,CK047,Dinner,Delivered,120
ORD02333,2026-09-03,SUB0375,CK036,Dinner,delivered,159
ORD02334,2026-09-03,SUB0268,CK068,Lunch,No Show,149
ORD02335,2026-09-03,SUB0139,CK023,Dinner,Completed,179
ORD02336,2026-09-03,SUB0023,CK070,Dinner,pending,120
ORD02337,2026-09-03,SUB0482,CK068,Dinner,delivered,129
ORD02338,2026-09-03,SUB0239,CK065,Dinner,pending,159
ORD02339,2026-09-03,SUB0332,CK076,Dinner,delivered,159
ORD02340,2026-09-03,SUB0007,CK051,Lunch,cook no show,129
ORD02341,2026-09-03,SUB0389,CK038,Lunch,Completed,179
ORD02342,2026-09-03,SUB0262,CK042,Dinner,Delivered,179
ORD02343,2026-09-03,SUB0387,CK071,Lunch,delivered,179
ORD02344,2026-09-03,SUB0024,CK003,Dinner,delivered,179
ORD02345,2026-09-03,SUB0480,CK057,Lunch,CANCELLED,129
ORD02346,2026-09-03,SUB0462,CK044,Dinner,DELIVERED,120
ORD02347,2026-09-03,SUB0487,CK051,Dinner,Cancelled,149
ORD02348,2026-09-03,SUB0292,CK047,Dinner,Delivered,99
ORD02349,2026-09-03,SUB0466,CK058,Dinner,Completed,120
ORD02350,2026-09-03,SUB0146,CK044,Lunch,pending,129
ORD02351,2026-09-03,SUB0527,CK091,Lunch,CANCELLED,120
ORD02352,2026-09-03,SUB0421,CK079,Lunch,delivered,159
ORD02353,2026-09-03,SUB0148,CK003,Dinner,delivered,179
ORD02354,2026-09-03,SUB0203,CK002,Lunch,DELIVERED,199
ORD02355,2026-09-03,SUB0013,CK040,Dinner,delivered,99
ORD02356,2026-09-03,SUB0426,CK055,Dinner,Pending,149
ORD02357,2026-09-03,SUB0498,CK086,Dinner,Delivered,159
ORD02358,2026-09-03,SUB0316,CK014,Dinner,Completed,129
ORD02359,2026-09-03,SUB0515,CK088,Lunch,Delivered,129
ORD02360,2026-09-03,SUB0325,CK023,Lunch,Delivered,129
ORD02361,2026-09-03,SUB0055,CK072,Dinner,Delivered,179
ORD02362,2026-09-03,SUB0028,CK062,Dinner,delivered,99
ORD02363,2026-09-03,SUB0108,CK068,Dinner,pending,120
ORD02364,2026-09-03,SUB0075,CK010,Dinner,Delivered,199
ORD02365,2026-09-03,SUB0192,CK075,Lunch,Cancelled,129
ORD02366,2026-09-03,SUB0059,CK048,Dinner,delivered,99
ORD02367,2026-09-03,SUB0314,CK008,Lunch,Delivered,159
ORD02368,2026-09-03,SUB0122,CK023,Dinner,Delivered,120
ORD02369,2026-09-03,SUB0096,CK077,Dinner,Delivered,159
ORD02370,2026-09-03,SUB0202,CK064,Lunch,Delivered,199
ORD02371,2026-09-03,SUB0018,CK032,Dinner,Delivered,120
ORD02372,2026-09-03,SUB0257,CK069,Lunch,delivered,120
ORD02373,2026-09-03,SUB0529,CK092,Lunch,Delivered,179
ORD02374,2026-09-03,SUB0471,CK054,Dinner,Completed,179
ORD02375,2026-09-03,SUB0484,CK084,Dinner,Delivered,149
ORD02376,2026-09-03,SUB0393,CK076,Lunch,Delivered,129
ORD02377,2026-09-03,SUB0266,CK044,Dinner,DELIVERED,129
ORD02378,2026-09-03,SUB0051,CK032,Dinner,DELIVERED,120
ORD02379,2026-09-03,SUB0328,CK040,Dinner,Delivered,179
ORD02380,2026-09-03,SUB0196,CK079,Lunch,Refunded,149
ORD02381,2026-09-03,SUB0019,CK060,Lunch,Pending,120
ORD02382,2026-09-03,SUB0065,CK014,Lunch,delivered,199
ORD02383,2026-09-03,SUB0068,CK001,Lunch,Delivered,149
ORD02384,2026-09-03,SUB0477,CK024,Dinner,Refunded,120
ORD02385,2026-09-03,SUB0407,CK054,Dinner,In Progress,149
ORD02386,2026-09-03,SUB0236,CK076,Dinner,Delivered,159
ORD02387,2026-09-03,SUB0190,CK002,Dinner,Delivered,129
ORD02388,2026-09-03,SUB0427,CK058,Dinner,Delivered,179
ORD02389,2026-09-03,SUB0362,CK069,Lunch,pending,99
ORD02390,2026-09-03,SUB0317,CK055,Lunch,Delivered,179
ORD02391,2026-09-03,SUB0384,CK058,Lunch,Delivered,159
ORD02392,2026-09-03,SUB0273,CK052,Dinner,cancelled,129
ORD02393,2026-09-03,SUB0294,CK081,Dinner,delivered,129
ORD02394,2026-09-03,SUB0379,CK004,Dinner,pending,179
ORD02395,2026-09-03,SUB0511,CK087,Lunch,DELIVERED,99
ORD02396,2026-09-03,SUB0232,CK045,Dinner,Delivered,179
ORD02397,2026-09-03,SUB0226,CK018,Lunch,Completed,120
ORD02398,2026-09-03,SUB0334,CK077,Lunch,Delivered,120
ORD02399,2026-09-03,SUB0005,CK063,Dinner,Completed,129
ORD02400,2026-09-03,SUB0064,CK024,Dinner,Delivered,129
ORD02401,2026-09-03,SUB0170,CK032,Dinner,pending,99
ORD02402,2026-09-03,SUB0251,CK004,Dinner,Delivered,129
ORD02403,2026-09-03,SUB0502,CK086,Lunch,Cancelled,179
ORD02404,2026-09-03,SUB0521,CK090,Dinner,DELIVERED,199
ORD02405,2026-09-03,SUB0460,CK053,Lunch,delivered,149
ORD02406,2026-09-03,SUB0073,CK074,Lunch,Completed,120
ORD02407,2026-09-03,SUB0309,CK076,Lunch,Delivered,179
ORD02408,2026-09-03,SUB0358,CK012,Dinner,In Progress,99
ORD02409,2026-09-03,SUB0258,CK014,Lunch,Delivered,199
ORD02410,2026-09-03,SUB0184,CK079,Lunch,Completed,179
ORD02411,2026-09-03,SUB0468,CK002,Dinner,Delivered,179
ORD02412,2026-09-03,SUB0056,CK014,Dinner,delivered,159
ORD02413,2026-09-03,SUB0090,CK050,Lunch,Pending,199
ORD02414,2026-09-03,SUB0117,CK014,Lunch,DELIVERED,199
ORD02415,2026-09-03,SUB0311,CK038,Lunch,refunded,199
ORD02416,2026-09-03,SUB0319,CK047,Lunch,DELIVERED,149
ORD02417,2026-09-03,SUB0081,CK036,Lunch,delivered,179
ORD02418,2026-09-03,SUB0238,CK080,Dinner,Pending,120
ORD02419,03/09/2026,SUB0121,CK026,Lunch,Delivered,179
ORD02420,2026-09-03,SUB0323,CK084,Lunch,refunded,99
ORD02421,2026-09-03,SUB0246,CK023,Dinner,delivered,129
ORD02422,2026-09-03,SUB0260,CK045,Dinner,Delivered,179
ORD02423,2026-09-03,SUB0278,CK079,Dinner,cancelled,99
ORD02424,2026-09-03,SUB0072,CK074,Dinner,Delivered,149
ORD02425,2026-09-03,SUB0043,CK032,Dinner,cook no show,149
ORD02426,2026-09-03,SUB0442,CK019,Lunch,In Progress,159
ORD02427,2026-09-03,SUB0352,CK020,Lunch,refunded,99
ORD02428,2026-09-03,SUB0494,CK014,Dinner,Cancelled,129
ORD02429,2026-09-03,SUB0029,CK014,Dinner,Delivered,159
ORD02430,2026-09-03,SUB0060,CK014,Lunch,Delivered,99
ORD02431,2026-09-03,SUB0077,CK081,Dinner,delivered,199
ORD02432,2026-09-03,SUB0034,CK023,Lunch,cancelled,129
ORD02433,2026-09-03,SUB0109,CK038,Dinner,delivered,120
ORD02434,2026-09-03,SUB0130,CK057,Lunch,Delivered,149
ORD02435,2026-09-03,SUB0100,CK012,Lunch,in-progress,159
ORD02436,2026-09-03,SUB0118,CK002,Dinner,delivered,99
ORD02437,2026-09-03,SUB0114,CK046,Lunch,Completed,199
ORD02438,2026-09-03,SUB0127,CK083,Dinner,DELIVERED,199
ORD02439,2026-09-03,SUB0431,CK017,Lunch,Cancelled,149
ORD02440,2026-09-03,SUB0140,CK013,Dinner,Delivered,159
ORD02441,2026-09-03,SUB0336,CK040,Dinner,Completed,199
ORD02442,2026-09-03,SUB0182,CK044,Lunch,delivered,159
ORD02443,2026-09-03,SUB0137,CK051,Dinner,Delivered,179
ORD02444,2026-09-03,SUB0282,CK060,Lunch,Delivered,159
ORD02445,2026-09-03,SUB0219,CK027,Dinner,DELIVERED,129
ORD02446,2026-09-03,SUB0377,CK041,Lunch,delivered,120
ORD02447,2026-09-03,SUB0076,CK077,Dinner,DELIVERED,99
ORD02448,2026-09-03,SUB0113,CK004,Dinner,Delivered,199
ORD02449,2026-09-03,SUB0136,CK080,Dinner,Delivered,179
ORD02450,2026-09-03,SUB0416,CK050,Dinner,Delivered,199
ORD02451,2026-09-03,SUB0313,CK081,Lunch,Delivered,149
ORD02452,2026-09-03,SUB0227,CK003,Lunch,Delivered,120
ORD02453,2026-09-03,SUB0492,CK013,Dinner,Delivered,199
ORD02454,2026-09-03,SUB0524,CK091,Dinner,Cancelled,149
ORD02455,2026-09-03,SUB0467,CK012,Lunch,DELIVERED,149
ORD02456,2026-09-03,SUB0156,CK056,Dinner,Delivered,179
ORD02457,2026-09-03,SUB0129,CK057,Lunch,delivered,129
ORD02458,2026-09-03,SUB0054,CK069,Dinner,Refunded,129
ORD02459,2026-09-03,SUB0091,CK060,Lunch,Completed,129
ORD02460,2026-09-03,SUB0041,CK026,Lunch,DELIVERED,179
ORD02461,2026-09-03,SUB0361,CK047,Dinner,Refunded,99
ORD02462,2026-09-03,SUB0286,CK046,Dinner,Delivered,129
ORD02463,2026-09-03,SUB0310,CK010,Lunch,In Progress,149
ORD02464,2026-09-03,SUB0210,CK046,Lunch,Pending,129
ORD02465,2026-09-03,SUB0516,CK088,Lunch,Delivered,149
ORD02466,2026-09-03,SUB0373,CK071,Lunch,DELIVERED,129
ORD02467,2026-09-03,SUB0183,CK024,Dinner,Delivered,120
ORD02468,2026-09-03,SUB0223,CK040,Lunch,Delivered,179
ORD02469,2026-09-03,SUB0134,CK057,Dinner,cook_dropout,99
ORD02470,2026-09-03,SUB0116,CK084,Lunch,refunded,179
ORD02471,2026-09-03,SUB0128,CK051,Dinner,in-progress,199
ORD02472,2026-09-03,SUB0168,CK032,Dinner,DELIVERED,159
ORD02473,2026-09-03,SUB0490,CK050,Dinner,Delivered,99
ORD02474,03/09/2026,SUB0021,CK054,Dinner,DELIVERED,99
ORD02475,2026-09-03,SUB0204,CK084,Dinner,delivered,149
ORD02476,2026-09-03,SUB0259,CK020,Lunch,Delivered,159
ORD02477,2026-09-03,SUB0360,CK059,Lunch,delivered,179
ORD02478,2026-09-03,SUB0132,CK059,Lunch,DELIVERED,120
ORD02479,2026-09-03,SUB0338,CK050,Lunch,pending,120
ORD02480,2026-09-03,SUB0390,CK049,Dinner,DELIVERED,199
ORD02481,2026-09-03,SUB0138,CK057,Dinner,DELIVERED,199
ORD02482,2026-09-03,SUB0298,CK060,Dinner,DELIVERED,120
ORD02483,2026-09-03,SUB0289,CK029,Lunch,Delivered,129
ORD02484,2026-09-03,SUB0402,CK060,Dinner,Cancelled,149
ORD02485,2026-09-03,SUB0240,CK010,Lunch,Delivered,179
ORD02486,2026-09-03,SUB0237,CK047,Lunch,Delivered,120
ORD02487,2026-09-03,SUB0456,CK053,Lunch,delivered,179
ORD02488,03/09/2026,SUB0355,CK051,Lunch,DELIVERED,159
ORD02489,2026-09-03,SUB0123,CK002,Lunch,Delivered,129
ORD02490,2026-09-03,SUB0493,CK080,Dinner,Delivered,179
ORD02491,2026-09-03,SUB0124,CK049,Dinner,refunded,99
ORD02492,2026-09-03,SUB0478,CK023,Lunch,Delivered,120
ORD02493,2026-09-03,SUB0432,CK046,Dinner,Delivered,99
ORD02494,2026-09-03,SUB0044,CK020,Lunch,delivered,199
ORD02495,2026-09-03,SUB0254,CK003,Dinner,Completed,199
ORD02496,2026-09-03,SUB0525,CK091,Lunch,cancelled,149
ORD02497,2026-09-03,SUB0071,CK023,Lunch,delivered,99
ORD02498,2026-09-03,SUB0438,CK069,Dinner,delivered,199
ORD02499,2026-09-03,SUB0147,CK069,Dinner,Delivered,99
ORD02500,2026-09-03,SUB0228,CK075,Dinner,refunded,159
ORD02501,2026-09-03,SUB0346,CK004,Lunch,delivered,129
ORD02502,2026-09-03,SUB0215,CK019,Dinner,In Progress,159
ORD02503,2026-09-03,SUB0303,CK057,Dinner,In Progress,149
ORD02504,2026-09-03,SUB0461,CK052,Dinner,Pending,129
ORD02505,2026-09-03,SUB0505,CK087,Lunch,Completed,179
ORD02506,2026-09-03,SUB0151,CK064,Dinner,Delivered,149
ORD02507,2026-09-03,SUB0035,CK081,Lunch,Completed,129
ORD02508,2026-09-03,SUB0143,CK048,Lunch,In Progress,149
ORD02509,2026-09-03,SUB0052,CK002,Lunch,Completed,129
ORD02510,2026-09-03,SUB0211,CK012,Lunch,Delivered,120
ORD02511,2026-09-03,SUB0380,CK071,Dinner,refunded,120
ORD02512,2026-09-03,SUB0199,CK075,Lunch,DELIVERED,179
ORD02513,2026-09-03,SUB0331,CK062,Lunch,No Show,159
ORD02514,2026-09-03,SUB0398,CK003,Lunch,in-progress,120
ORD02515,2026-09-03,SUB0385,CK012,Lunch,pending,159
ORD02516,2026-09-03,SUB0180,CK049,Dinner,Delivered,149
ORD02517,2026-09-03,SUB0357,CK008,Lunch,Delivered,129
ORD02518,2026-09-03,SUB0082,CK045,Lunch,In Progress,199
ORD02519,2026-09-03,SUB0474,CK081,Dinner,delivered,149
ORD02520,2026-09-03,SUB0177,CK047,Lunch,Delivered,179
ORD02521,2026-09-03,SUB0339,CK079,Dinner,Delivered,179
ORD02522,2026-09-03,SUB0495,CK086,Dinner,Completed,159
ORD02523,2026-09-03,SUB0337,CK053,Lunch,delivered,120
ORD02524,2026-09-03,SUB0322,CK017,Dinner,Refunded,199
ORD02525,2026-09-03,SUB0447,CK067,Lunch,Delivered,120
ORD02526,2026-09-03,SUB0436,CK067,Lunch,delivered,99
ORD02527,2026-09-03,SUB0458,CK045,Dinner,Delivered,159
ORD02528,2026-09-03,SUB0457,CK036,Dinner,delivered,199
ORD02529,2026-09-03,SUB0287,CK069,Lunch,delivered,179
ORD02530,2026-09-03,SUB0099,CK070,Dinner,delivered,99
ORD02531,2026-09-04,SUB0333,CK075,Dinner,DELIVERED,129
ORD02532,2026-09-04,SUB0384,CK058,Dinner,Delivered,129
ORD02533,2026-09-04,SUB0455,CK014,Dinner,Delivered,120
ORD02534,2026-09-04,SUB0521,CK090,Lunch,Cancelled,99
ORD02535,2026-09-04,SUB0203,CK002,Lunch,pending,120
ORD02536,2026-09-04,SUB0215,CK019,Dinner,Cancelled,149
ORD02537,2026-09-04,SUB0396,CK046,Dinner,Completed,179
ORD02538,2026-09-04,SUB0044,CK020,Lunch,delivered,199
ORD02539,2026-09-04,SUB0414,CK008,Dinner,Completed,199
ORD02540,2026-09-04,SUB0199,CK075,Lunch,Delivered,199
ORD02541,2026-09-04,SUB0387,CK071,Lunch,delivered,199
ORD02542,2026-09-04,SUB0275,CK055,Dinner,DELIVERED,149
ORD02543,2026-09-04,SUB0101,CK018,Lunch,Delivered,159
ORD02544,2026-09-04,SUB0117,CK014,Lunch,Delivered,159
ORD02545,2026-09-04,SUB0253,CK023,Dinner,Delivered,99
ORD02546,2026-09-04,SUB0477,CK024,Lunch,Delivered,120
ORD02547,2026-09-04,SUB0341,CK040,Lunch,delivered,129
ORD02548,2026-09-04,SUB0432,CK046,Dinner,delivered,149
ORD02549,2026-09-04,SUB0497,CK086,Dinner,Delivered,149
ORD02550,2026-09-04,SUB0382,CK075,Dinner,Delivered,159
ORD02551,2026-09-04,SUB0013,CK040,Dinner,Completed,199
ORD02552,2026-09-04,SUB0389,CK038,Lunch,Refunded,129
ORD02553,2026-09-04,SUB0061,CK042,Dinner,Delivered,179
ORD02554,2026-09-04,SUB0401,CK002,Lunch,Delivered,149
ORD02555,2026-09-04,SUB0113,CK004,Dinner,Delivered,179
ORD02556,2026-09-04,SUB0098,CK069,Lunch,Delivered,120
ORD02557,2026-09-04,SUB0449,CK052,Lunch,Delivered,199
ORD02558,2026-09-04,SUB0352,CK020,Lunch,Delivered,199
ORD02559,2026-09-04,SUB0091,CK060,Lunch,Delivered,179
ORD02560,2026-09-04,SUB0303,CK057,Dinner,Delivered,159
ORD02561,2026-09-04,SUB0157,CK052,Dinner,CANCELLED,149
ORD02562,2026-09-04,SUB0173,CK032,Lunch,Delivered,159
ORD02563,2026-09-04,SUB0474,CK081,Dinner,Delivered,99
ORD02564,2026-09-04,SUB0392,CK070,Lunch,delivered,120
ORD02565,2026-09-04,SUB0243,CK011,Lunch,Delivered,120
ORD02566,2026-09-04,SUB0086,CK036,Dinner,Delivered,199
ORD02567,2026-09-04,SUB0156,CK056,Dinner,cancelled,179
ORD02568,04/09/2026,SUB0360,CK059,Lunch,delivered,159
ORD02569,2026-09-04,SUB0301,CK084,Dinner,delivered,149
ORD02570,2026-09-04,SUB0529,CK092,Lunch,In Progress,199
ORD02571,2026-09-04,SUB0339,CK079,Dinner,Pending,120
ORD02572,2026-09-04,SUB0486,CK010,Lunch,Pending,120
ORD02573,2026-09-04,SUB0207,CK053,Lunch,Cancelled,99
ORD02574,2026-09-04,SUB0302,CK043,Lunch,delivered,199
ORD02575,2026-09-04,SUB0403,CK013,Lunch,Delivered,99
ORD02576,2026-09-04,SUB0399,CK084,Lunch,Delivered,159
ORD02577,2026-09-04,SUB0393,CK076,Dinner,cancelled,129
ORD02578,2026-09-04,SUB0350,CK081,Lunch,refunded,149
ORD02579,2026-09-04,SUB0123,CK002,Lunch,delivered,120
ORD02580,2026-09-04,SUB0437,CK038,Dinner,CANCELLED,199
ORD02581,2026-09-04,SUB0200,CK061,Lunch,Delivered,129
ORD02582,2026-09-04,SUB0068,CK001,Lunch,cook_dropout,179
ORD02583,2026-09-04,SUB0324,CK032,Lunch,Pending,120
ORD02584,2026-09-04,SUB0016,CK061,Dinner,Pending,199
ORD02585,2026-09-04,SUB0149,CK060,Lunch,in-progress,120
ORD02586,2026-09-04,SUB0282,CK060,Lunch,in-progress,120
ORD02587,2026-09-04,SUB0418,CK018,Dinner,Delivered,120
ORD02588,2026-09-04,SUB0051,CK032,Dinner,Delivered,99
ORD02589,2026-09-04,SUB0434,CK017,Lunch,delivered,120
ORD02590,2026-09-04,SUB0164,CK050,Lunch,CANCELLED,199
ORD02591,2026-09-04,SUB0511,CK087,Lunch,Delivered,149
ORD02592,2026-09-04,SUB0292,CK047,Dinner,Delivered,120
ORD02593,2026-09-04,SUB0286,CK046,Dinner,Completed,129
ORD02594,2026-09-04,SUB0460,CK053,Lunch,Completed,120
ORD02595,2026-09-04,SUB0410,CK074,Lunch,Delivered,129
ORD02596,2026-09-04,SUB0300,CK037,Lunch,Delivered,199
ORD02597,2026-09-04,SUB0354,CK057,Dinner,Delivered,129
ORD02598,2026-09-04,SUB0505,CK087,Lunch,DELIVERED,199
ORD02599,2026-09-04,SUB0495,CK086,Dinner,pending,120
ORD02600,2026-09-04,SUB0458,CK045,Dinner,DELIVERED,129
ORD02601,2026-09-04,SUB0311,CK038,Lunch,DELIVERED,120
ORD02602,2026-09-04,SUB0224,CK058,Dinner,Delivered,120
ORD02603,2026-09-04,SUB0291,CK048,Lunch,delivered,129
ORD02604,2026-09-04,SUB0071,CK023,Lunch,Pending,99
ORD02605,2026-09-04,SUB0473,CK050,Dinner,Delivered,149
ORD02606,2026-09-04,SUB0176,CK061,Dinner,delivered,99
ORD02607,2026-09-04,SUB0148,CK003,Dinner,delivered,129
ORD02608,2026-09-04,SUB0513,CK088,Lunch,Completed,99
ORD02609,2026-09-04,SUB0017,CK011,Lunch,refunded,120
ORD02610,2026-09-04,SUB0320,CK075,Dinner,Delivered,159
ORD02611,2026-09-04,SUB0067,CK074,Dinner,delivered,199
ORD02612,2026-09-04,SUB0413,CK062,Dinner,pending,129
ORD02613,2026-09-04,SUB0127,CK083,Dinner,delivered,99
ORD02614,2026-09-04,SUB0217,CK019,Lunch,Completed,149
ORD02615,2026-09-04,SUB0522,CK090,Dinner,Delivered,149
ORD02616,2026-09-04,SUB0370,CK010,Lunch,Pending,99
ORD02617,2026-09-04,SUB0252,CK025,Dinner,Completed,120
ORD02618,2026-09-04,SUB0294,CK081,Lunch,Cancelled,99
ORD02619,2026-09-04,SUB0125,CK067,Lunch,Delivered,149
ORD02620,2026-09-04,SUB0365,CK070,Dinner,Delivered,179
ORD02621,2026-09-04,SUB0419,CK079,Dinner,Completed,129
ORD02622,2026-09-04,SUB0361,CK047,Lunch,Cancelled,149
ORD02623,2026-09-04,SUB0380,CK071,Dinner,DELIVERED,149
ORD02624,2026-09-04,SUB0178,CK027,Lunch,Pending,149
ORD02625,2026-09-04,SUB0308,CK020,Lunch,delivered,129
ORD02626,2026-09-04,SUB0462,CK044,Dinner,refunded,129
ORD02627,2026-09-04,SUB0362,CK069,Lunch,DELIVERED,129
ORD02628,2026-09-04,SUB0186,CK004,Lunch,Delivered,199
ORD02629,2026-09-04,SUB0480,CK057,Lunch,Completed,159
ORD02630,2026-09-04,SUB0031,CK018,Lunch,Completed,179
ORD02631,2026-09-04,SUB0369,CK070,Dinner,DELIVERED,120
ORD02632,2026-09-04,SUB0383,CK048,Dinner,delivered,179
ORD02633,2026-09-04,SUB0144,CK023,Lunch,delivered,149
ORD02634,2026-09-04,SUB0060,CK014,Lunch,In Progress,129
ORD02635,2026-09-04,SUB0225,CK051,Dinner,DELIVERED,99
ORD02636,2026-09-04,SUB0260,CK045,Dinner,Delivered,149
ORD02637,2026-09-04,SUB0262,CK042,Lunch,DELIVERED,159
ORD02638,2026-09-04,SUB0231,CK011,Dinner,Delivered,199
ORD02639,2026-09-04,SUB0259,CK020,Lunch,delivered,129
ORD02640,2026-09-04,SUB0046,CK050,Dinner,cancelled,120
ORD02641,2026-09-04,SUB0295,CK046,Dinner,Delivered,129
ORD02642,2026-09-04,SUB0514,CK088,Lunch,Completed,159
ORD02643,2026-09-04,SUB0438,CK069,Dinner,Delivered,179
ORD02644,2026-09-04,SUB0523,CK091,Lunch,Delivered,149
ORD02645,2026-09-04,SUB0398,CK003,Lunch,Completed,159
ORD02646,2026-09-04,SUB0001,CK035,Lunch,Pending,179
ORD02647,2026-09-04,SUB0323,CK084,Lunch,Completed,159
ORD02648,2026-09-04,SUB0395,CK023,Lunch,Delivered,149
ORD02649,2026-09-04,SUB0465,CK067,Lunch,Delivered,159
ORD02650,2026-09-04,SUB0038,CK005,Lunch,Completed,99
ORD02651,2026-09-04,SUB0205,CK005,Dinner,Delivered,179
ORD02652,2026-09-04,SUB0240,CK010,Lunch,Delivered,99
ORD02653,2026-09-04,SUB0052,CK002,Dinner,Completed,199
ORD02654,2026-09-04,SUB0334,CK077,Lunch,Cancelled,199
ORD02655,2026-09-04,SUB0151,CK064,Dinner,delivered,99
ORD02656,2026-09-04,SUB0147,CK069,Dinner,Delivered,99
ORD02657,2026-09-04,SUB0390,CK049,Dinner,Delivered,129
ORD02658,2026-09-04,SUB0315,CK036,Lunch,Cancelled,159
ORD02659,2026-09-04,SUB0141,CK079,Lunch,delivered,179
ORD02660,2026-09-04,SUB0080,CK075,Lunch,Delivered,199
ORD02661,2026-09-04,SUB0214,CK008,Dinner,Delivered,179
ORD02662,2026-09-04,SUB0234,CK049,Lunch,delivered,159
ORD02663,2026-09-04,SUB0313,CK081,Lunch,delivered,99
ORD02664,2026-09-04,SUB0267,CK071,Lunch,Delivered,129
ORD02665,2026-09-04,SUB0222,CK036,Dinner,Delivered,129
ORD02666,2026-09-04,SUB0014,CK065,Dinner,delivered,159
ORD02667,2026-09-04,SUB0428,CK048,Lunch,delivered,120
ORD02668,2026-09-04,SUB0322,CK017,Dinner,refunded,179
ORD02669,2026-09-04,SUB0033,CK020,Lunch,DELIVERED,99
ORD02670,2026-09-04,SUB0096,CK077,Dinner,delivered,159
ORD02671,2026-09-04,SUB0482,CK068,Dinner,Delivered,179
ORD02672,2026-09-04,SUB0476,CK010,Lunch,pending,179
ORD02673,2026-09-04,SUB0054,CK069,Dinner,Delivered,99
ORD02674,2026-09-04,SUB0402,CK060,Dinner,Delivered,199
ORD02675,2026-09-04,SUB0504,CK087,Lunch,Cancelled - Cook Unavailable,149
ORD02676,2026-09-04,SUB0058,CK047,Lunch,pending,179
ORD02677,2026-09-04,SUB0208,CK012,Lunch,Delivered,179
ORD02678,2026-09-04,SUB0056,CK014,Dinner,Completed,149
ORD02679,2026-09-04,SUB0421,CK079,Lunch,Pending,179
ORD02680,2026-09-04,SUB0335,CK058,Lunch,cancelled,129
ORD02681,04/09/2026,SUB0245,CK060,Dinner,DELIVERED,179
ORD02682,2026-09-04,SUB0288,CK009,Lunch,Delivered,179
ORD02683,2026-09-04,SUB0266,CK044,Lunch,Completed,99
ORD02684,2026-09-04,SUB0348,CK081,Dinner,Delivered,129
ORD02685,2026-09-04,SUB0196,CK079,Lunch,pending,129
ORD02686,2026-09-04,SUB0069,CK027,Dinner,cancelled,149
ORD02687,2026-09-04,SUB0415,CK021,Dinner,Refunded,179
ORD02688,2026-09-04,SUB0041,CK026,Dinner,Delivered,199
ORD02689,2026-09-04,SUB0499,CK086,Lunch,cancelled,99
ORD02690,2026-09-04,SUB0285,CK053,Lunch,delivered,179
ORD02691,2026-09-04,SUB0128,CK051,Dinner,Pending,159
ORD02692,2026-09-04,SUB0468,CK002,Dinner,DELIVERED,159
ORD02693,2026-09-04,SUB0316,CK014,Dinner,Delivered,199
ORD02694,2026-09-04,SUB0143,CK048,Dinner,pending,129
ORD02695,2026-09-04,SUB0358,CK012,Dinner,DELIVERED,199
ORD02696,2026-09-04,SUB0469,CK070,Dinner,delivered,149
ORD02697,2026-09-04,SUB0257,CK069,Lunch,cancelled,129
ORD02698,2026-09-04,SUB0163,CK029,Lunch,Completed,149
ORD02699,2026-09-04,SUB0386,CK067,Lunch,delivered,179
ORD02700,2026-09-04,SUB0367,CK058,Dinner,delivered,149
ORD02701,2026-09-04,SUB0229,CK054,Dinner,refunded,129
ORD02702,2026-09-04,SUB0457,CK036,Dinner,Delivered,159
ORD02703,2026-09-04,SUB0405,CK006,Lunch,Delivered,129
ORD02704,2026-09-04,SUB0349,CK028,Lunch,Cancelled,159
ORD02705,2026-09-04,SUB0526,CK091,Dinner,delivered,179
ORD02706,2026-09-04,SUB0085,CK017,Dinner,DELIVERED,99
ORD02707,04/09/2026,SUB0374,CK077,Lunch,DELIVERED,199
ORD02708,2026-09-04,SUB0177,CK047,Lunch,delivered,149
ORD02709,2026-09-04,SUB0378,CK072,Dinner,delivered,159
ORD02710,2026-09-04,SUB0226,CK018,Lunch,Delivered,159
ORD02711,2026-09-04,SUB0327,CK051,Dinner,Delivered,149
ORD02712,2026-09-04,SUB0454,CK003,Lunch,delivered,159
ORD02713,2026-09-04,SUB0011,CK037,Lunch,pending,159
ORD02714,2026-09-04,SUB0026,CK082,Dinner,delivered,99
ORD02715,2026-09-04,SUB0426,CK055,Dinner,Completed,120
ORD02716,2026-09-04,SUB0230,CK075,Dinner,Delivered,99
ORD02717,2026-09-04,SUB0487,CK051,Dinner,Delivered,199
ORD02718,2026-09-04,SUB0331,CK062,Lunch,Delivered,199
ORD02719,2026-09-04,SUB0003,CK053,Lunch,refunded,129
ORD02720,2026-09-04,SUB0325,CK023,Lunch,DELIVERED,159
ORD02721,2026-09-04,SUB0277,CK024,Dinner,Completed,199
ORD02722,2026-09-04,SUB0024,CK003,Dinner,delivered,199
ORD02723,04/09/2026,SUB0175,CK071,Lunch,Delivered,199
ORD02724,2026-09-04,SUB0135,CK052,Dinner,Delivered,179
ORD02725,2026-09-04,SUB0344,CK055,Dinner,Refunded,159
ORD02726,2026-09-04,SUB0235,CK004,Lunch,Delivered,99
ORD02727,2026-09-04,SUB0192,CK075,Lunch,Delivered,129
ORD02728,2026-09-04,SUB0090,CK050,Lunch,cancelled,120
ORD02729,2026-09-04,SUB0103,CK017,Dinner,Delivered,199
ORD02730,2026-09-04,SUB0018,CK032,Dinner,delivered,129
ORD02731,2026-09-04,SUB0512,CK087,Lunch,Refunded,199
ORD02732,2026-09-04,SUB0100,CK012,Lunch,DELIVERED,149
ORD02733,2026-09-04,SUB0345,CK060,Dinner,Delivered,179
ORD02734,2026-09-04,SUB0114,CK046,Lunch,delivered,159
ORD02735,2026-09-04,SUB0119,CK079,Lunch,Delivered,120
ORD02736,2026-09-04,SUB0073,CK074,Lunch,Delivered,179
ORD02737,2026-09-04,SUB0043,CK032,Dinner,Delivered,199
ORD02738,2026-09-04,SUB0020,CK061,Lunch,Delivered,129
ORD02739,2026-09-04,SUB0181,CK018,Lunch,Delivered,149
ORD02740,2026-09-04,SUB0307,CK026,Lunch,Delivered,149
ORD02741,2026-09-04,SUB0212,CK078,Lunch,Delivered,129
ORD02742,2026-09-04,SUB0490,CK050,Dinner,delivered,120
ORD02743,2026-09-04,SUB0076,CK077,Dinner,delivered,179
ORD02744,2026-09-04,SUB0425,CK048,Lunch,Delivered,159
ORD02745,2026-09-04,SUB0472,CK043,Lunch,Delivered,99
ORD02746,2026-09-04,SUB0443,CK021,Dinner,Delivered,199
ORD02747,2026-09-04,SUB0233,CK021,Dinner,delivered,199
ORD02748,2026-09-04,SUB0456,CK053,Dinner,Delivered,159
ORD02749,2026-09-04,SUB0463,CK060,Lunch,Delivered,149
ORD02750,2026-09-04,SUB0134,CK057,Dinner,Delivered,199
ORD02751,2026-09-04,SUB0162,CK080,Lunch,refunded,99
ORD02752,2026-09-04,SUB0442,CK019,Lunch,Delivered,179
ORD02753,2026-09-04,SUB0436,CK067,Lunch,Delivered,199
ORD02754,2026-09-04,SUB0216,CK077,Lunch,delivered,99
ORD02755,2026-09-04,SUB0281,CK061,Dinner,Cancelled,129
ORD02756,2026-09-04,SUB0206,CK065,Dinner,Delivered,149
ORD02757,2026-09-04,SUB0510,CK087,Dinner,Delivered,99
ORD02758,2026-09-04,SUB0481,CK045,Dinner,delivered,149
ORD02759,2026-09-04,SUB0264,CK015,Lunch,cook_dropout,99
ORD02760,2026-09-04,SUB0036,CK032,Lunch,Pending,120
ORD02761,2026-09-05,SUB0233,CK021,Dinner,Delivered,199
ORD02762,2026-09-05,SUB0144,CK023,Lunch,Delivered,179
ORD02763,2026-09-05,SUB0006,CK032,Dinner,delivered,159
ORD02764,2026-09-05,SUB0383,CK048,Lunch,Delivered,179
ORD02765,2026-09-05,SUB0385,CK012,Lunch,in-progress,159
ORD02766,2026-09-05,SUB0001,CK035,Lunch,delivered,120
ORD02767,2026-09-05,SUB0358,CK012,Dinner,Delivered,120
ORD02768,2026-09-05,SUB0014,CK065,Dinner,Delivered,199
ORD02769,2026-09-05,SUB0258,CK014,Dinner,in-progress,129
ORD02770,2026-09-05,SUB0093,CK041,Dinner,CANCELLED,99
ORD02771,2026-09-05,SUB0069,CK027,Dinner,Completed,99
ORD02772,2026-09-05,SUB0209,CK045,Dinner,Completed,99
ORD02773,2026-09-05,SUB0370,CK010,Lunch,Delivered,99
ORD02774,2026-09-05,SUB0219,CK027,Dinner,delivered,159
ORD02775,2026-09-05,SUB0271,CK004,Lunch,Completed,99
ORD02776,2026-09-05,SUB0019,CK060,Lunch,Completed,99
ORD02777,2026-09-05,SUB0379,CK004,Lunch,DELIVERED,199
ORD02778,2026-09-05,SUB0411,CK062,Dinner,Completed,129
ORD02779,2026-09-05,SUB0434,CK017,Lunch,Completed,120
ORD02780,2026-09-05,SUB0056,CK014,Dinner,Delivered,129
ORD02781,2026-09-05,SUB0163,CK029,Lunch,delivered,120
ORD02782,2026-09-05,SUB0198,CK058,Dinner,Delivered,199
ORD02783,2026-09-05,SUB0357,CK008,Lunch,Delivered,129
ORD02784,2026-09-05,SUB0164,CK050,Lunch,In Progress,129
ORD02785,2026-09-05,SUB0272,CK078,Lunch,Pending,199
ORD02786,2026-09-05,SUB0341,CK040,Lunch,DELIVERED,129
ORD02787,2026-09-05,SUB0453,CK072,Lunch,delivered,99
ORD02788,2026-09-05,SUB0225,CK051,Dinner,Delivered,120
ORD02789,2026-09-05,SUB0139,CK023,Dinner,Delivered,99
ORD02790,2026-09-05,SUB0107,CK047,Lunch,No Show,129
ORD02791,2026-09-05,SUB0072,CK074,Dinner,delivered,120
ORD02792,2026-09-05,SUB0414,CK008,Dinner,Delivered,99
ORD02793,2026-09-05,SUB0463,CK060,Lunch,Completed,129
ORD02794,2026-09-05,SUB0354,CK057,Dinner,Refunded,179
ORD02795,2026-09-05,SUB0455,CK014,Dinner,Delivered,179
ORD02796,2026-09-05,SUB0322,CK017,Dinner,In Progress,99
ORD02797,2026-09-05,SUB0030,CK033,Lunch,delivered,120
ORD02798,2026-09-05,SUB0369,CK070,Dinner,Cancelled,149
ORD02799,2026-09-05,SUB0339,CK079,Lunch,DELIVERED,99
ORD02800,2026-09-05,SUB0525,CK091,Dinner,cancelled,179
ORD02801,2026-09-05,SUB0121,CK026,Dinner,CANCELLED,149
ORD02802,2026-09-05,SUB0257,CK069,Lunch,Delivered,120
ORD02803,2026-09-05,SUB0276,CK049,Dinner,DELIVERED,149
ORD02804,2026-09-05,SUB0458,CK045,Dinner,CANCELLED,199
ORD02805,2026-09-05,SUB0116,CK084,Lunch,No Show,199
ORD02806,2026-09-05,SUB0206,CK065,Dinner,delivered,149
ORD02807,2026-09-05,SUB0407,CK054,Dinner,Delivered,199
ORD02808,2026-09-05,SUB0437,CK038,Dinner,delivered,99
ORD02809,2026-09-05,SUB0444,CK025,Dinner,Delivered,129
ORD02810,2026-09-05,SUB0507,CK087,Dinner,delivered,120
ORD02811,2026-09-05,SUB0126,CK083,Lunch,delivered,179
ORD02812,2026-09-05,SUB0220,CK064,Lunch,Delivered,99
ORD02813,2026-09-05,SUB0176,CK061,Lunch,CANCELLED,159
ORD02814,2026-09-05,SUB0051,CK032,Dinner,Completed,149
ORD02815,2026-09-05,SUB0036,CK032,Dinner,Cancelled,120
ORD02816,2026-09-05,SUB0288,CK009,Dinner,DELIVERED,159
ORD02817,2026-09-05,SUB0226,CK018,Lunch,DELIVERED,199
ORD02818,2026-09-05,SUB0032,CK003,Dinner,Delivered,99
ORD02819,2026-09-05,SUB0518,CK090,Lunch,Refunded,159
ORD02820,2026-09-05,SUB0485,CK058,Lunch,Delivered,129
ORD02821,2026-09-05,SUB0274,CK046,Dinner,cancelled,120
ORD02822,2026-09-05,SUB0294,CK081,Lunch,DELIVERED,179
ORD02823,2026-09-05,SUB0255,CK077,Lunch,DELIVERED,99
ORD02824,2026-09-05,SUB0077,CK081,Dinner,Delivered,120
ORD02825,2026-09-05,SUB0041,CK026,Dinner,Delivered,199
ORD02826,2026-09-05,SUB0205,CK005,Dinner,Delivered,179
ORD02827,2026-09-05,SUB0426,CK055,Dinner,DELIVERED,179
ORD02828,2026-09-05,SUB0060,CK014,Lunch,Delivered,199
ORD02829,2026-09-05,SUB0196,CK079,Dinner,Delivered,149
ORD02830,2026-09-05,SUB0360,CK059,Lunch,delivered,129
ORD02831,2026-09-05,SUB0043,CK032,Dinner,Completed,199
ORD02832,2026-09-05,SUB0298,CK060,Dinner,delivered,149
ORD02833,2026-09-05,SUB0052,CK002,Lunch,Completed,149
ORD02834,2026-09-05,SUB0392,CK070,Lunch,Delivered,159
ORD02835,2026-09-05,SUB0265,CK036,Dinner,Delivered,99
ORD02836,05/09/2026,SUB0285,CK053,Lunch,Pending,159
ORD02837,2026-09-05,SUB0457,CK036,Dinner,Delivered,99
ORD02838,2026-09-05,SUB0308,CK020,Lunch,DELIVERED,159
ORD02839,2026-09-05,SUB0397,CK064,Dinner,Delivered,179
ORD02840,2026-09-05,SUB0227,CK003,Lunch,delivered,149
ORD02841,2026-09-05,SUB0362,CK069,Dinner,Pending,99
ORD02842,2026-09-05,SUB0418,CK018,Dinner,delivered,120
ORD02843,2026-09-05,SUB0141,CK079,Lunch,Delivered,159
ORD02844,2026-09-05,SUB0142,CK014,Dinner,delivered,199
ORD02845,2026-09-05,SUB0396,CK046,Lunch,refunded,120
ORD02846,2026-09-05,SUB0038,CK005,Lunch,DELIVERED,159
ORD02847,2026-09-05,SUB0239,CK065,Dinner,Delivered,120
ORD02848,2026-09-05,SUB0495,CK086,Dinner,Delivered,149
ORD02849,2026-09-05,SUB0129,CK057,Lunch,cancelled,120
ORD02850,05/09/2026,SUB0301,CK084,Dinner,Completed,120
ORD02851,2026-09-05,SUB0252,CK025,Dinner,Completed,199
ORD02852,2026-09-05,SUB0075,CK010,Dinner,Delivered,179
ORD02853,2026-09-05,SUB0197,CK037,Dinner,Completed,149
ORD02854,2026-09-05,SUB0467,CK012,Lunch,Delivered,129
ORD02855,2026-09-05,SUB0086,CK036,Dinner,Delivered,199
ORD02856,2026-09-05,SUB0472,CK043,Dinner,DELIVERED,179
ORD02857,2026-09-05,SUB0102,CK084,Dinner,Delivered,199
ORD02858,2026-09-05,SUB0022,CK044,Dinner,Delivered,199
ORD02859,2026-09-05,SUB0296,CK047,Lunch,Delivered,149
ORD02860,2026-09-05,SUB0128,CK051,Dinner,Delivered,159
ORD02861,2026-09-05,SUB0530,CK092,Lunch,Completed,159
ORD02862,2026-09-05,SUB0223,CK040,Lunch,Completed,120
ORD02863,2026-09-05,SUB0166,CK012,Lunch,Completed,159
ORD02864,2026-09-05,SUB0386,CK067,Dinner,delivered,199
ORD02865,2026-09-05,SUB0333,CK075,Dinner,Cancelled,120
ORD02866,2026-09-05,SUB0336,CK040,Lunch,Delivered,129
ORD02867,2026-09-05,SUB0390,CK049,Dinner,delivered,99
ORD02868,05/09/2026,SUB0261,CK083,Lunch,Pending,159
ORD02869,2026-09-05,SUB0275,CK055,Dinner,Delivered,120
ORD02870,2026-09-05,SUB0158,CK027,Lunch,Delivered,129
ORD02871,2026-09-05,SUB0488,CK018,Lunch,delivered,149
ORD02872,2026-09-05,SUB0425,CK048,Lunch,Cancelled,149
ORD02873,2026-09-05,SUB0113,CK004,Dinner,delivered,149
ORD02874,2026-09-05,SUB0026,CK082,Dinner,Delivered,99
ORD02875,2026-09-05,SUB0382,CK075,Dinner,DELIVERED,120
ORD02876,2026-09-05,SUB0335,CK058,Dinner,Delivered,199
ORD02877,2026-09-05,SUB0137,CK051,Dinner,Delivered,199
ORD02878,2026-09-05,SUB0211,CK012,Dinner,delivered,120
ORD02879,2026-09-05,SUB0074,CK077,Dinner,delivered,159
ORD02880,2026-09-05,SUB0224,CK058,Lunch,Pending,179
ORD02881,05/09/2026,SUB0016,CK061,Dinner,Pending,99
ORD02882,2026-09-05,SUB0237,CK047,Dinner,pending,99
ORD02883,2026-09-05,SUB0162,CK080,Lunch,cancelled,99
ORD02884,2026-09-05,SUB0529,CK092,Lunch,Completed,120
ORD02885,2026-09-05,SUB0268,CK068,Lunch,DELIVERED,129
ORD02886,2026-09-05,SUB0503,CK086,Lunch,Completed,120
ORD02887,2026-09-05,SUB0508,CK087,Lunch,Delivered,149
ORD02888,2026-09-05,SUB0332,CK076,Dinner,Delivered,149
ORD02889,2026-09-05,SUB0073,CK074,Lunch,Delivered,159
ORD02890,2026-09-05,SUB0420,CK008,Lunch,Cancelled,149
ORD02891,2026-09-05,SUB0314,CK008,Lunch,cancelled,129
ORD02892,2026-09-05,SUB0493,CK080,Dinner,delivered,179
ORD02893,2026-09-05,SUB0421,CK079,Lunch,cancelled,99
ORD02894,2026-09-05,SUB0497,CK086,Dinner,delivered,120
ORD02895,2026-09-05,SUB0494,CK014,Dinner,pending,129
ORD02896,2026-09-05,SUB0306,CK017,Lunch,Delivered,159
ORD02897,2026-09-05,SUB0059,CK048,Dinner,pending,149
ORD02898,2026-09-05,SUB0131,CK064,Lunch,Delivered,199
ORD02899,2026-09-05,SUB0319,CK047,Lunch,Delivered,129
ORD02900,2026-09-05,SUB0515,CK088,Lunch,Delivered,159
ORD02901,2026-09-05,SUB0170,CK032,Lunch,refunded,120
ORD02902,2026-09-05,SUB0135,CK052,Dinner,Delivered,149
ORD02903,2026-09-05,SUB0436,CK067,Lunch,Delivered,149
ORD02904,2026-09-05,SUB0148,CK003,Dinner,Delivered,199
ORD02905,2026-09-05,SUB0487,CK051,Dinner,Completed,179
ORD02906,2026-09-05,SUB0303,CK057,Dinner,Cancelled,199
ORD02907,2026-09-05,SUB0155,CK009,Lunch,delivered,159
ORD02908,2026-09-05,SUB0431,CK017,Lunch,in-progress,129
ORD02909,2026-09-05,SUB0347,CK023,Lunch,DELIVERED,179
ORD02910,2026-09-05,SUB0443,CK021,Dinner,cancelled,99
ORD02911,2026-09-05,SUB0277,CK024,Dinner,DELIVERED,129
ORD02912,2026-09-05,SUB0454,CK003,Dinner,Delivered,179
ORD02913,2026-09-05,SUB0346,CK004,Dinner,Delivered,120
ORD02914,2026-09-05,SUB0502,CK086,Lunch,Completed,199
ORD02915,2026-09-05,SUB0484,CK084,Dinner,Completed,120
ORD02916,2026-09-05,SUB0445,CK036,Lunch,DELIVERED,149
ORD02917,2026-09-05,SUB0465,CK067,Lunch,Delivered,129
ORD02918,2026-09-05,SUB0090,CK050,Lunch,delivered,129
ORD02919,2026-09-05,SUB0066,CK021,Dinner,Pending,159
ORD02920,2026-09-05,SUB0118,CK002,Dinner,Delivered,149
ORD02921,2026-09-05,SUB0393,CK076,Dinner,refunded,199
ORD02922,2026-09-05,SUB0460,CK053,Lunch,cancelled,159
ORD02923,2026-09-05,SUB0054,CK069,Dinner,Delivered,149
ORD02924,2026-09-05,SUB0337,CK053,Lunch,DELIVERED,159
ORD02925,2026-09-05,SUB0147,CK069,Dinner,delivered,179
ORD02926,2026-09-05,SUB0062,CK037,Lunch,Pending,149
ORD02927,2026-09-05,SUB0183,CK024,Lunch,Delivered,159
ORD02928,2026-09-05,SUB0266,CK044,Lunch,Delivered,99
ORD02929,2026-09-05,SUB0222,CK036,Dinner,Delivered,120
ORD02930,2026-09-05,SUB0432,CK046,Lunch,Delivered,159
ORD02931,2026-09-05,SUB0361,CK047,Lunch,pending,99
ORD02932,2026-09-05,SUB0450,CK079,Dinner,DELIVERED,159
ORD02933,2026-09-05,SUB0045,CK060,Dinner,Delivered,199
ORD02934,2026-09-05,SUB0203,CK002,Lunch,In Progress,179
ORD02935,2026-09-05,SUB0034,CK023,Lunch,cook no show,120
ORD02936,2026-09-05,SUB0506,CK087,Dinner,DELIVERED,149
ORD02937,2026-09-05,SUB0292,CK047,Dinner,refunded,120
ORD02938,2026-09-05,SUB0061,CK042,Lunch,Delivered,199
ORD02939,2026-09-05,SUB0307,CK026,Lunch,DELIVERED,120
ORD02940,2026-09-05,SUB0214,CK008,Dinner,Delivered,199
ORD02941,2026-09-05,SUB0251,CK004,Dinner,Pending,120
ORD02942,2026-09-05,SUB0260,CK045,Dinner,delivered,159
ORD02943,2026-09-05,SUB0123,CK002,Lunch,Completed,99
ORD02944,2026-09-05,SUB0248,CK069,Lunch,delivered,120
ORD02945,2026-09-05,SUB0068,CK001,Lunch,CANCELLED,199
ORD02946,2026-09-05,SUB0280,CK079,Lunch,DELIVERED,120
ORD02947,2026-09-05,SUB0178,CK027,Lunch,delivered,120
ORD02948,2026-09-05,SUB0522,CK090,Dinner,delivered,120
ORD02949,2026-09-05,SUB0186,CK004,Lunch,DELIVERED,99
ORD02950,2026-09-05,SUB0234,CK049,Lunch,Delivered,199
ORD02951,2026-09-05,SUB0236,CK076,Dinner,Completed,120
ORD02952,2026-09-05,SUB0321,CK044,Dinner,Delivered,199
ORD02953,2026-09-05,SUB0474,CK081,Lunch,Completed,99
ORD02954,2026-09-05,SUB0171,CK077,Lunch,Cancelled,149
ORD02955,2026-09-05,SUB0281,CK061,Dinner,delivered,120
ORD02956,2026-09-05,SUB0098,CK069,Lunch,delivered,149
ORD02957,2026-09-05,SUB0193,CK029,Dinner,Pending,199
ORD02958,2026-09-05,SUB0442,CK019,Lunch,Completed,129
ORD02959,2026-09-05,SUB0291,CK048,Lunch,Delivered,199
ORD02960,2026-09-05,SUB0208,CK012,Dinner,delivered,199
ORD02961,2026-09-05,SUB0110,CK079,Dinner,Delivered,120
ORD02962,2026-09-05,SUB0350,CK081,Lunch,Completed,120
ORD02963,2026-09-05,SUB0011,CK037,Lunch,Completed,129
ORD02964,2026-09-05,SUB0109,CK038,Dinner,delivered,99
ORD02965,2026-09-05,SUB0512,CK087,Lunch,Delivered,129
ORD02966,2026-09-05,SUB0180,CK049,Dinner,DELIVERED,179
ORD02967,2026-09-05,SUB0099,CK070,Dinner,DELIVERED,99
ORD02968,2026-09-05,SUB0058,CK047,Lunch,DELIVERED,179
ORD02969,2026-09-05,SUB0117,CK014,Lunch,In Progress,159
ORD02970,2026-09-05,SUB0399,CK084,Lunch,Pending,159
ORD02971,2026-09-05,SUB0083,CK003,Dinner,Delivered,159
ORD02972,2026-09-05,SUB0499,CK086,Lunch,CANCELLED,199
ORD02973,2026-09-05,SUB0104,CK018,Lunch,delivered,159
ORD02974,2026-09-05,SUB0064,CK024,Dinner,delivered,149
ORD02975,2026-09-05,SUB0430,CK062,Lunch,delivered,149
ORD02976,2026-09-05,SUB0168,CK032,Dinner,Refunded,129
ORD02977,2026-09-05,SUB0513,CK088,Lunch,Pending,120
ORD02978,2026-09-05,SUB0471,CK054,Dinner,DELIVERED,159
ORD02979,2026-09-05,SUB0363,CK070,Lunch,Delivered,120
ORD02980,2026-09-05,SUB0367,CK058,Dinner,Delivered,149
ORD02981,2026-09-05,SUB0496,CK086,Dinner,Delivered,120
ORD02982,05/09/2026,SUB0317,CK055,Lunch,CANCELLED,199
ORD02983,2026-09-05,SUB0451,CK069,Lunch,Delivered,120
ORD02984,2026-09-05,SUB0095,CK037,Lunch,delivered,199
ORD02985,2026-09-05,SUB0429,CK047,Dinner,refunded,159
ORD02986,2026-09-05,SUB0080,CK075,Lunch,Delivered,159
ORD02987,2026-09-05,SUB0380,CK071,Dinner,Delivered,99
ORD02988,2026-09-05,SUB0151,CK064,Dinner,Delivered,99
ORD02989,2026-09-05,SUB0478,CK023,Dinner,Delivered,149
ORD02990,2026-09-05,SUB0398,CK003,Dinner,delivered,149
ORD02991,2026-09-06,SUB0194,CK032,Lunch,Completed,149
ORD02992,2026-09-06,SUB0175,CK071,Lunch,Delivered,149
ORD02993,2026-09-06,SUB0458,CK045,Dinner,Completed,199
ORD02994,2026-09-06,SUB0211,CK012,Dinner,Delivered,129
ORD02995,2026-09-06,SUB0439,CK077,Dinner,cancelled,99
ORD02996,2026-09-06,SUB0264,CK015,Lunch,DELIVERED,159
ORD02997,2026-09-06,SUB0183,CK024,Dinner,Completed,99
ORD02998,2026-09-06,SUB0485,CK058,Dinner,in-progress,120
ORD02999,2026-09-06,SUB0497,CK086,Dinner,refunded,199
ORD03000,2026-09-06,SUB0457,CK036,Dinner,Delivered,120
ORD03001,2026-09-06,SUB0487,CK051,Dinner,DELIVERED,120
ORD03002,2026-09-06,SUB0406,CK004,Lunch,delivered,120
ORD03003,2026-09-06,SUB0265,CK036,Dinner,refunded,129
ORD03004,2026-09-06,SUB0241,CK051,Lunch,Delivered,159
ORD03005,2026-09-06,SUB0524,CK091,Dinner,Delivered,149
ORD03006,2026-09-06,SUB0033,CK020,Lunch,Delivered,159
ORD03007,2026-09-06,SUB0065,CK014,Lunch,cancelled,99
ORD03008,2026-09-06,SUB0478,CK023,Lunch,delivered,99
ORD03009,2026-09-06,SUB0276,CK049,Dinner,Completed,120
ORD03010,2026-09-06,SUB0379,CK004,Dinner,delivered,120
ORD03011,2026-09-06,SUB0046,CK050,Dinner,Delivered,129
ORD03012,2026-09-06,SUB0017,CK011,Lunch,Delivered,99
ORD03013,2026-09-06,SUB0507,CK087,Dinner,Delivered,159
ORD03014,2026-09-06,SUB0477,CK024,Lunch,DELIVERED,99
ORD03015,2026-09-06,SUB0059,CK048,Dinner,Delivered,199
ORD03016,2026-09-06,SUB0190,CK002,Lunch,Delivered,179
ORD03017,2026-09-06,SUB0496,CK086,Dinner,Delivered,149
ORD03018,2026-09-06,SUB0345,CK060,Lunch,delivered,120
ORD03019,2026-09-06,SUB0237,CK047,Dinner,Delivered,129
ORD03020,2026-09-06,SUB0032,CK003,Dinner,Delivered,99
ORD03021,2026-09-06,SUB0023,CK070,Dinner,Delivered,199
ORD03022,2026-09-06,SUB0367,CK058,Dinner,delivered,199
ORD03023,2026-09-06,SUB0140,CK013,Dinner,Delivered,199
ORD03024,2026-09-06,SUB0373,CK071,Lunch,Delivered,99
ORD03025,2026-09-06,SUB0025,CK068,Lunch,Delivered,199
ORD03026,2026-09-06,SUB0203,CK002,Lunch,delivered,179
ORD03027,2026-09-06,SUB0268,CK068,Lunch,delivered,149
ORD03028,2026-09-06,SUB0193,CK029,Lunch,delivered,149
ORD03029,06/09/2026,SUB0182,CK044,Lunch,in-progress,149
ORD03030,2026-09-06,SUB0450,CK079,Dinner,Completed,120
ORD03031,2026-09-06,SUB0088,CK032,Lunch,In Progress,129
ORD03032,2026-09-06,SUB0026,CK082,Dinner,delivered,99
ORD03033,2026-09-06,SUB0002,CK004,Dinner,Delivered,159
ORD03034,2026-09-06,SUB0426,CK055,Dinner,Delivered,159
ORD03035,2026-09-06,SUB0171,CK077,Lunch,Cancelled,179
ORD03036,2026-09-06,SUB0298,CK060,Dinner,Delivered,129
ORD03037,06/09/2026,SUB0181,CK018,Dinner,Delivered,129
ORD03038,2026-09-06,SUB0469,CK070,Dinner,delivered,159
ORD03039,2026-09-06,SUB0188,CK045,Dinner,Completed,159
ORD03040,2026-09-06,SUB0518,CK090,Lunch,Delivered,149
ORD03041,2026-09-06,SUB0321,CK044,Dinner,Completed,199
ORD03042,2026-09-06,SUB0296,CK047,Dinner,Delivered,99
ORD03043,2026-09-06,SUB0479,CK052,Dinner,Delivered,120
ORD03044,2026-09-06,SUB0455,CK014,Dinner,Pending,129
ORD03045,2026-09-06,SUB0246,CK023,Dinner,Completed,199
ORD03046,2026-09-06,SUB0223,CK040,Lunch,CANCELLED,159
ORD03047,2026-09-06,SUB0465,CK067,Lunch,cancelled,99
ORD03048,2026-09-06,SUB0383,CK048,Dinner,Delivered,179
ORD03049,2026-09-06,SUB0515,CK088,Lunch,Pending,179
ORD03050,2026-09-06,SUB0085,CK017,Dinner,delivered,129
ORD03051,2026-09-06,SUB0503,CK086,Lunch,cancelled,159
ORD03052,2026-09-06,SUB0108,CK068,Dinner,Cancelled,99
ORD03053,2026-09-06,SUB0509,CK087,Lunch,delivered,199
ORD03054,2026-09-06,SUB0062,CK037,Lunch,Delivered,120
ORD03055,2026-09-06,SUB0058,CK047,Lunch,Delivered,129
ORD03056,2026-09-06,SUB0130,CK057,Dinner,Delivered,99
ORD03057,2026-09-06,SUB0146,CK044,Lunch,delivered,159
ORD03058,2026-09-06,SUB0278,CK079,Dinner,Delivered,179
ORD03059,2026-09-06,SUB0409,CK071,Lunch,In Progress,149
ORD03060,2026-09-06,SUB0109,CK038,Dinner,Delivered,129
ORD03061,2026-09-06,SUB0116,CK084,Lunch,Delivered,149
ORD03062,2026-09-06,SUB0121,CK026,Lunch,CANCELLED,99
ORD03063,2026-09-06,SUB0233,CK021,Dinner,Delivered,159
ORD03064,2026-09-06,SUB0392,CK070,Lunch,Delivered,99
ORD03065,2026-09-06,SUB0162,CK080,Lunch,cook_dropout,159
ORD03066,2026-09-06,SUB0145,CK081,Lunch,CANCELLED,99
ORD03067,2026-09-06,SUB0158,CK027,Lunch,Delivered,159
ORD03068,2026-09-06,SUB0528,CK092,Dinner,Delivered,120
ORD03069,2026-09-06,SUB0472,CK043,Lunch,Completed,99
ORD03070,2026-09-06,SUB0262,CK042,Dinner,Delivered,199
ORD03071,2026-09-06,SUB0242,CK040,Lunch,delivered,159
ORD03072,2026-09-06,SUB0196,CK079,Lunch,DELIVERED,149
ORD03073,2026-09-06,SUB0499,CK086,Lunch,Cancelled,149
ORD03074,2026-09-06,SUB0462,CK044,Dinner,delivered,149
ORD03075,2026-09-06,SUB0243,CK011,Lunch,In Progress,179
ORD03076,2026-09-06,SUB0414,CK008,Dinner,Completed,179
ORD03077,2026-09-06,SUB0399,CK084,Lunch,Delivered,99
ORD03078,2026-09-06,SUB0103,CK017,Dinner,Delivered,120
ORD03079,2026-09-06,SUB0486,CK010,Lunch,Completed,129
ORD03080,2026-09-06,SUB0072,CK074,Dinner,delivered,159
ORD03081,2026-09-06,SUB0102,CK084,Dinner,Refunded,179
ORD03082,2026-09-06,SUB0494,CK014,Dinner,Completed,120
ORD03083,2026-09-06,SUB0333,CK075,Dinner,Pending,99
ORD03084,2026-09-06,SUB0107,CK047,Lunch,Delivered,199
ORD03085,2026-09-06,SUB0430,CK062,Lunch,Delivered,149
ORD03086,2026-09-06,SUB0456,CK053,Lunch,DELIVERED,129
ORD03087,2026-09-06,SUB0277,CK024,Dinner,Cancelled,99
ORD03088,2026-09-06,SUB0089,CK027,Dinner,Delivered,129
ORD03089,2026-09-06,SUB0514,CK088,Lunch,pending,179
ORD03090,2026-09-06,SUB0380,CK071,Dinner,cancelled,159
ORD03091,2026-09-06,SUB0257,CK069,Lunch,Delivered,120
ORD03092,2026-09-06,SUB0508,CK087,Lunch,Completed,149
ORD03093,2026-09-06,SUB0013,CK040,Dinner,DELIVERED,129
ORD03094,2026-09-06,SUB0287,CK069,Lunch,Delivered,159
ORD03095,2026-09-06,SUB0441,CK054,Dinner,cancelled,99
ORD03096,2026-09-06,SUB0254,CK003,Dinner,delivered,159
ORD03097,2026-09-06,SUB0060,CK014,Lunch,Completed,179
ORD03098,2026-09-06,SUB0210,CK046,Lunch,DELIVERED,199
ORD03099,2026-09-06,SUB0022,CK044,Dinner,Pending,99
ORD03100,2026-09-06,SUB0070,CK001,Lunch,Delivered,199
ORD03101,2026-09-06,SUB0235,CK004,Lunch,In Progress,99
ORD03102,2026-09-06,SUB0084,CK023,Dinner,Delivered,149
ORD03103,2026-09-06,SUB0067,CK074,Dinner,Delivered,159
ORD03104,2026-09-06,SUB0357,CK008,Lunch,refunded,129
ORD03105,2026-09-06,SUB0378,CK072,Lunch,Completed,99
ORD03106,2026-09-06,SUB0440,CK015,Dinner,Delivered,129
ORD03107,2026-09-06,SUB0398,CK003,Lunch,DELIVERED,120
ORD03108,2026-09-06,SUB0271,CK004,Lunch,Delivered,179
ORD03109,2026-09-06,SUB0402,CK060,Dinner,Pending,149
ORD03110,2026-09-06,SUB0019,CK060,Lunch,delivered,120
ORD03111,2026-09-06,SUB0326,CK058,Dinner,Completed,99
ORD03112,2026-09-06,SUB0240,CK010,Lunch,Delivered,120
ORD03113,2026-09-06,SUB0153,CK057,Lunch,Delivered,99
ORD03114,2026-09-06,SUB0482,CK068,Dinner,DELIVERED,129
ORD03115,2026-09-06,SUB0222,CK036,Dinner,Delivered,149
ORD03116,2026-09-06,SUB0236,CK076,Dinner,Delivered,159
ORD03117,2026-09-06,SUB0005,CK063,Dinner,Cancelled,199
ORD03118,2026-09-06,SUB0344,CK055,Dinner,Delivered,199
ORD03119,2026-09-06,SUB0118,CK002,Dinner,Delivered,120
ORD03120,2026-09-06,SUB0470,CK075,Dinner,DELIVERED,120
ORD03121,06/09/2026,SUB0247,CK006,Lunch,Delivered,129
ORD03122,2026-09-06,SUB0372,CK056,Dinner,Delivered,120
ORD03123,2026-09-06,SUB0320,CK075,Dinner,Delivered,99
ORD03124,2026-09-06,SUB0418,CK018,Dinner,Delivered,99
ORD03125,2026-09-06,SUB0521,CK090,Lunch,delivered,129
ORD03126,2026-09-06,SUB0302,CK043,Lunch,CANCELLED,129
ORD03127,2026-09-06,SUB0249,CK001,Lunch,Completed,149
ORD03128,2026-09-06,SUB0125,CK067,Lunch,refunded,179
ORD03129,2026-09-06,SUB0131,CK064,Lunch,Completed,199
ORD03130,06/09/2026,SUB0520,CK090,Dinner,in-progress,179
ORD03131,2026-09-06,SUB0285,CK053,Lunch,CANCELLED,129
ORD03132,2026-09-06,SUB0411,CK062,Dinner,cook_dropout,129
ORD03133,2026-09-06,SUB0341,CK040,Lunch,Delivered,120
ORD03134,2026-09-06,SUB0224,CK058,Dinner,Cancelled,159
ORD03135,2026-09-06,SUB0526,CK091,Dinner,cook_dropout,199
ORD03136,2026-09-06,SUB0512,CK087,Lunch,Cancelled,129
ORD03137,2026-09-06,SUB0123,CK002,Lunch,Pending,199
ORD03138,2026-09-06,SUB0451,CK069,Dinner,Delivered,199
ORD03139,2026-09-06,SUB0200,CK061,Lunch,DELIVERED,199
ORD03140,2026-09-06,SUB0517,CK090,Lunch,Delivered,120
ORD03141,2026-09-06,SUB0303,CK057,Dinner,pending,99
ORD03142,2026-09-06,SUB0360,CK059,Lunch,Completed,159
ORD03143,2026-09-06,SUB0129,CK057,Lunch,Delivered,129
ORD03144,2026-09-06,SUB0391,CK044,Lunch,Completed,179
ORD03145,2026-09-06,SUB0340,CK011,Dinner,Pending,179
ORD03146,2026-09-06,SUB0488,CK018,Lunch,Completed,99
ORD03147,2026-09-06,SUB0080,CK075,Dinner,Completed,99
ORD03148,2026-09-06,SUB0476,CK010,Lunch,Delivered,99
ORD03149,2026-09-06,SUB0484,CK084,Dinner,DELIVERED,199
ORD03150,2026-09-06,SUB0511,CK087,Lunch,Delivered,199
ORD03151,2026-09-06,SUB0186,CK004,Lunch,Delivered,99
ORD03152,2026-09-06,SUB0248,CK069,Lunch,delivered,120
ORD03153,2026-09-06,SUB0275,CK055,Dinner,Completed,149
ORD03154,2026-09-06,SUB0135,CK052,Dinner,delivered,129
ORD03155,2026-09-06,SUB0184,CK079,Lunch,Delivered,159
ORD03156,2026-09-06,SUB0011,CK037,Lunch,cancelled,120
ORD03157,2026-09-06,SUB0056,CK014,Dinner,DELIVERED,99
ORD03158,2026-09-06,SUB0288,CK009,Lunch,Completed,159
ORD03159,2026-09-06,SUB0144,CK023,Lunch,In Progress,159
ORD03160,2026-09-06,SUB0042,CK081,Lunch,delivered,99
ORD03161,2026-09-06,SUB0419,CK079,Lunch,delivered,129
ORD03162,2026-09-06,SUB0319,CK047,Lunch,cook no show,99
ORD03163,2026-09-06,SUB0272,CK078,Lunch,refunded,120
ORD03164,2026-09-06,SUB0134,CK057,Lunch,CANCELLED,129
ORD03165,2026-09-06,SUB0227,CK003,Lunch,Completed,149
ORD03166,2026-09-06,SUB0086,CK036,Dinner,DELIVERED,199
ORD03167,06/09/2026,SUB0178,CK027,Lunch,DELIVERED,129
ORD03168,2026-09-06,SUB0294,CK081,Dinner,Delivered,149
ORD03169,2026-09-06,SUB0052,CK002,Dinner,delivered,179
ORD03170,2026-09-06,SUB0049,CK013,Dinner,delivered,159
ORD03171,2026-09-06,SUB0220,CK064,Lunch,Delivered,199
ORD03172,2026-09-06,SUB0428,CK048,Lunch,Delivered,99
ORD03173,2026-09-06,SUB0393,CK076,Lunch,Completed,159
ORD03174,2026-09-06,SUB0438,CK069,Dinner,DELIVERED,120
ORD03175,2026-09-06,SUB0034,CK023,Dinner,delivered,149
ORD03176,2026-09-06,SUB0300,CK037,Lunch,delivered,149
ORD03177,2026-09-06,SUB0051,CK032,Dinner,Pending,149
ORD03178,2026-09-06,SUB0443,CK021,Dinner,Delivered,199
ORD03179,2026-09-06,SUB0169,CK046,Dinner,Delivered,159
ORD03180,2026-09-06,SUB0325,CK023,Lunch,DELIVERED,129
ORD03181,2026-09-06,SUB0390,CK049,Dinner,Delivered,159
ORD03182,2026-09-06,SUB0151,CK064,Dinner,Delivered,149
ORD03183,2026-09-06,SUB0384,CK058,Lunch,delivered,159
ORD03184,2026-09-06,SUB0377,CK041,Dinner,Delivered,99
ORD03185,2026-09-06,SUB0079,CK021,Lunch,In Progress,179
ORD03186,2026-09-06,SUB0471,CK054,Dinner,delivered,120
ORD03187,2026-09-06,SUB0434,CK017,Lunch,Delivered,149
ORD03188,2026-09-06,SUB0289,CK029,Dinner,cancelled,179
ORD03189,2026-09-06,SUB0375,CK036,Dinner,DELIVERED,99
ORD03190,2026-09-06,SUB0295,CK046,Dinner,Delivered,120
ORD03191,2026-09-06,SUB0090,CK050,Lunch,cancelled,129
ORD03192,2026-09-06,SUB0068,CK001,Lunch,Delivered,159
ORD03193,2026-09-06,SUB0008,CK083,Dinner,Delivered,179
ORD03194,2026-09-06,SUB0505,CK087,Lunch,Delivered,120
ORD03195,2026-09-06,SUB0215,CK019,Dinner,Completed,199
ORD03196,2026-09-06,SUB0152,CK023,Dinner,delivered,159
ORD03197,06/09/2026,SUB0498,CK086,Dinner,Refunded,129
ORD03198,2026-09-06,SUB0362,CK069,Lunch,Cancelled,120
ORD03199,2026-09-06,SUB0174,CK058,Dinner,delivered,120
ORD03200,2026-09-06,SUB0003,CK053,Lunch,Pending,120
ORD03201,2026-09-06,SUB0149,CK060,Lunch,Completed,179
ORD03202,2026-09-06,SUB0330,CK004,Dinner,Completed,199
ORD03203,2026-09-06,SUB0165,CK074,Lunch,Delivered,179
ORD03204,2026-09-06,SUB0361,CK047,Dinner,Delivered,149
ORD03205,2026-09-06,SUB0446,CK032,Lunch,Delivered,99
ORD03206,2026-09-06,SUB0493,CK080,Dinner,Delivered,149
ORD03207,2026-09-06,SUB0421,CK079,Lunch,delivered,199
ORD03208,2026-09-06,SUB0204,CK084,Dinner,Delivered,120
ORD03209,2026-09-06,SUB0101,CK018,Lunch,delivered,129
ORD03210,2026-09-06,SUB0100,CK012,Lunch,Completed,129
ORD03211,2026-09-06,SUB0282,CK060,Lunch,In Progress,159
ORD03212,2026-09-06,SUB0030,CK033,Dinner,pending,159
ORD03213,2026-09-06,SUB0045,CK060,Dinner,delivered,149
ORD03214,2026-09-06,SUB0208,CK012,Lunch,Delivered,179
ORD03215,2026-09-06,SUB0122,CK023,Dinner,delivered,149
ORD03216,2026-09-06,SUB0338,CK050,Lunch,Delivered,179
ORD03217,2026-09-06,SUB0444,CK025,Lunch,cook no show,120
ORD03218,2026-09-06,SUB0453,CK072,Lunch,cancelled,149
ORD03219,2026-09-06,SUB0369,CK070,Lunch,delivered,199
ORD03220,2026-09-06,SUB0228,CK075,Lunch,delivered,120
ORD03221,07/09/2026,SUB0374,CK077,Lunch,refunded,149
ORD03222,2026-09-07,SUB0294,CK081,Lunch,Delivered,120
ORD03223,2026-09-07,SUB0334,CK077,Lunch,delivered,99
ORD03224,2026-09-07,SUB0497,CK086,Dinner,refunded,179
ORD03225,2026-09-07,SUB0326,CK058,Dinner,Cancelled,120
ORD03226,2026-09-07,SUB0111,CK036,Dinner,Delivered,99
ORD03227,2026-09-07,SUB0175,CK071,Lunch,delivered,179
ORD03228,2026-09-07,SUB0044,CK020,Lunch,Delivered,149
ORD03229,2026-09-07,SUB0153,CK057,Lunch,Pending,99
ORD03230,2026-09-07,SUB0005,CK063,Lunch,Delivered,99
ORD03231,2026-09-07,SUB0518,CK090,Lunch,refunded,199
ORD03232,2026-09-07,SUB0144,CK023,Lunch,Delivered,199
ORD03233,2026-09-07,SUB0017,CK011,Lunch,Refunded,159
ORD03234,2026-09-07,SUB0216,CK077,Lunch,DELIVERED,99
ORD03235,2026-09-07,SUB0474,CK081,Lunch,delivered,159
ORD03236,2026-09-07,SUB0311,CK038,Lunch,cancelled,179
ORD03237,2026-09-07,SUB0519,CK090,Lunch,pending,149
ORD03238,2026-09-07,SUB0224,CK058,Dinner,Completed,159
ORD03239,2026-09-07,SUB0531,CK092,Lunch,Delivered,129
ORD03240,2026-09-07,SUB0268,CK068,Lunch,DELIVERED,179
ORD03241,2026-09-07,SUB0321,CK044,Dinner,Delivered,129
ORD03242,2026-09-07,SUB0102,CK084,Dinner,DELIVERED,129
ORD03243,2026-09-07,SUB0495,CK086,Dinner,Delivered,149
ORD03244,2026-09-07,SUB0280,CK079,Dinner,Delivered,179
ORD03245,2026-09-07,SUB0135,CK052,Dinner,Delivered,120
ORD03246,2026-09-07,SUB0285,CK053,Lunch,Completed,99
ORD03247,2026-09-07,SUB0141,CK079,Lunch,Completed,159
ORD03248,2026-09-07,SUB0012,CK056,Dinner,Delivered,199
ORD03249,2026-09-07,SUB0307,CK026,Lunch,Cook No-Show,179
ORD03250,2026-09-07,SUB0512,CK087,Lunch,delivered,120
ORD03251,2026-09-07,SUB0003,CK053,Lunch,Completed,179
ORD03252,2026-09-07,SUB0037,CK031,Dinner,Delivered,159
ORD03253,2026-09-07,SUB0399,CK084,Lunch,Completed,199
ORD03254,2026-09-07,SUB0053,CK027,Dinner,delivered,149
ORD03255,2026-09-07,SUB0182,CK044,Lunch,Delivered,199
ORD03256,2026-09-07,SUB0186,CK004,Lunch,delivered,199
ORD03257,2026-09-07,SUB0402,CK060,Dinner,Completed,159
ORD03258,2026-09-07,SUB0046,CK050,Dinner,Completed,159
ORD03259,2026-09-07,SUB0291,CK048,Lunch,CANCELLED,129
ORD03260,2026-09-07,SUB0264,CK015,Lunch,Delivered,179
ORD03261,2026-09-07,SUB0522,CK090,Dinner,Delivered,149
ORD03262,2026-09-07,SUB0337,CK053,Lunch,Delivered,149
ORD03263,2026-09-07,SUB0118,CK002,Dinner,Delivered,199
ORD03264,07/09/2026,SUB0104,CK018,Lunch,Completed,120
ORD03265,2026-09-07,SUB0074,CK077,Dinner,Delivered,129
ORD03266,2026-09-07,SUB0324,CK032,Lunch,cancelled,159
ORD03267,2026-09-07,SUB0234,CK049,Lunch,Completed,149
ORD03268,2026-09-07,SUB0327,CK051,Dinner,delivered,120
ORD03269,2026-09-07,SUB0436,CK067,Lunch,Completed,120
ORD03270,2026-09-07,SUB0502,CK086,Lunch,delivered,120
ORD03271,2026-09-07,SUB0362,CK069,Dinner,In Progress,149
ORD03272,2026-09-07,SUB0319,CK047,Lunch,Refunded,99
ORD03273,2026-09-07,SUB0181,CK018,Lunch,DELIVERED,120
ORD03274,2026-09-07,SUB0240,CK010,Lunch,Delivered,159
ORD03275,2026-09-07,SUB0492,CK013,Dinner,Cancelled,99
ORD03276,2026-09-07,SUB0441,CK054,Dinner,refunded,149
ORD03277,2026-09-07,SUB0247,CK006,Lunch,Delivered,120
ORD03278,2026-09-07,SUB0419,CK079,Lunch,Delivered,159
ORD03279,2026-09-07,SUB0228,CK075,Lunch,Delivered,179
ORD03280,2026-09-07,SUB0397,CK064,Dinner,Completed,179
ORD03281,2026-09-07,SUB0387,CK071,Lunch,Completed,149
ORD03282,2026-09-07,SUB0013,CK040,Dinner,Delivered,159
ORD03283,2026-09-07,SUB0310,CK010,Lunch,Delivered,159
ORD03284,2026-09-07,SUB0197,CK037,Dinner,DELIVERED,99
ORD03285,2026-09-07,SUB0400,CK036,Dinner,Completed,199
ORD03286,2026-09-07,SUB0347,CK023,Lunch,Pending,99
ORD03287,2026-09-07,SUB0010,CK014,Dinner,Cancelled,159
ORD03288,2026-09-07,SUB0295,CK046,Dinner,cook_dropout,199
ORD03289,07/09/2026,SUB0183,CK024,Lunch,In Progress,179
ORD03290,2026-09-07,SUB0476,CK010,Lunch,Delivered,99
ORD03291,2026-09-07,SUB0460,CK053,Lunch,Delivered,179
ORD03292,2026-09-07,SUB0072,CK074,Dinner,Completed,120
ORD03293,2026-09-07,SUB0277,CK024,Dinner,delivered,149
ORD03294,2026-09-07,SUB0267,CK071,Dinner,delivered,179
ORD03295,2026-09-07,SUB0394,CK044,Lunch,DELIVERED,99
ORD03296,2026-09-07,SUB0176,CK061,Lunch,DELIVERED,179
ORD03297,2026-09-07,SUB0422,CK052,Dinner,Delivered,129
ORD03298,2026-09-07,SUB0258,CK014,Lunch,Cook No-Show,129
ORD03299,2026-09-07,SUB0376,CK003,Dinner,Delivered,159
ORD03300,2026-09-07,SUB0025,CK068,Lunch,DELIVERED,120
ORD03301,2026-09-07,SUB0203,CK002,Lunch,In Progress,179
ORD03302,2026-09-07,SUB0033,CK020,Lunch,Completed,159
ORD03303,2026-09-07,SUB0242,CK040,Dinner,Delivered,179
ORD03304,2026-09-07,SUB0031,CK018,Lunch,Delivered,129
ORD03305,2026-09-07,SUB0411,CK062,Dinner,Delivered,199
ORD03306,2026-09-07,SUB0335,CK058,Dinner,Delivered,149
ORD03307,2026-09-07,SUB0415,CK021,Dinner,Delivered,99
ORD03308,2026-09-07,SUB0206,CK065,Dinner,DELIVERED,99
ORD03309,2026-09-07,SUB0481,CK045,Dinner,Delivered,179
ORD03310,2026-09-07,SUB0298,CK060,Dinner,Completed,120
ORD03311,2026-09-07,SUB0193,CK029,Dinner,Cancelled,149
ORD03312,2026-09-07,SUB0382,CK075,Dinner,CANCELLED,120
ORD03313,2026-09-07,SUB0164,CK050,Lunch,in-progress,99
ORD03314,2026-09-07,SUB0455,CK014,Dinner,CANCELLED,179
ORD03315,2026-09-07,SUB0507,CK087,Dinner,Delivered,129
ORD03316,2026-09-07,SUB0328,CK040,Dinner,cancelled,199
ORD03317,2026-09-07,SUB0426,CK055,Dinner,Delivered,199
ORD03318,2026-09-07,SUB0303,CK057,Dinner,Delivered,199
ORD03319,2026-09-07,SUB0323,CK084,Lunch,cancelled,99
ORD03320,2026-09-07,SUB0316,CK014,Dinner,Delivered,199
ORD03321,2026-09-07,SUB0465,CK067,Lunch,Delivered,179
ORD03322,2026-09-07,SUB0147,CK069,Lunch,delivered,159
ORD03323,2026-09-07,SUB0085,CK017,Dinner,cancelled,99
ORD03324,2026-09-07,SUB0048,CK081,Lunch,Delivered,149
ORD03325,2026-09-07,SUB0453,CK072,Lunch,delivered,99
ORD03326,2026-09-07,SUB0246,CK023,Dinner,Delivered,120
ORD03327,2026-09-07,SUB0151,CK064,Dinner,Delivered,120
ORD03328,2026-09-07,SUB0491,CK044,Dinner,Delivered,129
ORD03329,2026-09-07,SUB0023,CK070,Dinner,In Progress,149
ORD03330,2026-09-07,SUB0119,CK079,Lunch,delivered,159
ORD03331,2026-09-07,SUB0205,CK005,Dinner,delivered,199
ORD03332,2026-09-07,SUB0317,CK055,Dinner,Refunded,129
ORD03333,2026-09-07,SUB0488,CK018,Dinner,DELIVERED,120
ORD03334,2026-09-07,SUB0528,CK092,Lunch,delivered,199
ORD03335,2026-09-07,SUB0290,CK047,Lunch,Delivered,129
ORD03336,2026-09-07,SUB0470,CK075,Lunch,refunded,120
ORD03337,2026-09-07,SUB0360,CK059,Lunch,Delivered,159
ORD03338,2026-09-07,SUB0406,CK004,Lunch,Delivered,129
ORD03339,2026-09-07,SUB0243,CK011,Lunch,DELIVERED,149
ORD03340,2026-09-07,SUB0255,CK077,Lunch,Delivered,120
ORD03341,2026-09-07,SUB0079,CK021,Lunch,Cancelled,149
ORD03342,2026-09-07,SUB0501,CK086,Dinner,Cancelled,99
ORD03343,2026-09-07,SUB0051,CK032,Dinner,Delivered,99
ORD03344,2026-09-07,SUB0366,CK004,Dinner,delivered,149
ORD03345,2026-09-07,SUB0220,CK064,Lunch,DELIVERED,129
ORD03346,2026-09-07,SUB0194,CK032,Dinner,delivered,199
ORD03347,2026-09-07,SUB0372,CK056,Lunch,Completed,99
ORD03348,2026-09-07,SUB0439,CK077,Dinner,delivered,159
ORD03349,2026-09-07,SUB0174,CK058,Dinner,delivered,129
ORD03350,2026-09-07,SUB0140,CK013,Dinner,Cancelled,159
ORD03351,2026-09-07,SUB0165,CK074,Lunch,delivered,99
ORD03352,2026-09-07,SUB0237,CK047,Lunch,Delivered,99
ORD03353,2026-09-07,SUB0204,CK084,Dinner,Delivered,129
ORD03354,2026-09-07,SUB0381,CK018,Lunch,Delivered,149
ORD03355,2026-09-07,SUB0339,CK079,Dinner,Delivered,199
ORD03356,2026-09-07,SUB0080,CK075,Lunch,delivered,159
ORD03357,2026-09-07,SUB0117,CK014,Dinner,delivered,120
ORD03358,2026-09-07,SUB0068,CK001,Lunch,Completed,149
ORD03359,2026-09-07,SUB0233,CK021,Dinner,Delivered,159
ORD03360,2026-09-07,SUB0125,CK067,Dinner,pending,179
ORD03361,2026-09-07,SUB0211,CK012,Dinner,Delivered,159
ORD03362,2026-09-07,SUB0054,CK069,Dinner,Delivered,179
ORD03363,2026-09-07,SUB0515,CK088,Lunch,Cancelled - Cook Unavailable,149
ORD03364,2026-09-07,SUB0059,CK048,Dinner,Delivered,179
ORD03365,2026-09-07,SUB0239,CK065,Dinner,Delivered,159
ORD03366,07/09/2026,SUB0177,CK047,Lunch,Delivered,129
ORD03367,07/09/2026,SUB0389,CK038,Lunch,delivered,120
ORD03368,2026-09-07,SUB0338,CK050,Lunch,Refunded,199
ORD03369,2026-09-07,SUB0344,CK055,Dinner,cancelled,99
ORD03370,2026-09-07,SUB0152,CK023,Dinner,delivered,120
ORD03371,2026-09-07,SUB0418,CK018,Dinner,Delivered,129
ORD03372,07/09/2026,SUB0091,CK060,Lunch,delivered,179
ORD03373,2026-09-07,SUB0467,CK012,Lunch,DELIVERED,179
ORD03374,2026-09-07,SUB0396,CK046,Lunch,Delivered,199
ORD03375,2026-09-07,SUB0132,CK059,Lunch,Cancelled,129
ORD03376,2026-09-07,SUB0198,CK058,Dinner,Delivered,99
ORD03377,2026-09-07,SUB0450,CK079,Dinner,Delivered,159
ORD03378,2026-09-07,SUB0447,CK067,Lunch,Delivered,129
ORD03379,2026-09-07,SUB0464,CK071,Lunch,delivered,199
ORD03380,2026-09-07,SUB0245,CK060,Dinner,Completed,199
ORD03381,2026-09-07,SUB0395,CK023,Lunch,delivered,179
ORD03382,2026-09-07,SUB0171,CK077,Lunch,Delivered,120
ORD03383,2026-09-07,SUB0530,CK092,Lunch,Delivered,159
ORD03384,2026-09-07,SUB0375,CK036,Dinner,Completed,159
ORD03385,2026-09-07,SUB0417,CK015,Dinner,Delivered,129
ORD03386,2026-09-07,SUB0139,CK023,Lunch,Completed,149
ORD03387,2026-09-07,SUB0035,CK081,Lunch,Delivered,129
ORD03388,2026-09-07,SUB0027,CK075,Lunch,Delivered,159
ORD03389,2026-09-07,SUB0340,CK011,Dinner,Delivered,120
ORD03390,2026-09-07,SUB0041,CK026,Dinner,Completed,199
ORD03391,2026-09-07,SUB0443,CK021,Dinner,DELIVERED,149
ORD03392,2026-09-07,SUB0383,CK048,Lunch,cancelled,159
ORD03393,2026-09-07,SUB0490,CK050,Dinner,Delivered,99
ORD03394,2026-09-07,SUB0332,CK076,Dinner,Delivered,120
ORD03395,2026-09-07,SUB0384,CK058,Lunch,Delivered,159
ORD03396,2026-09-07,SUB0485,CK058,Lunch,Delivered,199
ORD03397,07/09/2026,SUB0514,CK088,Lunch,Delivered,149
ORD03398,2026-09-07,SUB0500,CK086,Dinner,delivered,120
ORD03399,2026-09-07,SUB0185,CK074,Lunch,DELIVERED,99
ORD03400,2026-09-07,SUB0449,CK052,Lunch,Delivered,159
ORD03401,2026-09-07,SUB0101,CK018,Lunch,Delivered,99
ORD03402,2026-09-07,SUB0170,CK032,Dinner,DELIVERED,179
ORD03403,2026-09-07,SUB0343,CK015,Dinner,delivered,149
ORD03404,2026-09-07,SUB0438,CK069,Dinner,Delivered,120
ORD03405,2026-09-07,SUB0341,CK040,Lunch,Delivered,120
ORD03406,2026-09-07,SUB0130,CK057,Dinner,Delivered,179
ORD03407,2026-09-07,SUB0468,CK002,Dinner,Cancelled,120
ORD03408,2026-09-07,SUB0288,CK009,Dinner,delivered,129
ORD03409,2026-09-07,SUB0370,CK010,Lunch,Pending,149
ORD03410,2026-09-07,SUB0265,CK036,Dinner,Delivered,199
ORD03411,2026-09-07,SUB0434,CK017,Lunch,Delivered,159
ORD03412,2026-09-07,SUB0173,CK032,Lunch,Delivered,199
ORD03413,2026-09-07,SUB0114,CK046,Lunch,delivered,120
ORD03414,2026-09-07,SUB0496,CK086,Dinner,Delivered,99
ORD03415,2026-09-07,SUB0300,CK037,Lunch,delivered,179
ORD03416,2026-09-07,SUB0458,CK045,Dinner,Delivered,99
ORD03417,2026-09-07,SUB0413,CK062,Dinner,delivered,129
ORD03418,2026-09-07,SUB0196,CK079,Dinner,CANCELLED,129
ORD03419,2026-09-07,SUB0428,CK048,Lunch,Refunded,149
ORD03420,2026-09-07,SUB0525,CK091,Dinner,Completed,120
ORD03421,2026-09-07,SUB0209,CK045,Dinner,In Progress,149
ORD03422,2026-09-07,SUB0287,CK069,Lunch,delivered,199
ORD03423,2026-09-07,SUB0127,CK083,Dinner,DELIVERED,179
ORD03424,07/09/2026,SUB0523,CK091,Lunch,DELIVERED,179
ORD03425,2026-09-07,SUB0202,CK064,Lunch,Delivered,179
ORD03426,2026-09-07,SUB0190,CK002,Lunch,Cancelled,149
ORD03427,2026-09-07,SUB0363,CK070,Lunch,Delivered,179
ORD03428,2026-09-07,SUB0159,CK061,Dinner,pending,129
ORD03429,2026-09-07,SUB0378,CK072,Dinner,pending,179
ORD03430,2026-09-07,SUB0393,CK076,Lunch,Delivered,179
ORD03431,2026-09-07,SUB0094,CK083,Dinner,Delivered,120
ORD03432,07/09/2026,SUB0302,CK043,Lunch,Delivered,199
ORD03433,2026-09-07,SUB0060,CK014,Lunch,Delivered,99
ORD03434,2026-09-07,SUB0309,CK076,Lunch,Delivered,129
ORD03435,2026-09-07,SUB0306,CK017,Lunch,In Progress,149
ORD03436,2026-09-07,SUB0162,CK080,Lunch,Delivered,199
ORD03437,2026-09-07,SUB0259,CK020,Lunch,delivered,179
ORD03438,2026-09-07,SUB0297,CK019,Lunch,Delivered,99
ORD03439,2026-09-07,SUB0160,CK032,Lunch,Delivered,120
ORD03440,2026-09-07,SUB0479,CK052,Dinner,Completed,149
ORD03441,2026-09-07,SUB0440,CK015,Dinner,DELIVERED,149
ORD03442,2026-09-07,SUB0391,CK044,Lunch,Delivered,159
ORD03443,2026-09-07,SUB0461,CK052,Dinner,Pending,120
ORD03444,2026-09-07,SUB0315,CK036,Lunch,DELIVERED,120
ORD03445,2026-09-07,SUB0516,CK088,Lunch,DELIVERED,149
ORD03446,2026-09-07,SUB0064,CK024,Lunch,Delivered,129
ORD03447,2026-09-07,SUB0299,CK048,Dinner,Refunded,99
ORD03448,2026-09-07,SUB0156,CK056,Dinner,Delivered,159
ORD03449,2026-09-07,SUB0350,CK081,Lunch,Delivered,129
ORD03450,2026-09-07,SUB0421,CK079,Lunch,delivered,159
ORD03451,2026-09-08,SUB0008,CK083,Dinner,Delivered,159
ORD03452,2026-09-08,SUB0358,CK012,Dinner,Delivered,179
ORD03453,2026-09-08,SUB0249,CK001,Lunch,Delivered,99
ORD03454,2026-09-08,SUB0157,CK052,Lunch,DELIVERED,179
ORD03455,2026-09-08,SUB0203,CK002,Lunch,Delivered,120
ORD03456,2026-09-08,SUB0311,CK038,Lunch,delivered,149
ORD03457,2026-09-08,SUB0288,CK009,Lunch,In Progress,149
ORD03458,2026-09-08,SUB0338,CK050,Lunch,Pending,199
ORD03459,2026-09-08,SUB0073,CK074,Lunch,Delivered,159
ORD03460,2026-09-08,SUB0258,CK014,Lunch,Delivered,149
ORD03461,2026-09-08,SUB0499,CK086,Lunch,delivered,120
ORD03462,2026-09-08,SUB0532,CK092,Lunch,Delivered,149
ORD03463,2026-09-08,SUB0406,CK004,Lunch,Completed,129
ORD03464,2026-09-08,SUB0336,CK040,Lunch,Completed,159
ORD03465,2026-09-08,SUB0180,CK049,Dinner,delivered,149
ORD03466,2026-09-08,SUB0445,CK036,Lunch,pending,159
ORD03467,2026-09-08,SUB0530,CK092,Lunch,Delivered,199
ORD03468,2026-09-08,SUB0395,CK023,Lunch,DELIVERED,149
ORD03469,08/09/2026,SUB0256,CK041,Lunch,No Show,149
ORD03470,2026-09-08,SUB0228,CK075,Lunch,pending,120
ORD03471,2026-09-08,SUB0159,CK061,Lunch,In Progress,159
ORD03472,2026-09-08,SUB0277,CK024,Dinner,Completed,159
ORD03473,2026-09-08,SUB0529,CK092,Lunch,refunded,129
ORD03474,2026-09-08,SUB0289,CK029,Dinner,DELIVERED,120
ORD03475,2026-09-08,SUB0070,CK001,Lunch,Pending,129
ORD03476,2026-09-08,SUB0136,CK080,Dinner,cook no show,120
ORD03477,2026-09-08,SUB0261,CK083,Lunch,in-progress,199
ORD03478,2026-09-08,SUB0422,CK052,Dinner,Delivered,179
ORD03479,2026-09-08,SUB0521,CK090,Dinner,delivered,120
ORD03480,2026-09-08,SUB0513,CK088,Lunch,delivered,149
ORD03481,2026-09-08,SUB0425,CK048,Lunch,Delivered,120
ORD03482,2026-09-08,SUB0500,CK086,Dinner,Completed,159
ORD03483,2026-09-08,SUB0470,CK075,Dinner,pending,149
ORD03484,2026-09-08,SUB0027,CK075,Lunch,Delivered,120
ORD03485,2026-09-08,SUB0098,CK069,Lunch,Delivered,99
ORD03486,2026-09-08,SUB0383,CK048,Lunch,Completed,120
ORD03487,2026-09-08,SUB0062,CK037,Lunch,Delivered,99
ORD03488,2026-09-08,SUB0440,CK015,Dinner,Delivered,99
ORD03489,2026-09-08,SUB0204,CK084,Dinner,Refunded,129
ORD03490,2026-09-08,SUB0391,CK044,Lunch,Completed,129
ORD03491,08/09/2026,SUB0075,CK010,Dinner,delivered,179
ORD03492,2026-09-08,SUB0380,CK071,Dinner,Delivered,199
ORD03493,2026-09-08,SUB0209,CK045,Dinner,Completed,159
ORD03494,2026-09-08,SUB0247,CK006,Dinner,delivered,129
ORD03495,2026-09-08,SUB0148,CK003,Dinner,DELIVERED,99
ORD03496,2026-09-08,SUB0235,CK004,Lunch,Delivered,199
ORD03497,2026-09-08,SUB0202,CK064,Lunch,Completed,129
ORD03498,2026-09-08,SUB0419,CK079,Dinner,Completed,120
ORD03499,2026-09-08,SUB0145,CK081,Dinner,delivered,159
ORD03500,2026-09-08,SUB0378,CK072,Dinner,pending,120
ORD03501,08/09/2026,SUB0262,CK042,Lunch,Delivered,149
ORD03502,2026-09-08,SUB0265,CK036,Dinner,Completed,159
ORD03503,2026-09-08,SUB0226,CK018,Dinner,DELIVERED,99
ORD03504,2026-09-08,SUB0112,CK046,Lunch,Completed,129
ORD03505,2026-09-08,SUB0257,CK069,Lunch,Completed,120
ORD03506,2026-09-08,SUB0310,CK010,Lunch,delivered,129
ORD03507,2026-09-08,SUB0297,CK019,Lunch,Delivered,199
ORD03508,2026-09-08,SUB0007,CK051,Dinner,Completed,179
ORD03509,2026-09-08,SUB0162,CK080,Lunch,cook no show,129
ORD03510,2026-09-08,SUB0240,CK010,Lunch,DELIVERED,149
ORD03511,2026-09-08,SUB0488,CK018,Lunch,DELIVERED,179
ORD03512,2026-09-08,SUB0376,CK003,Dinner,delivered,159
ORD03513,2026-09-08,SUB0459,CK049,Lunch,Completed,149
ORD03514,2026-09-08,SUB0160,CK032,Dinner,Delivered,179
ORD03515,2026-09-08,SUB0140,CK013,Dinner,Delivered,149
ORD03516,2026-09-08,SUB0523,CK091,Lunch,Pending,179
ORD03517,2026-09-08,SUB0364,CK047,Lunch,Delivered,99
ORD03518,2026-09-08,SUB0409,CK071,Lunch,Delivered,129
ORD03519,2026-09-08,SUB0514,CK088,Lunch,delivered,179
ORD03520,2026-09-08,SUB0369,CK070,Dinner,Delivered,199
ORD03521,2026-09-08,SUB0299,CK048,Dinner,Cancelled,199
ORD03522,2026-09-08,SUB0375,CK036,Dinner,Delivered,159
ORD03523,2026-09-08,SUB0453,CK072,Lunch,Cancelled,129
ORD03524,2026-09-08,SUB0194,CK032,Lunch,Delivered,120
ORD03525,2026-09-08,SUB0438,CK069,Dinner,delivered,99
ORD03526,08/09/2026,SUB0125,CK067,Dinner,delivered,199
ORD03527,2026-09-08,SUB0403,CK013,Lunch,Delivered,129
ORD03528,2026-09-08,SUB0498,CK086,Dinner,Delivered,120
ORD03529,2026-09-08,SUB0386,CK067,Dinner,Delivered,129
ORD03530,2026-09-08,SUB0093,CK041,Dinner,Pending,99
ORD03531,2026-09-08,SUB0035,CK081,Lunch,Completed,129
ORD03532,2026-09-08,SUB0528,CK092,Dinner,Delivered,179
ORD03533,2026-09-08,SUB0188,CK045,Dinner,Delivered,129
ORD03534,2026-09-08,SUB0158,CK027,Lunch,Delivered,149
ORD03535,08/09/2026,SUB0239,CK065,Dinner,Completed,149
ORD03536,2026-09-08,SUB0360,CK059,Lunch,Delivered,199
ORD03537,2026-09-08,SUB0171,CK077,Lunch,cook no show,149
ORD03538,2026-09-08,SUB0469,CK070,Dinner,Delivered,99
ORD03539,2026-09-08,SUB0055,CK072,Dinner,Delivered,179
ORD03540,2026-09-08,SUB0345,CK060,Dinner,Pending,149
ORD03541,2026-09-08,SUB0150,CK001,Dinner,Delivered,159
ORD03542,2026-09-08,SUB0243,CK011,Lunch,Delivered,159
ORD03543,2026-09-08,SUB0292,CK047,Dinner,Cancelled,149
ORD03544,2026-09-08,SUB0390,CK049,Dinner,delivered,149
ORD03545,2026-09-08,SUB0135,CK052,Dinner,in-progress,129
ORD03546,2026-09-08,SUB0155,CK009,Lunch,Delivered,159
ORD03547,08/09/2026,SUB0151,CK064,Dinner,Completed,159
ORD03548,2026-09-08,SUB0137,CK051,Dinner,Completed,199
ORD03549,2026-09-08,SUB0464,CK071,Lunch,Delivered,159
ORD03550,2026-09-08,SUB0454,CK003,Lunch,delivered,129
ORD03551,2026-09-08,SUB0315,CK036,Dinner,Completed,99
ORD03552,2026-09-08,SUB0216,CK077,Lunch,Cancelled,199
ORD03553,2026-09-08,SUB0033,CK020,Lunch,pending,159
ORD03554,2026-09-08,SUB0059,CK048,Dinner,delivered,99
ORD03555,2026-09-08,SUB0021,CK054,Dinner,Delivered,199
ORD03556,2026-09-08,SUB0186,CK004,Lunch,Pending,159
ORD03557,2026-09-08,SUB0355,CK051,Lunch,Delivered,120
ORD03558,2026-09-08,SUB0042,CK081,Lunch,in-progress,179
ORD03559,2026-09-08,SUB0081,CK036,Lunch,Cancelled - Cook Unavailable,179
ORD03560,2026-09-08,SUB0477,CK024,Lunch,Refunded,99
ORD03561,2026-09-08,SUB0094,CK083,Dinner,Delivered,99
ORD03562,2026-09-08,SUB0031,CK018,Lunch,Delivered,199
ORD03563,2026-09-08,SUB0207,CK053,Lunch,DELIVERED,149
ORD03564,2026-09-08,SUB0312,CK082,Dinner,Cancelled,149
ORD03565,08/09/2026,SUB0449,CK052,Lunch,DELIVERED,99
ORD03566,2026-09-08,SUB0061,CK042,Lunch,delivered,179
ORD03567,2026-09-08,SUB0107,CK047,Lunch,DELIVERED,120
ORD03568,2026-09-08,SUB0389,CK038,Lunch,delivered,199
ORD03569,2026-09-08,SUB0365,CK070,Dinner,Completed,159
ORD03570,2026-09-08,SUB0350,CK081,Lunch,DELIVERED,149
ORD03571,2026-09-08,SUB0317,CK055,Dinner,Refunded,129
ORD03572,2026-09-08,SUB0527,CK091,Lunch,DELIVERED,120
ORD03573,2026-09-08,SUB0301,CK084,Lunch,Delivered,159
ORD03574,2026-09-08,SUB0461,CK052,Dinner,DELIVERED,159
ORD03575,2026-09-08,SUB0214,CK008,Dinner,Delivered,129
ORD03576,2026-09-08,SUB0212,CK078,Dinner,Completed,179
ORD03577,2026-09-08,SUB0219,CK027,Dinner,Delivered,159
ORD03578,08/09/2026,SUB0236,CK076,Dinner,Pending,129
ORD03579,2026-09-08,SUB0363,CK070,Lunch,pending,120
ORD03580,2026-09-08,SUB0089,CK027,Dinner,DELIVERED,99
ORD03581,2026-09-08,SUB0176,CK061,Lunch,delivered,120
ORD03582,2026-09-08,SUB0493,CK080,Dinner,Cancelled,99
ORD03583,2026-09-08,SUB0198,CK058,Dinner,Completed,179
ORD03584,2026-09-08,SUB0320,CK075,Dinner,cancelled,199
ORD03585,2026-09-08,SUB0531,CK092,Lunch,delivered,149
ORD03586,2026-09-08,SUB0126,CK083,Lunch,Delivered,129
ORD03587,2026-09-08,SUB0465,CK067,Lunch,in-progress,120
ORD03588,2026-09-08,SUB0321,CK044,Dinner,CANCELLED,199
ORD03589,2026-09-08,SUB0142,CK014,Dinner,delivered,120
ORD03590,2026-09-08,SUB0357,CK008,Lunch,DELIVERED,120
ORD03591,2026-09-08,SUB0024,CK003,Lunch,DELIVERED,199
ORD03592,2026-09-08,SUB0515,CK088,Lunch,Delivered,129
ORD03593,2026-09-08,SUB0487,CK051,Dinner,delivered,179
ORD03594,2026-09-08,SUB0430,CK062,Lunch,delivered,149
ORD03595,2026-09-08,SUB0525,CK091,Lunch,In Progress,129
ORD03596,2026-09-08,SUB0512,CK087,Lunch,Delivered,99
ORD03597,2026-09-08,SUB0255,CK077,Lunch,Delivered,149
ORD03598,2026-09-08,SUB0088,CK032,Lunch,Completed,129
ORD03599,2026-09-08,SUB0346,CK004,Dinner,Delivered,149
ORD03600,2026-09-08,SUB0201,CK062,Dinner,cook_dropout,199
ORD03601,2026-09-08,SUB0271,CK004,Lunch,Delivered,199
ORD03602,2026-09-08,SUB0225,CK051,Dinner,Pending,199
ORD03603,2026-09-08,SUB0038,CK005,Lunch,delivered,149
ORD03604,2026-09-08,SUB0401,CK002,Dinner,Delivered,99
ORD03605,2026-09-08,SUB0496,CK086,Dinner,Pending,179
ORD03606,2026-09-08,SUB0381,CK018,Lunch,delivered,120
ORD03607,2026-09-08,SUB0273,CK052,Dinner,Completed,149
ORD03608,2026-09-08,SUB0504,CK087,Lunch,Cancelled,149
ORD03609,2026-09-08,SUB0491,CK044,Dinner,DELIVERED,199
ORD03610,2026-09-08,SUB0013,CK040,Dinner,DELIVERED,99
ORD03611,2026-09-08,SUB0351,CK036,Lunch,Delivered,179
ORD03612,2026-09-08,SUB0230,CK075,Dinner,Delivered,159
ORD03613,2026-09-08,SUB0501,CK086,Lunch,Cancelled,149
ORD03614,2026-09-08,SUB0266,CK044,Dinner,Completed,129
ORD03615,2026-09-08,SUB0371,CK020,Dinner,Delivered,129
ORD03616,2026-09-08,SUB0217,CK019,Lunch,Delivered,159
ORD03617,2026-09-08,SUB0020,CK061,Lunch,delivered,159
ORD03618,2026-09-08,SUB0065,CK014,Lunch,delivered,179
ORD03619,2026-09-08,SUB0443,CK021,Dinner,Delivered,179
ORD03620,2026-09-08,SUB0006,CK032,Dinner,pending,99
ORD03621,2026-09-08,SUB0509,CK087,Lunch,Delivered,120
ORD03622,2026-09-08,SUB0426,CK055,Dinner,DELIVERED,129
ORD03623,08/09/2026,SUB0411,CK062,Dinner,cook_dropout,99
ORD03624,2026-09-08,SUB0402,CK060,Dinner,cancelled,99
ORD03625,2026-09-08,SUB0084,CK023,Dinner,In Progress,179
ORD03626,2026-09-08,SUB0333,CK075,Dinner,DELIVERED,120
ORD03627,2026-09-08,SUB0340,CK011,Dinner,delivered,99
ORD03628,2026-09-08,SUB0091,CK060,Lunch,Delivered,99
ORD03629,2026-09-08,SUB0283,CK020,Dinner,Delivered,199
ORD03630,2026-09-08,SUB0307,CK026,Lunch,Delivered,159
ORD03631,2026-09-08,SUB0170,CK032,Lunch,delivered,179
ORD03632,2026-09-08,SUB0011,CK037,Lunch,Delivered,129
ORD03633,2026-09-08,SUB0117,CK014,Lunch,cancelled,149
ORD03634,2026-09-08,SUB0505,CK087,Lunch,Completed,129
ORD03635,2026-09-08,SUB0245,CK060,Dinner,Completed,179
ORD03636,2026-09-08,SUB0169,CK046,Dinner,Pending,120
ORD03637,2026-09-08,SUB0370,CK010,Lunch,DELIVERED,179
ORD03638,2026-09-08,SUB0421,CK079,Lunch,Delivered,179
ORD03639,2026-09-08,SUB0524,CK091,Dinner,cancelled,199
ORD03640,2026-09-08,SUB0442,CK019,Lunch,DELIVERED,120
ORD03641,2026-09-08,SUB0184,CK079,Lunch,CANCELLED,159
ORD03642,2026-09-08,SUB0495,CK086,Dinner,Delivered,199
ORD03643,2026-09-08,SUB0483,CK013,Lunch,delivered,159
ORD03644,2026-09-08,SUB0451,CK069,Dinner,DELIVERED,120
ORD03645,2026-09-08,SUB0282,CK060,Lunch,in-progress,159
ORD03646,2026-09-08,SUB0334,CK077,Lunch,pending,120
ORD03647,2026-09-08,SUB0518,CK090,Lunch,Delivered,120
ORD03648,08/09/2026,SUB0281,CK061,Dinner,DELIVERED,199
ORD03649,2026-09-08,SUB0348,CK081,Dinner,Delivered,129
ORD03650,2026-09-08,SUB0064,CK024,Lunch,DELIVERED,99
ORD03651,2026-09-08,SUB0267,CK071,Lunch,Completed,149
ORD03652,2026-09-08,SUB0396,CK046,Dinner,In Progress,120
ORD03653,2026-09-08,SUB0211,CK012,Lunch,DELIVERED,99
ORD03654,08/09/2026,SUB0131,CK064,Lunch,Delivered,120
ORD03655,2026-09-08,SUB0080,CK075,Lunch,Cancelled,129
ORD03656,2026-09-08,SUB0280,CK079,Lunch,Delivered,199
ORD03657,2026-09-08,SUB0022,CK044,Dinner,delivered,120
ORD03658,2026-09-08,SUB0508,CK087,Lunch,Delivered,179
ORD03659,2026-09-08,SUB0082,CK045,Lunch,Delivered,199
ORD03660,2026-09-08,SUB0468,CK002,Dinner,DELIVERED,99
ORD03661,2026-09-08,SUB0417,CK015,Lunch,Delivered,120
ORD03662,2026-09-08,SUB0104,CK018,Lunch,delivered,99
ORD03663,2026-09-08,SUB0479,CK052,Dinner,Delivered,199
ORD03664,2026-09-08,SUB0323,CK084,Lunch,Refunded,149
ORD03665,2026-09-08,SUB0276,CK049,Dinner,Delivered,179
ORD03666,2026-09-08,SUB0482,CK068,Dinner,Delivered,149
ORD03667,08/09/2026,SUB0045,CK060,Lunch,pending,149
ORD03668,2026-09-08,SUB0029,CK014,Dinner,Delivered,179
ORD03669,2026-09-08,SUB0349,CK028,Dinner,cancelled,179
ORD03670,2026-09-08,SUB0043,CK032,Dinner,refunded,199
ORD03671,2026-09-08,SUB0118,CK002,Dinner,delivered,199
ORD03672,2026-09-08,SUB0010,CK014,Dinner,CANCELLED,120
ORD03673,2026-09-08,SUB0195,CK002,Dinner,Completed,149
ORD03674,2026-09-08,SUB0210,CK046,Lunch,Delivered,129
ORD03675,2026-09-08,SUB0147,CK069,Lunch,Delivered,179
ORD03676,2026-09-08,SUB0196,CK079,Dinner,Delivered,199
ORD03677,2026-09-08,SUB0206,CK065,Dinner,Delivered,199
ORD03678,2026-09-08,SUB0067,CK074,Dinner,pending,179
ORD03679,08/09/2026,SUB0450,CK079,Dinner,Delivered,149
ORD03680,2026-09-08,SUB0324,CK032,Lunch,DELIVERED,159
ORD03681,2026-09-09,SUB0372,CK056,Dinner,Delivered,149
ORD03682,2026-09-09,SUB0436,CK067,Lunch,Delivered,120
ORD03683,09/09/2026,SUB0079,CK021,Lunch,cancelled,199
ORD03684,2026-09-09,SUB0498,CK086,Dinner,pending,159
ORD03685,2026-09-09,SUB0346,CK004,Lunch,Delivered,129
ORD03686,2026-09-09,SUB0422,CK052,Dinner,refunded,120
ORD03687,2026-09-09,SUB0428,CK048,Lunch,Completed,199
ORD03688,2026-09-09,SUB0188,CK045,Dinner,Delivered,129
ORD03689,2026-09-09,SUB0314,CK008,Lunch,Pending,99
ORD03690,2026-09-09,SUB0411,CK062,Dinner,Cancelled,179
ORD03691,2026-09-09,SUB0051,CK032,Dinner,Completed,179
ORD03692,2026-09-09,SUB0280,CK079,Lunch,DELIVERED,129
ORD03693,2026-09-09,SUB0370,CK010,Lunch,Delivered,129
ORD03694,2026-09-09,SUB0320,CK075,Dinner,delivered,179
ORD03695,2026-09-09,SUB0049,CK013,Dinner,Cancelled - Cook Unavailable,179
ORD03696,2026-09-09,SUB0420,CK008,Lunch,Delivered,120
ORD03697,09/09/2026,SUB0301,CK084,Lunch,Delivered,199
ORD03698,2026-09-09,SUB0203,CK002,Lunch,Delivered,159
ORD03699,2026-09-09,SUB0268,CK068,Lunch,delivered,199
ORD03700,2026-09-09,SUB0458,CK045,Dinner,Delivered,179
ORD03701,2026-09-09,SUB0010,CK014,Dinner,Cancelled,120
ORD03702,2026-09-09,SUB0019,CK060,Lunch,Delivered,99
ORD03703,2026-09-09,SUB0166,CK012,Lunch,Completed,159
ORD03704,2026-09-09,SUB0041,CK026,Lunch,delivered,159
ORD03705,2026-09-09,SUB0482,CK068,Dinner,DELIVERED,129
ORD03706,2026-09-09,SUB0447,CK067,Lunch,Completed,99
ORD03707,2026-09-09,SUB0267,CK071,Dinner,Completed,120
ORD03708,2026-09-09,SUB0316,CK014,Dinner,Delivered,149
ORD03709,2026-09-09,SUB0136,CK080,Dinner,Delivered,99
ORD03710,2026-09-09,SUB0481,CK045,Dinner,delivered,199
ORD03711,2026-09-09,SUB0514,CK088,Lunch,Delivered,149
ORD03712,2026-09-09,SUB0043,CK032,Lunch,Delivered,120
ORD03713,2026-09-09,SUB0303,CK057,Dinner,delivered,129
ORD03714,2026-09-09,SUB0207,CK053,Lunch,Delivered,120
ORD03715,2026-09-09,SUB0108,CK068,Dinner,Cancelled,199
ORD03716,2026-09-09,SUB0175,CK071,Lunch,in-progress,179
ORD03717,2026-09-09,SUB0520,CK090,Dinner,Completed,199
ORD03718,2026-09-09,SUB0095,CK037,Dinner,delivered,129
ORD03719,2026-09-09,SUB0085,CK017,Lunch,delivered,99
ORD03720,2026-09-09,SUB0114,CK046,Lunch,Delivered,129
ORD03721,2026-09-09,SUB0500,CK086,Lunch,Completed,149
ORD03722,2026-09-09,SUB0445,CK036,Dinner,Delivered,99
ORD03723,2026-09-09,SUB0272,CK078,Lunch,delivered,179
ORD03724,2026-09-09,SUB0363,CK070,Dinner,Delivered,99
ORD03725,2026-09-09,SUB0393,CK076,Dinner,Delivered,149
ORD03726,2026-09-09,SUB0509,CK087,Lunch,in-progress,159
ORD03727,09/09/2026,SUB0399,CK084,Lunch,Pending,179
ORD03728,2026-09-09,SUB0060,CK014,Lunch,delivered,179
ORD03729,2026-09-09,SUB0438,CK069,Dinner,DELIVERED,149
ORD03730,2026-09-09,SUB0294,CK081,Dinner,Delivered,149
ORD03731,2026-09-09,SUB0474,CK081,Dinner,Completed,120
ORD03732,2026-09-09,SUB0308,CK020,Lunch,Completed,149
ORD03733,2026-09-09,SUB0086,CK036,Dinner,Delivered,129
ORD03734,2026-09-09,SUB0234,CK049,Lunch,Completed,179
ORD03735,2026-09-09,SUB0252,CK025,Dinner,Delivered,120
ORD03736,2026-09-09,SUB0359,CK012,Dinner,Delivered,199
ORD03737,2026-09-09,SUB0397,CK064,Dinner,delivered,179
ORD03738,2026-09-09,SUB0392,CK070,Lunch,Completed,199
ORD03739,2026-09-09,SUB0240,CK010,Dinner,Delivered,120
ORD03740,2026-09-09,SUB0001,CK035,Lunch,Pending,179
ORD03741,2026-09-09,SUB0334,CK077,Lunch,Delivered,99
ORD03742,2026-09-09,SUB0164,CK050,Lunch,Delivered,179
ORD03743,09/09/2026,SUB0065,CK014,Lunch,DELIVERED,149
ORD03744,2026-09-09,SUB0016,CK061,Dinner,delivered,159
ORD03745,2026-09-09,SUB0461,CK052,Dinner,delivered,199
ORD03746,2026-09-09,SUB0100,CK012,Lunch,pending,99
ORD03747,2026-09-09,SUB0133,CK061,Dinner,Delivered,99
ORD03748,2026-09-09,SUB0184,CK079,Lunch,Delivered,199
ORD03749,2026-09-09,SUB0129,CK057,Lunch,Delivered,159
ORD03750,2026-09-09,SUB0487,CK051,Dinner,cancelled,120
ORD03751,09/09/2026,SUB0232,CK045,Dinner,Completed,149
ORD03752,2026-09-09,SUB0527,CK091,Lunch,Cancelled,149
ORD03753,2026-09-09,SUB0400,CK036,Dinner,cancelled,179
ORD03754,2026-09-09,SUB0343,CK015,Dinner,CANCELLED,179
ORD03755,2026-09-09,SUB0483,CK013,Lunch,Delivered,149
ORD03756,2026-09-09,SUB0229,CK054,Dinner,delivered,179
ORD03757,2026-09-09,SUB0091,CK060,Lunch,delivered,159
ORD03758,2026-09-09,SUB0217,CK019,Lunch,Delivered,99
ORD03759,09/09/2026,SUB0081,CK036,Lunch,cancelled,179
ORD03760,2026-09-09,SUB0260,CK045,Dinner,Cancelled,120
ORD03761,2026-09-09,SUB0199,CK075,Dinner,pending,179
ORD03762,2026-09-09,SUB0323,CK084,Lunch,Delivered,99
ORD03763,2026-09-09,SUB0228,CK075,Dinner,Completed,99
ORD03764,2026-09-09,SUB0027,CK075,Lunch,Delivered,99
ORD03765,2026-09-09,SUB0459,CK049,Lunch,delivered,120
ORD03766,2026-09-09,SUB0529,CK092,Lunch,delivered,129
ORD03767,2026-09-09,SUB0524,CK091,Lunch,Delivered,120
ORD03768,2026-09-09,SUB0271,CK004,Dinner,cook no show,129
ORD03769,2026-09-09,SUB0249,CK001,Lunch,Completed,120
ORD03770,2026-09-09,SUB0277,CK024,Dinner,delivered,129
ORD03771,2026-09-09,SUB0335,CK058,Dinner,Pending,120
ORD03772,2026-09-09,SUB0156,CK056,Dinner,Completed,179
ORD03773,2026-09-09,SUB0170,CK032,Lunch,refunded,120
ORD03774,2026-09-09,SUB0502,CK086,Lunch,delivered,120
ORD03775,2026-09-09,SUB0035,CK081,Lunch,Cancelled,159
ORD03776,2026-09-09,SUB0375,CK036,Dinner,Refunded,149
ORD03777,2026-09-09,SUB0163,CK029,Lunch,Delivered,199
ORD03778,2026-09-09,SUB0381,CK018,Dinner,Delivered,99
ORD03779,2026-09-09,SUB0464,CK071,Lunch,delivered,149
ORD03780,2026-09-09,SUB0113,CK004,Dinner,Delivered,120
ORD03781,2026-09-09,SUB0431,CK017,Lunch,Cancelled,199
ORD03782,2026-09-09,SUB0501,CK086,Dinner,delivered,99
ORD03783,2026-09-09,SUB0473,CK050,Dinner,cancelled,199
ORD03784,2026-09-09,SUB0362,CK069,Dinner,Delivered,199
ORD03785,2026-09-09,SUB0517,CK090,Dinner,Delivered,199
ORD03786,2026-09-09,SUB0172,CK045,Lunch,delivered,179
ORD03787,2026-09-09,SUB0374,CK077,Lunch,Delivered,159
ORD03788,2026-09-09,SUB0325,CK023,Lunch,Completed,179
ORD03789,2026-09-09,SUB0098,CK069,Lunch,delivered,99
ORD03790,2026-09-09,SUB0171,CK077,Lunch,Delivered,120
ORD03791,2026-09-09,SUB0127,CK083,Dinner,Pending,179
ORD03792,2026-09-09,SUB0230,CK075,Dinner,delivered,99
ORD03793,2026-09-09,SUB0364,CK047,Lunch,delivered,149
ORD03794,2026-09-09,SUB0111,CK036,Lunch,delivered,99
ORD03795,2026-09-09,SUB0530,CK092,Lunch,delivered,159
ORD03796,2026-09-09,SUB0511,CK087,Lunch,Delivered,199
ORD03797,09/09/2026,SUB0391,CK044,Lunch,Delivered,159
ORD03798,2026-09-09,SUB0432,CK046,Dinner,CANCELLED,179
ORD03799,2026-09-09,SUB0394,CK044,Dinner,DELIVERED,159
ORD03800,2026-09-09,SUB0205,CK005,Dinner,Delivered,99
ORD03801,09/09/2026,SUB0197,CK037,Dinner,delivered,179
ORD03802,2026-09-09,SUB0034,CK023,Lunch,DELIVERED,179
ORD03803,2026-09-09,SUB0358,CK012,Dinner,DELIVERED,179
ORD03804,2026-09-09,SUB0313,CK081,Lunch,Delivered,129
ORD03805,2026-09-09,SUB0371,CK020,Dinner,Delivered,99
ORD03806,2026-09-09,SUB0062,CK037,Lunch,Delivered,120
ORD03807,2026-09-09,SUB0074,CK077,Dinner,refunded,99
ORD03808,2026-09-09,SUB0387,CK071,Lunch,Delivered,199
ORD03809,2026-09-09,SUB0008,CK083,Dinner,Completed,149
ORD03810,2026-09-09,SUB0310,CK010,Lunch,Delivered,99
ORD03811,2026-09-09,SUB0064,CK024,Dinner,pending,99
ORD03812,2026-09-09,SUB0515,CK088,Lunch,Delivered,199
ORD03813,2026-09-09,SUB0246,CK023,Dinner,Delivered,199
ORD03814,2026-09-09,SUB0518,CK090,Lunch,cancelled,129
ORD03815,2026-09-09,SUB0181,CK018,Lunch,CANCELLED,99
ORD03816,2026-09-09,SUB0173,CK032,Lunch,Pending,129
ORD03817,2026-09-09,SUB0233,CK021,Dinner,In Progress,99
ORD03818,2026-09-09,SUB0261,CK083,Lunch,Delivered,159
ORD03819,2026-09-09,SUB0253,CK023,Dinner,Delivered,179
ORD03820,2026-09-09,SUB0128,CK051,Dinner,delivered,159
ORD03821,2026-09-09,SUB0200,CK061,Lunch,Delivered,120
ORD03822,2026-09-09,SUB0028,CK062,Dinner,Cancelled,159
ORD03823,09/09/2026,SUB0341,CK040,Lunch,In Progress,199
ORD03824,2026-09-09,SUB0327,CK051,Dinner,In Progress,99
ORD03825,2026-09-09,SUB0103,CK017,Dinner,Delivered,149
ORD03826,2026-09-09,SUB0451,CK069,Dinner,Completed,179
ORD03827,2026-09-09,SUB0421,CK079,Lunch,pending,149
ORD03828,2026-09-09,SUB0242,CK040,Lunch,Cook No-Show,179
ORD03829,2026-09-09,SUB0348,CK081,Lunch,Completed,179
ORD03830,2026-09-09,SUB0257,CK069,Lunch,Completed,159
ORD03831,2026-09-09,SUB0491,CK044,Dinner,delivered,129
ORD03832,2026-09-09,SUB0145,CK081,Lunch,Delivered,120
ORD03833,2026-09-09,SUB0090,CK050,Lunch,DELIVERED,199
ORD03834,2026-09-09,SUB0505,CK087,Lunch,DELIVERED,149
ORD03835,2026-09-09,SUB0073,CK074,Lunch,Delivered,199
ORD03836,2026-09-09,SUB0470,CK075,Dinner,pending,99
ORD03837,2026-09-09,SUB0439,CK077,Dinner,Delivered,99
ORD03838,2026-09-09,SUB0380,CK071,Dinner,Completed,129
ORD03839,2026-09-09,SUB0496,CK086,Dinner,Pending,99
ORD03840,2026-09-09,SUB0324,CK032,Lunch,delivered,199
ORD03841,2026-09-09,SUB0007,CK051,Dinner,Completed,179
ORD03842,2026-09-09,SUB0332,CK076,Dinner,Cancelled,159
ORD03843,2026-09-09,SUB0365,CK070,Lunch,Completed,99
ORD03844,2026-09-09,SUB0093,CK041,Dinner,Delivered,99
ORD03845,2026-09-09,SUB0449,CK052,Lunch,Completed,179
ORD03846,2026-09-09,SUB0298,CK060,Dinner,Cancelled,120
ORD03847,2026-09-09,SUB0255,CK077,Lunch,Delivered,129
ORD03848,2026-09-09,SUB0122,CK023,Dinner,Delivered,159
ORD03849,2026-09-09,SUB0218,CK069,Lunch,DELIVERED,199
ORD03850,2026-09-09,SUB0139,CK023,Dinner,Delivered,179
ORD03851,2026-09-09,SUB0453,CK072,Lunch,DELIVERED,179
ORD03852,2026-09-09,SUB0419,CK079,Dinner,Delivered,99
ORD03853,2026-09-09,SUB0460,CK053,Lunch,In Progress,99
ORD03854,2026-09-09,SUB0118,CK002,Dinner,Delivered,99
ORD03855,2026-09-09,SUB0251,CK004,Dinner,Completed,149
ORD03856,2026-09-09,SUB0360,CK059,Lunch,DELIVERED,179
ORD03857,2026-09-09,SUB0336,CK040,Dinner,Cancelled,199
ORD03858,2026-09-09,SUB0290,CK047,Lunch,Completed,129
ORD03859,2026-09-09,SUB0176,CK061,Lunch,DELIVERED,149
ORD03860,2026-09-09,SUB0488,CK018,Lunch,cancelled,199
ORD03861,2026-09-09,SUB0059,CK048,Dinner,Delivered,149
ORD03862,09/09/2026,SUB0300,CK037,Lunch,Delivered,129
ORD03863,2026-09-09,SUB0239,CK065,Dinner,Delivered,179
ORD03864,2026-09-09,SUB0258,CK014,Dinner,Delivered,99
ORD03865,2026-09-09,SUB0265,CK036,Dinner,in-progress,199
ORD03866,2026-09-09,SUB0485,CK058,Lunch,in-progress,129
ORD03867,2026-09-09,SUB0344,CK055,Dinner,Cancelled,129
ORD03868,2026-09-09,SUB0405,CK006,Lunch,Delivered,99
ORD03869,2026-09-09,SUB0084,CK023,Dinner,DELIVERED,99
ORD03870,2026-09-09,SUB0532,CK092,Lunch,in-progress,179
ORD03871,2026-09-09,SUB0256,CK041,Lunch,delivered,159
ORD03872,2026-09-09,SUB0151,CK064,Dinner,DELIVERED,99
ORD03873,2026-09-09,SUB0237,CK047,Dinner,DELIVERED,120
ORD03874,2026-09-09,SUB0495,CK086,Dinner,Completed,149
ORD03875,2026-09-09,SUB0052,CK002,Lunch,Completed,159
ORD03876,2026-09-09,SUB0017,CK011,Lunch,Delivered,199
ORD03877,2026-09-09,SUB0045,CK060,Dinner,Delivered,149
ORD03878,2026-09-09,SUB0099,CK070,Dinner,delivered,149
ORD03879,2026-09-09,SUB0216,CK077,Lunch,Delivered,99
ORD03880,2026-09-09,SUB0165,CK074,Lunch,delivered,149
ORD03881,2026-09-09,SUB0414,CK008,Dinner,Completed,120
ORD03882,2026-09-09,SUB0465,CK067,Lunch,Delivered,179
ORD03883,2026-09-09,SUB0373,CK071,Lunch,Completed,179
ORD03884,2026-09-09,SUB0231,CK011,Dinner,delivered,179
ORD03885,2026-09-09,SUB0330,CK004,Dinner,delivered,99
ORD03886,2026-09-09,SUB0194,CK032,Lunch,pending,179
ORD03887,2026-09-09,SUB0138,CK057,Dinner,Completed,99
ORD03888,2026-09-09,SUB0024,CK003,Dinner,Delivered,120
ORD03889,2026-09-09,SUB0266,CK044,Lunch,DELIVERED,129
ORD03890,2026-09-09,SUB0285,CK053,Lunch,Delivered,179
ORD03891,2026-09-09,SUB0083,CK003,Lunch,Delivered,149
ORD03892,2026-09-09,SUB0071,CK023,Lunch,In Progress,159
ORD03893,2026-09-09,SUB0238,CK080,Dinner,Pending,129
ORD03894,2026-09-09,SUB0418,CK018,Dinner,Pending,159
ORD03895,2026-09-09,SUB0521,CK090,Lunch,Completed,199
ORD03896,2026-09-09,SUB0119,CK079,Lunch,Completed,99
ORD03897,2026-09-09,SUB0506,CK087,Dinner,DELIVERED,129
ORD03898,2026-09-09,SUB0104,CK018,Lunch,Delivered,199
ORD03899,2026-09-09,SUB0478,CK023,Lunch,cancelled,159
ORD03900,2026-09-09,SUB0215,CK019,Dinner,Completed,99
ORD03901,2026-09-09,SUB0361,CK047,Dinner,Delivered,129
ORD03902,2026-09-09,SUB0082,CK045,Lunch,Refunded,129
ORD03903,2026-09-09,SUB0140,CK013,Dinner,Delivered,99
ORD03904,2026-09-09,SUB0068,CK001,Lunch,delivered,179
ORD03905,2026-09-09,SUB0159,CK061,Lunch,Pending,159
ORD03906,2026-09-09,SUB0112,CK046,Dinner,delivered,159
ORD03907,2026-09-09,SUB0225,CK051,Dinner,delivered,199
ORD03908,2026-09-09,SUB0377,CK041,Lunch,Delivered,99
ORD03909,2026-09-09,SUB0067,CK074,Dinner,Delivered,99
ORD03910,2026-09-09,SUB0077,CK081,Dinner,Completed,149
ORD03911,2026-09-10,SUB0287,CK069,Lunch,Delivered,99
ORD03912,2026-09-10,SUB0131,CK064,Dinner,Completed,159
ORD03913,2026-09-10,SUB0253,CK023,Dinner,in-progress,129
ORD03914,2026-09-10,SUB0082,CK045,Lunch,DELIVERED,199
ORD03915,2026-09-10,SUB0122,CK023,Dinner,delivered,149
ORD03916,2026-09-10,SUB0498,CK086,Dinner,refunded,159
ORD03917,2026-09-10,SUB0485,CK058,Lunch,Delivered,120
ORD03918,2026-09-10,SUB0117,CK014,Dinner,delivered,179
ORD03919,2026-09-10,SUB0405,CK006,Lunch,pending,120
ORD03920,2026-09-10,SUB0054,CK069,Dinner,Delivered,120
ORD03921,2026-09-10,SUB0225,CK051,Dinner,Completed,129
ORD03922,2026-09-10,SUB0152,CK023,Dinner,Completed,159
ORD03923,10/09/2026,SUB0325,CK023,Lunch,DELIVERED,199
ORD03924,2026-09-10,SUB0414,CK008,Dinner,delivered,120
ORD03925,10/09/2026,SUB0480,CK057,Lunch,Delivered,129
ORD03926,2026-09-10,SUB0517,CK090,Lunch,delivered,149
ORD03927,10/09/2026,SUB0360,CK059,Lunch,DELIVERED,99
ORD03928,2026-09-10,SUB0479,CK052,Dinner,cancelled,120
ORD03929,2026-09-10,SUB0077,CK081,Dinner,Delivered,120
ORD03930,2026-09-10,SUB0118,CK002,Dinner,DELIVERED,149
ORD03931,2026-09-10,SUB0006,CK032,Dinner,Completed,120
ORD03932,2026-09-10,SUB0010,CK014,Dinner,DELIVERED,159
ORD03933,2026-09-10,SUB0027,CK075,Lunch,delivered,120
ORD03934,2026-09-10,SUB0166,CK012,Dinner,Pending,179
ORD03935,10/09/2026,SUB0348,CK081,Lunch,Delivered,159
ORD03936,2026-09-10,SUB0323,CK084,Lunch,delivered,149
ORD03937,2026-09-10,SUB0267,CK071,Lunch,refunded,159
ORD03938,2026-09-10,SUB0104,CK018,Lunch,Completed,120
ORD03939,2026-09-10,SUB0520,CK090,Lunch,delivered,129
ORD03940,2026-09-10,SUB0160,CK032,Lunch,Delivered,129
ORD03941,2026-09-10,SUB0508,CK087,Lunch,Delivered,149
ORD03942,2026-09-10,SUB0290,CK047,Lunch,Completed,149
ORD03943,2026-09-10,SUB0439,CK077,Lunch,cancelled,179
ORD03944,2026-09-10,SUB0220,CK064,Dinner,delivered,120
ORD03945,2026-09-10,SUB0422,CK052,Dinner,Cancelled,149
ORD03946,2026-09-10,SUB0107,CK047,Lunch,Delivered,159
ORD03947,2026-09-10,SUB0385,CK012,Lunch,Cancelled,179
ORD03948,2026-09-10,SUB0158,CK027,Lunch,Delivered,99
ORD03949,2026-09-10,SUB0231,CK011,Dinner,pending,120
ORD03950,2026-09-10,SUB0136,CK080,Dinner,Completed,120
ORD03951,2026-09-10,SUB0236,CK076,Dinner,DELIVERED,179
ORD03952,2026-09-10,SUB0083,CK003,Lunch,Completed,149
ORD03953,2026-09-10,SUB0215,CK019,Dinner,Delivered,159
ORD03954,2026-09-10,SUB0156,CK056,Dinner,Delivered,120
ORD03955,2026-09-10,SUB0185,CK074,Lunch,Cancelled - Cook Unavailable,149
ORD03956,2026-09-10,SUB0115,CK069,Lunch,delivered,99
ORD03957,2026-09-10,SUB0238,CK080,Dinner,Cook No-Show,99
ORD03958,10/09/2026,SUB0429,CK047,Dinner,Delivered,199
ORD03959,2026-09-10,SUB0102,CK084,Dinner,Delivered,120
ORD03960,2026-09-10,SUB0441,CK054,Dinner,Delivered,120
ORD03961,2026-09-10,SUB0375,CK036,Dinner,Pending,99
ORD03962,2026-09-10,SUB0470,CK075,Dinner,Completed,159
ORD03963,2026-09-10,SUB0457,CK036,Dinner,Delivered,149
ORD03964,2026-09-10,SUB0011,CK037,Lunch,Delivered,159
ORD03965,2026-09-10,SUB0309,CK076,Lunch,Delivered,99
ORD03966,2026-09-10,SUB0232,CK045,Dinner,pending,149
ORD03967,2026-09-10,SUB0246,CK023,Dinner,Completed,99
ORD03968,2026-09-10,SUB0528,CK092,Lunch,in-progress,179
ORD03969,2026-09-10,SUB0280,CK079,Lunch,Delivered,129
ORD03970,2026-09-10,SUB0450,CK079,Dinner,Delivered,99
ORD03971,2026-09-10,SUB0474,CK081,Lunch,refunded,129
ORD03972,2026-09-10,SUB0091,CK060,Lunch,in-progress,179
ORD03973,2026-09-10,SUB0525,CK091,Dinner,delivered,199
ORD03974,2026-09-10,SUB0124,CK049,Dinner,delivered,179
ORD03975,2026-09-10,SUB0378,CK072,Lunch,Delivered,149
ORD03976,2026-09-10,SUB0190,CK002,Lunch,Delivered,179
ORD03977,2026-09-10,SUB0481,CK045,Dinner,Refunded,120
ORD03978,2026-09-10,SUB0453,CK072,Lunch,Refunded,120
ORD03979,2026-09-10,SUB0144,CK023,Lunch,Completed,149
ORD03980,2026-09-10,SUB0301,CK084,Dinner,delivered,149
ORD03981,2026-09-10,SUB0139,CK023,Dinner,Delivered,179
ORD03982,2026-09-10,SUB0486,CK010,Lunch,cook_dropout,159
ORD03983,2026-09-10,SUB0277,CK024,Dinner,Delivered,199
ORD03984,2026-09-10,SUB0041,CK026,Dinner,Delivered,179
ORD03985,2026-09-10,SUB0521,CK090,Lunch,cancelled,120
ORD03986,2026-09-10,SUB0203,CK002,Lunch,Delivered,149
ORD03987,2026-09-10,SUB0008,CK083,Dinner,CANCELLED,149
ORD03988,2026-09-10,SUB0463,CK060,Lunch,delivered,159
ORD03989,2026-09-10,SUB0299,CK048,Dinner,Delivered,120
ORD03990,2026-09-10,SUB0096,CK077,Dinner,Delivered,129
ORD03991,2026-09-10,SUB0343,CK015,Dinner,Delivered,129
ORD03992,2026-09-10,SUB0128,CK051,Dinner,Pending,199
ORD03993,2026-09-10,SUB0034,CK023,Lunch,Delivered,129
ORD03994,2026-09-10,SUB0373,CK071,Lunch,Delivered,179
ORD03995,2026-09-10,SUB0340,CK011,Dinner,pending,120
ORD03996,2026-09-10,SUB0302,CK043,Lunch,Delivered,120
ORD03997,2026-09-10,SUB0436,CK067,Lunch,In Progress,149
ORD03998,2026-09-10,SUB0200,CK061,Dinner,delivered,179
ORD03999,2026-09-10,SUB0275,CK055,Dinner,Completed,159
ORD04000,2026-09-10,SUB0208,CK012,Dinner,Completed,179
ORD04001,2026-09-10,SUB0150,CK001,Lunch,Delivered,199
ORD04002,2026-09-10,SUB0070,CK001,Lunch,Delivered,159
ORD04003,2026-09-10,SUB0383,CK048,Dinner,Pending,159
ORD04004,2026-09-10,SUB0526,CK091,Dinner,Completed,129
ORD04005,2026-09-10,SUB0177,CK047,Lunch,cancelled,120
ORD04006,2026-09-10,SUB0344,CK055,Dinner,DELIVERED,120
ORD04007,2026-09-10,SUB0116,CK084,Lunch,Delivered,99
ORD04008,2026-09-10,SUB0055,CK072,Dinner,Completed,159
ORD04009,2026-09-10,SUB0507,CK087,Dinner,delivered,120
ORD04010,2026-09-10,SUB0223,CK040,Lunch,Refunded,199
ORD04011,2026-09-10,SUB0419,CK079,Dinner,Cancelled,99
ORD04012,2026-09-10,SUB0442,CK019,Lunch,Delivered,129
ORD04013,2026-09-10,SUB0048,CK081,Lunch,Completed,199
ORD04014,2026-09-10,SUB0283,CK020,Dinner,Delivered,179
ORD04015,2026-09-10,SUB0499,CK086,Lunch,DELIVERED,120
ORD04016,2026-09-10,SUB0484,CK084,Dinner,pending,129
ORD04017,2026-09-10,SUB0230,CK075,Dinner,DELIVERED,199
ORD04018,2026-09-10,SUB0090,CK050,Lunch,DELIVERED,179
ORD04019,2026-09-10,SUB0473,CK050,Dinner,Delivered,149
ORD04020,2026-09-10,SUB0527,CK091,Lunch,refunded,129
ORD04021,2026-09-10,SUB0389,CK038,Lunch,Delivered,179
ORD04022,2026-09-10,SUB0058,CK047,Lunch,delivered,99
ORD04023,2026-09-10,SUB0399,CK084,Lunch,Completed,149
ORD04024,2026-09-10,SUB0081,CK036,Lunch,delivered,99
ORD04025,2026-09-10,SUB0112,CK046,Dinner,Completed,129
ORD04026,2026-09-10,SUB0176,CK061,Lunch,Delivered,149
ORD04027,2026-09-10,SUB0110,CK079,Dinner,delivered,179
ORD04028,2026-09-10,SUB0005,CK063,Dinner,Delivered,199
ORD04029,10/09/2026,SUB0295,CK046,Dinner,Completed,120
ORD04030,2026-09-10,SUB0234,CK049,Lunch,In Progress,179
ORD04031,10/09/2026,SUB0042,CK081,Lunch,Pending,199
ORD04032,2026-09-10,SUB0037,CK031,Dinner,Delivered,120
ORD04033,2026-09-10,SUB0406,CK004,Lunch,delivered,99
ORD04034,2026-09-10,SUB0334,CK077,Lunch,Completed,99
ORD04035,2026-09-10,SUB0029,CK014,Dinner,Refunded,129
ORD04036,2026-09-10,SUB0180,CK049,Dinner,Refunded,149
ORD04037,2026-09-10,SUB0209,CK045,Dinner,Completed,149
ORD04038,2026-09-10,SUB0354,CK057,Dinner,Delivered,99
ORD04039,2026-09-10,SUB0285,CK053,Lunch,cancelled,159
ORD04040,2026-09-10,SUB0281,CK061,Dinner,Delivered,99
ORD04041,2026-09-10,SUB0482,CK068,Dinner,pending,149
ORD04042,2026-09-10,SUB0242,CK040,Lunch,Completed,159
ORD04043,2026-09-10,SUB0044,CK020,Lunch,cancelled,159
ORD04044,2026-09-10,SUB0026,CK082,Dinner,Completed,159
ORD04045,2026-09-10,SUB0062,CK037,Dinner,delivered,99
ORD04046,2026-09-10,SUB0023,CK070,Dinner,DELIVERED,159
ORD04047,2026-09-10,SUB0210,CK046,Lunch,cancelled,179
ORD04048,2026-09-10,SUB0279,CK006,Dinner,pending,120
ORD04049,2026-09-10,SUB0506,CK087,Dinner,Completed,120
ORD04050,2026-09-10,SUB0111,CK036,Lunch,Delivered,179
ORD04051,2026-09-10,SUB0067,CK074,Dinner,DELIVERED,129
ORD04052,2026-09-10,SUB0443,CK021,Dinner,Pending,179
ORD04053,2026-09-10,SUB0059,CK048,Dinner,in-progress,199
ORD04054,2026-09-10,SUB0462,CK044,Dinner,cancelled,179
ORD04055,2026-09-10,SUB0396,CK046,Lunch,cancelled,99
ORD04056,2026-09-10,SUB0126,CK083,Lunch,Completed,99
ORD04057,2026-09-10,SUB0332,CK076,Dinner,Refunded,99
ORD04058,10/09/2026,SUB0353,CK046,Dinner,in-progress,129
ORD04059,2026-09-10,SUB0247,CK006,Dinner,Delivered,179
ORD04060,2026-09-10,SUB0217,CK019,Lunch,Delivered,129
ORD04061,2026-09-10,SUB0503,CK086,Lunch,Delivered,179
ORD04062,2026-09-10,SUB0522,CK090,Dinner,DELIVERED,199
ORD04063,2026-09-10,SUB0393,CK076,Dinner,Delivered,179
ORD04064,2026-09-10,SUB0452,CK035,Dinner,cook_dropout,149
ORD04065,2026-09-10,SUB0025,CK068,Lunch,DELIVERED,159
ORD04066,2026-09-10,SUB0398,CK003,Dinner,DELIVERED,120
ORD04067,2026-09-10,SUB0447,CK067,Lunch,Delivered,99
ORD04068,2026-09-10,SUB0286,CK046,Dinner,Delivered,199
ORD04069,2026-09-10,SUB0146,CK044,Lunch,CANCELLED,199
ORD04070,2026-09-10,SUB0241,CK051,Lunch,DELIVERED,199
ORD04071,2026-09-10,SUB0211,CK012,Dinner,CANCELLED,159
ORD04072,2026-09-10,SUB0254,CK003,Dinner,Delivered,199
ORD04073,2026-09-10,SUB0145,CK081,Dinner,DELIVERED,149
ORD04074,2026-09-10,SUB0162,CK080,Lunch,cook no show,99
ORD04075,2026-09-10,SUB0135,CK052,Dinner,delivered,179
ORD04076,2026-09-10,SUB0074,CK077,Dinner,Delivered,129
ORD04077,2026-09-10,SUB0339,CK079,Dinner,delivered,179
ORD04078,2026-09-10,SUB0291,CK048,Lunch,Delivered,99
ORD04079,2026-09-10,SUB0127,CK083,Dinner,pending,179
ORD04080,2026-09-10,SUB0387,CK071,Lunch,Completed,120
ORD04081,2026-09-10,SUB0173,CK032,Lunch,Completed,149
ORD04082,2026-09-10,SUB0320,CK075,Dinner,Cancelled,149
ORD04083,2026-09-10,SUB0495,CK086,Dinner,Delivered,199
ORD04084,2026-09-10,SUB0377,CK041,Lunch,Delivered,179
ORD04085,2026-09-10,SUB0465,CK067,Dinner,Delivered,179
ORD04086,2026-09-10,SUB0337,CK053,Lunch,delivered,99
ORD04087,10/09/2026,SUB0531,CK092,Lunch,Completed,179
ORD04088,2026-09-10,SUB0003,CK053,Lunch,Delivered,129
ORD04089,2026-09-10,SUB0327,CK051,Dinner,delivered,159
ORD04090,2026-09-10,SUB0472,CK043,Lunch,pending,120
ORD04091,2026-09-10,SUB0509,CK087,Lunch,delivered,159
ORD04092,2026-09-10,SUB0335,CK058,Dinner,in-progress,159
ORD04093,2026-09-10,SUB0317,CK055,Lunch,Completed,99
ORD04094,2026-09-10,SUB0134,CK057,Dinner,Delivered,120
ORD04095,2026-09-10,SUB0430,CK062,Lunch,cook_dropout,129
ORD04096,2026-09-10,SUB0523,CK091,Lunch,Delivered,199
ORD04097,2026-09-10,SUB0255,CK077,Lunch,Delivered,159
ORD04098,2026-09-10,SUB0033,CK020,Lunch,delivered,199
ORD04099,2026-09-10,SUB0178,CK027,Lunch,Delivered,120
ORD04100,2026-09-10,SUB0308,CK020,Dinner,In Progress,199
ORD04101,2026-09-10,SUB0100,CK012,Lunch,DELIVERED,99
ORD04102,2026-09-10,SUB0138,CK057,Dinner,DELIVERED,159
ORD04103,2026-09-10,SUB0045,CK060,Lunch,refunded,149
ORD04104,2026-09-10,SUB0369,CK070,Dinner,Delivered,199
ORD04105,2026-09-10,SUB0171,CK077,Lunch,DELIVERED,99
ORD04106,2026-09-10,SUB0143,CK048,Lunch,Completed,149
ORD04107,2026-09-10,SUB0400,CK036,Dinner,DELIVERED,120
ORD04108,2026-09-10,SUB0101,CK018,Lunch,Delivered,120
ORD04109,2026-09-10,SUB0386,CK067,Dinner,Delivered,99
ORD04110,2026-09-10,SUB0103,CK017,Dinner,Delivered,99
ORD04111,2026-09-10,SUB0199,CK075,Lunch,Cancelled,179
ORD04112,2026-09-10,SUB0409,CK071,Lunch,Delivered,159
ORD04113,2026-09-10,SUB0129,CK057,Lunch,pending,179
ORD04114,2026-09-10,SUB0206,CK065,Dinner,delivered,120
ORD04115,2026-09-10,SUB0266,CK044,Lunch,Delivered,159
ORD04116,2026-09-10,SUB0483,CK013,Lunch,Completed,199
ORD04117,2026-09-10,SUB0123,CK002,Lunch,delivered,149
ORD04118,2026-09-10,SUB0140,CK013,Dinner,Delivered,99
ORD04119,2026-09-10,SUB0395,CK023,Lunch,delivered,149
ORD04120,2026-09-10,SUB0147,CK069,Dinner,in-progress,149
ORD04121,2026-09-10,SUB0043,CK032,Dinner,Refunded,199
ORD04122,2026-09-10,SUB0278,CK079,Dinner,Delivered,129
ORD04123,10/09/2026,SUB0250,CK070,Dinner,Delivered,199
ORD04124,2026-09-10,SUB0031,CK018,Lunch,Completed,120
ORD04125,10/09/2026,SUB0226,CK018,Lunch,Completed,120
ORD04126,2026-09-10,SUB0416,CK050,Dinner,Delivered,120
ORD04127,2026-09-10,SUB0262,CK042,Lunch,DELIVERED,179
ORD04128,2026-09-10,SUB0248,CK069,Lunch,cancelled,179
ORD04129,10/09/2026,SUB0276,CK049,Dinner,cancelled,120
ORD04130,2026-09-10,SUB0310,CK010,Lunch,Delivered,120
ORD04131,2026-09-10,SUB0338,CK050,Lunch,Cancelled,99
ORD04132,2026-09-10,SUB0497,CK086,Dinner,Pending,149
ORD04133,2026-09-10,SUB0464,CK071,Lunch,cancelled,199
ORD04134,2026-09-10,SUB0265,CK036,Dinner,Completed,129
ORD04135,2026-09-10,SUB0380,CK071,Dinner,Delivered,120
ORD04136,2026-09-10,SUB0487,CK051,Dinner,Delivered,149
ORD04137,2026-09-10,SUB0181,CK018,Lunch,delivered,149
ORD04138,2026-09-10,SUB0028,CK062,Dinner,cook no show,129
ORD04139,2026-09-10,SUB0514,CK088,Lunch,Refunded,159
ORD04140,2026-09-10,SUB0461,CK052,Dinner,DELIVERED,99
ORD04141,2026-09-11,SUB0321,CK044,Dinner,Delivered,179
ORD04142,2026-09-11,SUB0186,CK004,Lunch,DELIVERED,179
ORD04143,2026-09-11,SUB0296,CK047,Dinner,Completed,129
ORD04144,2026-09-11,SUB0211,CK012,Dinner,Delivered,199
ORD04145,2026-09-11,SUB0508,CK087,Lunch,DELIVERED,199
ORD04146,2026-09-11,SUB0420,CK008,Lunch,Delivered,199
ORD04147,2026-09-11,SUB0140,CK013,Dinner,delivered,179
ORD04148,2026-09-11,SUB0278,CK079,Dinner,Completed,99
ORD04149,2026-09-11,SUB0366,CK004,Dinner,Delivered,199
ORD04150,2026-09-11,SUB0364,CK047,Lunch,Delivered,159
ORD04151,2026-09-11,SUB0395,CK023,Dinner,CANCELLED,99
ORD04152,2026-09-11,SUB0241,CK051,Lunch,Delivered,120
ORD04153,2026-09-11,SUB0336,CK040,Dinner,DELIVERED,159
ORD04154,2026-09-11,SUB0518,CK090,Lunch,delivered,129
ORD04155,2026-09-11,SUB0438,CK069,Dinner,DELIVERED,129
ORD04156,2026-09-11,SUB0507,CK087,Dinner,In Progress,159
ORD04157,2026-09-11,SUB0155,CK009,Lunch,Delivered,120
ORD04158,2026-09-11,SUB0320,CK075,Dinner,CANCELLED,129
ORD04159,2026-09-11,SUB0108,CK068,Dinner,DELIVERED,129
ORD04160,2026-09-11,SUB0109,CK038,Dinner,Delivered,149
ORD04161,2026-09-11,SUB0080,CK075,Dinner,delivered,199
ORD04162,2026-09-11,SUB0307,CK026,Lunch,delivered,99
ORD04163,2026-09-11,SUB0013,CK040,Dinner,pending,179
ORD04164,2026-09-11,SUB0227,CK003,Lunch,Cancelled,179
ORD04165,2026-09-11,SUB0525,CK091,Dinner,cancelled,149
ORD04166,2026-09-11,SUB0096,CK077,Dinner,delivered,199
ORD04167,2026-09-11,SUB0123,CK002,Lunch,Cancelled,120
ORD04168,2026-09-11,SUB0276,CK049,Dinner,delivered,199
ORD04169,2026-09-11,SUB0051,CK032,Dinner,Delivered,179
ORD04170,2026-09-11,SUB0326,CK058,Dinner,Completed,120
ORD04171,2026-09-11,SUB0451,CK069,Dinner,Completed,199
ORD04172,2026-09-11,SUB0138,CK057,Dinner,DELIVERED,149
ORD04173,2026-09-11,SUB0018,CK032,Dinner,DELIVERED,120
ORD04174,2026-09-11,SUB0497,CK086,Dinner,Delivered,199
ORD04175,2026-09-11,SUB0130,CK057,Lunch,delivered,99
ORD04176,2026-09-11,SUB0143,CK048,Lunch,Delivered,159
ORD04177,2026-09-11,SUB0176,CK061,Lunch,delivered,149
ORD04178,2026-09-11,SUB0081,CK036,Lunch,delivered,159
ORD04179,2026-09-11,SUB0414,CK008,Dinner,in-progress,149
ORD04180,2026-09-11,SUB0418,CK018,Dinner,DELIVERED,120
ORD04181,2026-09-11,SUB0520,CK090,Lunch,Delivered,120
ORD04182,11/09/2026,SUB0531,CK092,Lunch,Cancelled,99
ORD04183,2026-09-11,SUB0348,CK081,Dinner,Completed,179
ORD04184,2026-09-11,SUB0049,CK013,Dinner,delivered,179
ORD04185,2026-09-11,SUB0038,CK005,Lunch,CANCELLED,99
ORD04186,2026-09-11,SUB0393,CK076,Dinner,DELIVERED,99
ORD04187,2026-09-11,SUB0314,CK008,Dinner,pending,159
ORD04188,2026-09-11,SUB0033,CK020,Lunch,DELIVERED,179
ORD04189,2026-09-11,SUB0288,CK009,Dinner,Delivered,129
ORD04190,2026-09-11,SUB0510,CK087,Dinner,delivered,120
ORD04191,2026-09-11,SUB0065,CK014,Lunch,refunded,179
ORD04192,2026-09-11,SUB0530,CK092,Lunch,delivered,159
ORD04193,2026-09-11,SUB0011,CK037,Lunch,Delivered,149
ORD04194,2026-09-11,SUB0064,CK024,Lunch,Completed,120
ORD04195,2026-09-11,SUB0147,CK069,Lunch,Delivered,129
ORD04196,2026-09-11,SUB0432,CK046,Lunch,Delivered,120
ORD04197,2026-09-11,SUB0247,CK006,Lunch,delivered,99
ORD04198,2026-09-11,SUB0035,CK081,Lunch,refunded,159
ORD04199,2026-09-11,SUB0145,CK081,Dinner,delivered,129
ORD04200,11/09/2026,SUB0371,CK020,Dinner,Refunded,149
ORD04201,2026-09-11,SUB0202,CK064,Lunch,Delivered,199
ORD04202,2026-09-11,SUB0228,CK075,Dinner,Delivered,99
ORD04203,2026-09-11,SUB0261,CK083,Lunch,Delivered,199
ORD04204,2026-09-11,SUB0119,CK079,Lunch,CANCELLED,149
ORD04205,2026-09-11,SUB0509,CK087,Lunch,in-progress,179
ORD04206,2026-09-11,SUB0028,CK062,Dinner,Pending,179
ORD04207,2026-09-11,SUB0193,CK029,Dinner,Delivered,129
ORD04208,2026-09-11,SUB0218,CK069,Lunch,Delivered,99
ORD04209,2026-09-11,SUB0016,CK061,Dinner,cancelled,149
ORD04210,2026-09-11,SUB0503,CK086,Lunch,Delivered,199
ORD04211,2026-09-11,SUB0340,CK011,Dinner,Delivered,179
ORD04212,2026-09-11,SUB0061,CK042,Lunch,Delivered,179
ORD04213,2026-09-11,SUB0259,CK020,Lunch,Delivered,179
ORD04214,2026-09-11,SUB0474,CK081,Lunch,refunded,199
ORD04215,2026-09-11,SUB0494,CK014,Dinner,in-progress,129
ORD04216,2026-09-11,SUB0362,CK069,Dinner,Delivered,129
ORD04217,2026-09-11,SUB0373,CK071,Lunch,Delivered,199
ORD04218,2026-09-11,SUB0306,CK017,Dinner,Delivered,149
ORD04219,2026-09-11,SUB0453,CK072,Lunch,Completed,129
ORD04220,2026-09-11,SUB0389,CK038,Lunch,Completed,99
ORD04221,2026-09-11,SUB0367,CK058,Dinner,Cancelled,199
ORD04222,2026-09-11,SUB0037,CK031,Lunch,Delivered,179
ORD04223,2026-09-11,SUB0502,CK086,Lunch,pending,149
ORD04224,2026-09-11,SUB0255,CK077,Lunch,delivered,129
ORD04225,2026-09-11,SUB0360,CK059,Lunch,delivered,129
ORD04226,2026-09-11,SUB0449,CK052,Lunch,pending,179
ORD04227,2026-09-11,SUB0405,CK006,Lunch,in-progress,120
ORD04228,2026-09-11,SUB0240,CK010,Lunch,Delivered,149
ORD04229,2026-09-11,SUB0319,CK047,Lunch,In Progress,99
ORD04230,2026-09-11,SUB0084,CK023,Dinner,cancelled,129
ORD04231,2026-09-11,SUB0469,CK070,Lunch,Delivered,149
ORD04232,2026-09-11,SUB0068,CK001,Lunch,Delivered,199
ORD04233,2026-09-11,SUB0402,CK060,Dinner,Delivered,120
ORD04234,2026-09-11,SUB0083,CK003,Dinner,Delivered,99
ORD04235,2026-09-11,SUB0136,CK080,Dinner,DELIVERED,120
ORD04236,2026-09-11,SUB0495,CK086,Dinner,refunded,199
ORD04237,2026-09-11,SUB0459,CK049,Lunch,delivered,179
ORD04238,2026-09-11,SUB0338,CK050,Lunch,Cancelled,99
ORD04239,2026-09-11,SUB0332,CK076,Dinner,DELIVERED,99
ORD04240,2026-09-11,SUB0492,CK013,Dinner,refunded,149
ORD04241,2026-09-11,SUB0499,CK086,Lunch,cancelled,120
ORD04242,2026-09-11,SUB0250,CK070,Dinner,Delivered,159
ORD04243,2026-09-11,SUB0091,CK060,Lunch,DELIVERED,159
ORD04244,2026-09-11,SUB0021,CK054,Dinner,Cancelled,199
ORD04245,2026-09-11,SUB0392,CK070,Lunch,Delivered,129
ORD04246,2026-09-11,SUB0266,CK044,Lunch,Delivered,149
ORD04247,2026-09-11,SUB0486,CK010,Lunch,Delivered,199
ORD04248,2026-09-11,SUB0470,CK075,Lunch,DELIVERED,99
ORD04249,2026-09-11,SUB0062,CK037,Dinner,Delivered,159
ORD04250,2026-09-11,SUB0258,CK014,Dinner,Completed,179
ORD04251,2026-09-11,SUB0114,CK046,Lunch,Completed,120
ORD04252,2026-09-11,SUB0315,CK036,Lunch,Delivered,129
ORD04253,2026-09-11,SUB0487,CK051,Dinner,Delivered,99
ORD04254,2026-09-11,SUB0322,CK017,Dinner,Completed,129
ORD04255,2026-09-11,SUB0243,CK011,Lunch,DELIVERED,179
ORD04256,2026-09-11,SUB0274,CK046,Dinner,delivered,120
ORD04257,2026-09-11,SUB0027,CK075,Lunch,Completed,179
ORD04258,2026-09-11,SUB0528,CK092,Dinner,Delivered,149
ORD04259,2026-09-11,SUB0151,CK064,Dinner,Refunded,129
ORD04260,2026-09-11,SUB0253,CK023,Dinner,Delivered,149
ORD04261,2026-09-11,SUB0346,CK004,Dinner,Delivered,199
ORD04262,2026-09-11,SUB0101,CK018,Lunch,Completed,149
ORD04263,2026-09-11,SUB0355,CK051,Lunch,Completed,99
ORD04264,2026-09-11,SUB0358,CK012,Dinner,Delivered,120
ORD04265,2026-09-11,SUB0295,CK046,Dinner,Delivered,199
ORD04266,11/09/2026,SUB0312,CK082,Dinner,Delivered,99
ORD04267,2026-09-11,SUB0141,CK079,Lunch,Cancelled,179
ORD04268,2026-09-11,SUB0297,CK019,Lunch,delivered,99
ORD04269,2026-09-11,SUB0206,CK065,Dinner,Delivered,179
ORD04270,2026-09-11,SUB0283,CK020,Dinner,Pending,120
ORD04271,2026-09-11,SUB0465,CK067,Lunch,Pending,149
ORD04272,2026-09-11,SUB0256,CK041,Lunch,Completed,129
ORD04273,2026-09-11,SUB0370,CK010,Lunch,Completed,149
ORD04274,2026-09-11,SUB0184,CK079,Lunch,Delivered,99
ORD04275,2026-09-11,SUB0112,CK046,Lunch,Completed,129
ORD04276,2026-09-11,SUB0500,CK086,Dinner,Delivered,199
ORD04277,2026-09-11,SUB0478,CK023,Dinner,Completed,179
ORD04278,2026-09-11,SUB0484,CK084,Dinner,delivered,179
ORD04279,2026-09-11,SUB0281,CK061,Dinner,Delivered,199
ORD04280,2026-09-11,SUB0257,CK069,Lunch,delivered,120
ORD04281,2026-09-11,SUB0324,CK032,Lunch,DELIVERED,149
ORD04282,2026-09-11,SUB0082,CK045,Lunch,CANCELLED,120
ORD04283,2026-09-11,SUB0102,CK084,Dinner,Delivered,129
ORD04284,2026-09-11,SUB0219,CK027,Dinner,pending,159
ORD04285,2026-09-11,SUB0107,CK047,Lunch,Delivered,199
ORD04286,2026-09-11,SUB0275,CK055,Dinner,Delivered,159
ORD04287,2026-09-11,SUB0196,CK079,Lunch,in-progress,129
ORD04288,2026-09-11,SUB0273,CK052,Dinner,In Progress,99
ORD04289,2026-09-11,SUB0285,CK053,Lunch,Delivered,149
ORD04290,2026-09-11,SUB0235,CK004,Lunch,Delivered,99
ORD04291,2026-09-11,SUB0251,CK004,Lunch,Delivered,120
ORD04292,2026-09-11,SUB0498,CK086,Dinner,delivered,120
ORD04293,2026-09-11,SUB0460,CK053,Lunch,Delivered,120
ORD04294,11/09/2026,SUB0290,CK047,Lunch,Delivered,129
ORD04295,2026-09-11,SUB0468,CK002,Dinner,Delivered,159
ORD04296,2026-09-11,SUB0014,CK065,Lunch,Delivered,159
ORD04297,2026-09-11,SUB0164,CK050,Lunch,DELIVERED,179
ORD04298,2026-09-11,SUB0242,CK040,Lunch,Delivered,99
ORD04299,2026-09-11,SUB0045,CK060,Dinner,delivered,159
ORD04300,2026-09-11,SUB0514,CK088,Lunch,Delivered,199
ORD04301,2026-09-11,SUB0386,CK067,Dinner,pending,199
ORD04302,2026-09-11,SUB0455,CK014,Dinner,pending,99
ORD04303,2026-09-11,SUB0456,CK053,Dinner,Completed,199
ORD04304,2026-09-11,SUB0279,CK006,Dinner,refunded,159
ORD04305,2026-09-11,SUB0215,CK019,Dinner,Delivered,159
ORD04306,2026-09-11,SUB0291,CK048,Lunch,In Progress,159
ORD04307,2026-09-11,SUB0505,CK087,Lunch,delivered,159
ORD04308,2026-09-11,SUB0103,CK017,Dinner,delivered,159
ORD04309,2026-09-11,SUB0232,CK045,Dinner,Completed,179
ORD04310,2026-09-11,SUB0042,CK081,Lunch,in-progress,129
ORD04311,2026-09-11,SUB0381,CK018,Lunch,Completed,159
ORD04312,2026-09-11,SUB0272,CK078,Lunch,Completed,149
ORD04313,2026-09-11,SUB0298,CK060,Dinner,Completed,199
ORD04314,11/09/2026,SUB0413,CK062,Dinner,Delivered,120
ORD04315,2026-09-11,SUB0309,CK076,Lunch,Completed,120
ORD04316,2026-09-11,SUB0372,CK056,Dinner,Delivered,99
ORD04317,2026-09-11,SUB0268,CK068,Lunch,delivered,179
ORD04318,2026-09-11,SUB0444,CK025,Lunch,delivered,129
ORD04319,2026-09-11,SUB0020,CK061,Lunch,delivered,99
ORD04320,2026-09-11,SUB0378,CK072,Lunch,Completed,120
ORD04321,2026-09-11,SUB0271,CK004,Dinner,Delivered,99
ORD04322,2026-09-11,SUB0044,CK020,Lunch,CANCELLED,159
ORD04323,2026-09-11,SUB0457,CK036,Dinner,Delivered,99
ORD04324,2026-09-11,SUB0454,CK003,Dinner,Completed,120
ORD04325,2026-09-11,SUB0111,CK036,Lunch,Delivered,120
ORD04326,2026-09-11,SUB0292,CK047,Dinner,Delivered,179
ORD04327,2026-09-11,SUB0190,CK002,Lunch,delivered,179
ORD04328,2026-09-11,SUB0308,CK020,Dinner,refunded,120
ORD04329,2026-09-11,SUB0379,CK004,Dinner,delivered,199
ORD04330,2026-09-11,SUB0166,CK012,Lunch,Completed,129
ORD04331,2026-09-11,SUB0441,CK054,Dinner,Completed,159
ORD04332,2026-09-11,SUB0511,CK087,Lunch,Delivered,129
ORD04333,2026-09-11,SUB0131,CK064,Lunch,Cancelled,120
ORD04334,2026-09-11,SUB0172,CK045,Lunch,Cancelled,129
ORD04335,2026-09-11,SUB0353,CK046,Dinner,pending,159
ORD04336,2026-09-11,SUB0476,CK010,Lunch,Delivered,99
ORD04337,2026-09-11,SUB0003,CK053,Lunch,Completed,159
ORD04338,11/09/2026,SUB0008,CK083,Dinner,DELIVERED,120
ORD04339,2026-09-11,SUB0088,CK032,Lunch,Completed,199
ORD04340,2026-09-11,SUB0077,CK081,Dinner,Delivered,159
ORD04341,2026-09-11,SUB0423,CK059,Dinner,DELIVERED,179
ORD04342,2026-09-11,SUB0177,CK047,Lunch,delivered,120
ORD04343,2026-09-11,SUB0472,CK043,Dinner,Pending,159
ORD04344,2026-09-11,SUB0317,CK055,Lunch,Completed,179
ORD04345,2026-09-11,SUB0158,CK027,Dinner,Completed,179
ORD04346,2026-09-11,SUB0117,CK014,Dinner,delivered,179
ORD04347,2026-09-11,SUB0415,CK021,Dinner,Cancelled,179
ORD04348,2026-09-11,SUB0024,CK003,Dinner,Completed,149
ORD04349,2026-09-11,SUB0252,CK025,Dinner,Delivered,199
ORD04350,2026-09-11,SUB0517,CK090,Dinner,Delivered,120
ORD04351,2026-09-11,SUB0376,CK003,Dinner,Delivered,149
ORD04352,2026-09-11,SUB0060,CK014,Lunch,Pending,149
ORD04353,2026-09-11,SUB0462,CK044,Dinner,Delivered,120
ORD04354,2026-09-11,SUB0188,CK045,Dinner,Pending,159
ORD04355,2026-09-11,SUB0411,CK062,Dinner,Delivered,129
ORD04356,2026-09-11,SUB0249,CK001,Lunch,Delivered,179
ORD04357,2026-09-11,SUB0030,CK033,Lunch,Pending,199
ORD04358,2026-09-11,SUB0506,CK087,Dinner,delivered,129
ORD04359,2026-09-11,SUB0254,CK003,Dinner,delivered,159
ORD04360,2026-09-11,SUB0513,CK088,Lunch,Cancelled,149
ORD04361,2026-09-11,SUB0239,CK065,Dinner,Delivered,99
ORD04362,2026-09-11,SUB0100,CK012,Lunch,cancelled,129
ORD04363,2026-09-11,SUB0521,CK090,Dinner,Delivered,179
ORD04364,2026-09-11,SUB0374,CK077,Lunch,Delivered,129
ORD04365,2026-09-11,SUB0086,CK036,Dinner,Delivered,179
ORD04366,2026-09-11,SUB0419,CK079,Lunch,delivered,120
ORD04367,2026-09-11,SUB0087,CK051,Lunch,delivered,199
ORD04368,2026-09-11,SUB0363,CK070,Dinner,cancelled,149
ORD04369,2026-09-11,SUB0069,CK027,Dinner,Refunded,199
ORD04370,2026-09-11,SUB0477,CK024,Lunch,Delivered,199
ORD04371,2026-09-12,SUB0485,CK058,Dinner,delivered,129
ORD04372,12/09/2026,SUB0046,CK050,Dinner,Delivered,159
ORD04373,2026-09-12,SUB0226,CK018,Lunch,Delivered,149
ORD04374,2026-09-12,SUB0184,CK079,Lunch,CANCELLED,129
ORD04375,2026-09-12,SUB0375,CK036,Dinner,Delivered,149
ORD04376,2026-09-12,SUB0055,CK072,Dinner,Delivered,99
ORD04377,2026-09-12,SUB0075,CK010,Dinner,Delivered,159
ORD04378,2026-09-12,SUB0164,CK050,Lunch,Delivered,159
ORD04379,2026-09-12,SUB0145,CK081,Dinner,delivered,199
ORD04380,2026-09-12,SUB0264,CK015,Lunch,delivered,199
ORD04381,12/09/2026,SUB0136,CK080,Dinner,Delivered,149
ORD04382,2026-09-12,SUB0234,CK049,Lunch,Completed,99
ORD04383,2026-09-12,SUB0309,CK076,Lunch,refunded,120
ORD04384,2026-09-12,SUB0507,CK087,Dinner,Delivered,129
ORD04385,2026-09-12,SUB0192,CK075,Lunch,Cancelled,99
ORD04386,2026-09-12,SUB0290,CK047,Lunch,Cancelled,179
ORD04387,2026-09-12,SUB0400,CK036,Dinner,Completed,129
ORD04388,2026-09-12,SUB0351,CK036,Lunch,Completed,149
ORD04389,12/09/2026,SUB0295,CK046,Dinner,Completed,99
ORD04390,2026-09-12,SUB0501,CK086,Lunch,Delivered,199
ORD04391,2026-09-12,SUB0491,CK044,Dinner,Delivered,99
ORD04392,2026-09-12,SUB0384,CK058,Dinner,Refunded,99
ORD04393,2026-09-12,SUB0045,CK060,Dinner,Delivered,120
ORD04394,2026-09-12,SUB0392,CK070,Lunch,delivered,159
ORD04395,2026-09-12,SUB0025,CK068,Lunch,in-progress,129
ORD04396,2026-09-12,SUB0499,CK086,Lunch,delivered,129
ORD04397,2026-09-12,SUB0122,CK023,Dinner,delivered,149
ORD04398,2026-09-12,SUB0301,CK084,Lunch,Delivered,120
ORD04399,2026-09-12,SUB0038,CK005,Lunch,delivered,99
ORD04400,2026-09-12,SUB0484,CK084,Dinner,In Progress,129
ORD04401,2026-09-12,SUB0073,CK074,Lunch,Delivered,129
ORD04402,2026-09-12,SUB0382,CK075,Dinner,CANCELLED,159
ORD04403,2026-09-12,SUB0522,CK090,Dinner,DELIVERED,199
ORD04404,2026-09-12,SUB0310,CK010,Lunch,cancelled,159
ORD04405,2026-09-12,SUB0265,CK036,Dinner,In Progress,159
ORD04406,2026-09-12,SUB0219,CK027,Dinner,Delivered,159
ORD04407,12/09/2026,SUB0402,CK060,Dinner,delivered,179
ORD04408,2026-09-12,SUB0421,CK079,Lunch,Delivered,99
ORD04409,2026-09-12,SUB0487,CK051,Dinner,DELIVERED,159
ORD04410,2026-09-12,SUB0160,CK032,Dinner,Delivered,199
ORD04411,2026-09-12,SUB0299,CK048,Dinner,DELIVERED,129
ORD04412,2026-09-12,SUB0372,CK056,Lunch,delivered,199
ORD04413,2026-09-12,SUB0137,CK051,Dinner,DELIVERED,120
ORD04414,2026-09-12,SUB0468,CK002,Dinner,Completed,120
ORD04415,2026-09-12,SUB0232,CK045,Dinner,Refunded,120
ORD04416,2026-09-12,SUB0447,CK067,Lunch,Delivered,149
ORD04417,2026-09-12,SUB0170,CK032,Lunch,CANCELLED,149
ORD04418,12/09/2026,SUB0146,CK044,Dinner,Delivered,99
ORD04419,2026-09-12,SUB0471,CK054,Dinner,Delivered,129
ORD04420,2026-09-12,SUB0119,CK079,Lunch,delivered,120
ORD04421,2026-09-12,SUB0195,CK002,Dinner,CANCELLED,199
ORD04422,2026-09-12,SUB0180,CK049,Dinner,Delivered,179
ORD04423,2026-09-12,SUB0311,CK038,Lunch,Delivered,129
ORD04424,2026-09-12,SUB0087,CK051,Lunch,Delivered,179
ORD04425,2026-09-12,SUB0229,CK054,Dinner,Delivered,99
ORD04426,2026-09-12,SUB0268,CK068,Dinner,delivered,159
ORD04427,2026-09-12,SUB0044,CK020,Dinner,Delivered,129
ORD04428,2026-09-12,SUB0443,CK021,Dinner,delivered,179
ORD04429,2026-09-12,SUB0034,CK023,Lunch,DELIVERED,99
ORD04430,2026-09-12,SUB0377,CK041,Dinner,Delivered,120
ORD04431,2026-09-12,SUB0478,CK023,Dinner,Cancelled,199
ORD04432,2026-09-12,SUB0411,CK062,Dinner,Completed,99
ORD04433,2026-09-12,SUB0451,CK069,Dinner,DELIVERED,99
ORD04434,2026-09-12,SUB0529,CK092,Lunch,Delivered,149
ORD04435,2026-09-12,SUB0362,CK069,Dinner,Delivered,179
ORD04436,2026-09-12,SUB0163,CK029,Lunch,in-progress,179
ORD04437,2026-09-12,SUB0266,CK044,Lunch,Delivered,199
ORD04438,2026-09-12,SUB0223,CK040,Lunch,Delivered,129
ORD04439,2026-09-12,SUB0228,CK075,Lunch,Cancelled,179
ORD04440,2026-09-12,SUB0316,CK014,Dinner,Delivered,149
ORD04441,2026-09-12,SUB0029,CK014,Dinner,delivered,120
ORD04442,2026-09-12,SUB0080,CK075,Lunch,delivered,120
ORD04443,2026-09-12,SUB0387,CK071,Lunch,DELIVERED,129
ORD04444,2026-09-12,SUB0459,CK049,Lunch,DELIVERED,179
ORD04445,2026-09-12,SUB0367,CK058,Dinner,Delivered,149
ORD04446,2026-09-12,SUB0001,CK035,Lunch,delivered,129
ORD04447,2026-09-12,SUB0364,CK047,Lunch,delivered,199
ORD04448,2026-09-12,SUB0338,CK050,Lunch,Delivered,159
ORD04449,2026-09-12,SUB0526,CK091,Dinner,Delivered,179
ORD04450,2026-09-12,SUB0214,CK008,Dinner,CANCELLED,159
ORD04451,2026-09-12,SUB0255,CK077,Lunch,delivered,99
ORD04452,2026-09-12,SUB0425,CK048,Lunch,delivered,199
ORD04453,2026-09-12,SUB0258,CK014,Dinner,Delivered,159
ORD04454,2026-09-12,SUB0445,CK036,Dinner,Delivered,99
ORD04455,2026-09-12,SUB0018,CK032,Dinner,Delivered,159
ORD04456,2026-09-12,SUB0277,CK024,Dinner,In Progress,199
ORD04457,2026-09-12,SUB0019,CK060,Lunch,Delivered,120
ORD04458,2026-09-12,SUB0294,CK081,Lunch,pending,120
ORD04459,2026-09-12,SUB0297,CK019,Lunch,Delivered,120
ORD04460,2026-09-12,SUB0211,CK012,Dinner,Delivered,129
ORD04461,2026-09-12,SUB0065,CK014,Lunch,Delivered,179
ORD04462,2026-09-12,SUB0429,CK047,Dinner,Completed,179
ORD04463,2026-09-12,SUB0511,CK087,Lunch,DELIVERED,199
ORD04464,2026-09-12,SUB0005,CK063,Dinner,Completed,159
ORD04465,2026-09-12,SUB0130,CK057,Lunch,cancelled,159
ORD04466,2026-09-12,SUB0467,CK012,Lunch,Delivered,149
ORD04467,2026-09-12,SUB0123,CK002,Lunch,cook_dropout,199
ORD04468,2026-09-12,SUB0210,CK046,Lunch,Delivered,120
ORD04469,2026-09-12,SUB0157,CK052,Lunch,delivered,129
ORD04470,2026-09-12,SUB0205,CK005,Dinner,Completed,149
ORD04471,2026-09-12,SUB0026,CK082,Dinner,Refunded,99
ORD04472,2026-09-12,SUB0413,CK062,Dinner,cook no show,149
ORD04473,2026-09-12,SUB0162,CK080,Lunch,Delivered,129
ORD04474,2026-09-12,SUB0339,CK079,Lunch,delivered,159
ORD04475,2026-09-12,SUB0439,CK077,Dinner,Delivered,199
ORD04476,2026-09-12,SUB0181,CK018,Lunch,Delivered,159
ORD04477,2026-09-12,SUB0406,CK004,Lunch,Completed,129
ORD04478,2026-09-12,SUB0129,CK057,Lunch,Delivered,120
ORD04479,2026-09-12,SUB0056,CK014,Dinner,CANCELLED,129
ORD04480,2026-09-12,SUB0330,CK004,Dinner,DELIVERED,149
ORD04481,2026-09-12,SUB0398,CK003,Lunch,delivered,99
ORD04482,2026-09-12,SUB0135,CK052,Dinner,delivered,120
ORD04483,2026-09-12,SUB0509,CK087,Lunch,delivered,199
ORD04484,2026-09-12,SUB0051,CK032,Dinner,Cook No-Show,120
ORD04485,2026-09-12,SUB0432,CK046,Dinner,Pending,179
ORD04486,2026-09-12,SUB0190,CK002,Dinner,pending,179
ORD04487,2026-09-12,SUB0049,CK013,Dinner,Delivered,120
ORD04488,2026-09-12,SUB0256,CK041,Lunch,delivered,159
ORD04489,2026-09-12,SUB0254,CK003,Dinner,cook_dropout,149
ORD04490,2026-09-12,SUB0139,CK023,Lunch,Delivered,199
ORD04491,2026-09-12,SUB0086,CK036,Dinner,delivered,99
ORD04492,2026-09-12,SUB0437,CK038,Dinner,Delivered,120
ORD04493,2026-09-12,SUB0247,CK006,Lunch,Completed,129
ORD04494,2026-09-12,SUB0473,CK050,Dinner,Delivered,120
ORD04495,2026-09-12,SUB0052,CK002,Dinner,Delivered,99
ORD04496,2026-09-12,SUB0188,CK045,Dinner,Pending,149
ORD04497,2026-09-12,SUB0531,CK092,Lunch,DELIVERED,149
ORD04498,2026-09-12,SUB0415,CK021,Dinner,Cancelled,149
ORD04499,2026-09-12,SUB0312,CK082,Dinner,Cancelled,129
ORD04500,2026-09-12,SUB0067,CK074,Dinner,delivered,199
ORD04501,2026-09-12,SUB0081,CK036,Lunch,Cancelled - Cook Unavailable,159
ORD04502,2026-09-12,SUB0442,CK019,Lunch,Completed,99
ORD04503,12/09/2026,SUB0508,CK087,Lunch,DELIVERED,179
ORD04504,2026-09-12,SUB0517,CK090,Dinner,delivered,120
ORD04505,2026-09-12,SUB0346,CK004,Dinner,Delivered,120
ORD04506,2026-09-12,SUB0371,CK020,Dinner,Delivered,199
ORD04507,2026-09-12,SUB0008,CK083,Dinner,DELIVERED,99
ORD04508,2026-09-12,SUB0476,CK010,Lunch,Delivered,179
ORD04509,2026-09-12,SUB0209,CK045,Dinner,Cancelled,149
ORD04510,2026-09-12,SUB0431,CK017,Lunch,DELIVERED,99
ORD04511,12/09/2026,SUB0171,CK077,Lunch,delivered,159
ORD04512,2026-09-12,SUB0275,CK055,Dinner,Delivered,120
ORD04513,2026-09-12,SUB0083,CK003,Lunch,Delivered,199
ORD04514,2026-09-12,SUB0027,CK075,Lunch,delivered,129
ORD04515,2026-09-12,SUB0288,CK009,Lunch,Completed,199
ORD04516,2026-09-12,SUB0165,CK074,Lunch,DELIVERED,129
ORD04517,2026-09-12,SUB0159,CK061,Dinner,DELIVERED,129
ORD04518,2026-09-12,SUB0100,CK012,Lunch,DELIVERED,120
ORD04519,2026-09-12,SUB0481,CK045,Dinner,Cancelled,129
ORD04520,2026-09-12,SUB0474,CK081,Lunch,delivered,129
ORD04521,2026-09-12,SUB0212,CK078,Lunch,DELIVERED,159
ORD04522,2026-09-12,SUB0337,CK053,Lunch,Delivered,179
ORD04523,2026-09-12,SUB0349,CK028,Lunch,pending,199
ORD04524,2026-09-12,SUB0033,CK020,Lunch,Completed,149
ORD04525,2026-09-12,SUB0325,CK023,Lunch,cancelled,120
ORD04526,2026-09-12,SUB0335,CK058,Dinner,Delivered,149
ORD04527,2026-09-12,SUB0222,CK036,Dinner,delivered,129
ORD04528,2026-09-12,SUB0279,CK006,Dinner,delivered,120
ORD04529,2026-09-12,SUB0199,CK075,Dinner,Delivered,99
ORD04530,2026-09-12,SUB0495,CK086,Dinner,delivered,159
ORD04531,2026-09-12,SUB0224,CK058,Lunch,CANCELLED,99
ORD04532,2026-09-12,SUB0466,CK058,Dinner,delivered,159
ORD04533,2026-09-12,SUB0090,CK050,Lunch,delivered,149
ORD04534,2026-09-12,SUB0252,CK025,Dinner,DELIVERED,129
ORD04535,2026-09-12,SUB0449,CK052,Lunch,delivered,99
ORD04536,2026-09-12,SUB0530,CK092,Lunch,delivered,199
ORD04537,2026-09-12,SUB0359,CK012,Dinner,pending,129
ORD04538,2026-09-12,SUB0391,CK044,Dinner,Delivered,149
ORD04539,2026-09-12,SUB0343,CK015,Dinner,delivered,120
ORD04540,2026-09-12,SUB0396,CK046,Lunch,Delivered,129
ORD04541,2026-09-12,SUB0030,CK033,Dinner,Delivered,159
ORD04542,2026-09-12,SUB0403,CK013,Lunch,DELIVERED,99
ORD04543,12/09/2026,SUB0143,CK048,Lunch,Delivered,120
ORD04544,2026-09-12,SUB0203,CK002,Lunch,delivered,99
ORD04545,2026-09-12,SUB0198,CK058,Dinner,Delivered,99
ORD04546,2026-09-12,SUB0444,CK025,Dinner,Delivered,149
ORD04547,2026-09-12,SUB0272,CK078,Lunch,Delivered,199
ORD04548,2026-09-12,SUB0193,CK029,Lunch,delivered,129
ORD04549,2026-09-12,SUB0281,CK061,Dinner,DELIVERED,99
ORD04550,2026-09-12,SUB0286,CK046,Dinner,Delivered,99
ORD04551,2026-09-12,SUB0168,CK032,Dinner,Cook No-Show,129
ORD04552,2026-09-12,SUB0383,CK048,Lunch,cancelled,129
ORD04553,2026-09-12,SUB0260,CK045,Dinner,Delivered,149
ORD04554,2026-09-12,SUB0407,CK054,Dinner,Delivered,179
ORD04555,2026-09-12,SUB0336,CK040,Lunch,Delivered,149
ORD04556,2026-09-12,SUB0500,CK086,Dinner,DELIVERED,179
ORD04557,2026-09-12,SUB0369,CK070,Lunch,Delivered,149
ORD04558,2026-09-12,SUB0173,CK032,Lunch,Delivered,129
ORD04559,12/09/2026,SUB0333,CK075,Dinner,pending,99
ORD04560,2026-09-12,SUB0132,CK059,Dinner,Delivered,120
ORD04561,2026-09-12,SUB0010,CK014,Dinner,Delivered,129
ORD04562,2026-09-12,SUB0494,CK014,Dinner,Delivered,99
ORD04563,2026-09-12,SUB0207,CK053,Lunch,Delivered,129
ORD04564,2026-09-12,SUB0344,CK055,Dinner,Delivered,149
ORD04565,2026-09-12,SUB0381,CK018,Dinner,Delivered,199
ORD04566,2026-09-12,SUB0456,CK053,Lunch,delivered,179
ORD04567,2026-09-12,SUB0514,CK088,Lunch,Completed,129
ORD04568,2026-09-12,SUB0273,CK052,Dinner,Delivered,99
ORD04569,2026-09-12,SUB0216,CK077,Lunch,DELIVERED,179
ORD04570,2026-09-12,SUB0423,CK059,Dinner,cancelled,159
ORD04571,2026-09-12,SUB0472,CK043,Lunch,Delivered,199
ORD04572,2026-09-12,SUB0482,CK068,Dinner,DELIVERED,159
ORD04573,2026-09-12,SUB0117,CK014,Dinner,Completed,149
ORD04574,2026-09-12,SUB0300,CK037,Dinner,DELIVERED,199
ORD04575,2026-09-12,SUB0259,CK020,Dinner,refunded,149
ORD04576,2026-09-12,SUB0121,CK026,Dinner,delivered,159
ORD04577,2026-09-12,SUB0269,CK052,Dinner,Completed,199
ORD04578,2026-09-12,SUB0430,CK062,Lunch,delivered,159
ORD04579,2026-09-12,SUB0523,CK091,Lunch,Delivered,149
ORD04580,2026-09-12,SUB0066,CK021,Dinner,delivered,159
ORD04581,2026-09-12,SUB0352,CK020,Lunch,In Progress,99
ORD04582,2026-09-12,SUB0385,CK012,Lunch,DELIVERED,120
ORD04583,2026-09-12,SUB0440,CK015,Dinner,Cancelled,179
ORD04584,2026-09-12,SUB0502,CK086,Lunch,Completed,199
ORD04585,2026-09-12,SUB0035,CK081,Lunch,In Progress,99
ORD04586,2026-09-12,SUB0366,CK004,Dinner,DELIVERED,99
ORD04587,2026-09-12,SUB0007,CK051,Lunch,Delivered,179
ORD04588,2026-09-12,SUB0519,CK090,Lunch,DELIVERED,120
ORD04589,2026-09-12,SUB0197,CK037,Dinner,Delivered,179
ORD04590,2026-09-12,SUB0405,CK006,Lunch,Pending,199
ORD04591,2026-09-12,SUB0182,CK044,Lunch,Delivered,199
ORD04592,2026-09-12,SUB0037,CK031,Dinner,DELIVERED,199
ORD04593,2026-09-12,SUB0480,CK057,Lunch,delivered,99
ORD04594,2026-09-12,SUB0380,CK071,Dinner,pending,99
ORD04595,2026-09-12,SUB0017,CK011,Lunch,delivered,149
ORD04596,12/09/2026,SUB0497,CK086,Dinner,Delivered,120
ORD04597,2026-09-12,SUB0155,CK009,Lunch,In Progress,159
ORD04598,2026-09-12,SUB0110,CK079,Dinner,delivered,159
ORD04599,2026-09-12,SUB0518,CK090,Lunch,Delivered,199
ORD04600,2026-09-12,SUB0003,CK053,Lunch,Delivered,179
ORD04601,2026-09-13,SUB0131,CK064,Lunch,Completed,159
ORD04602,2026-09-13,SUB0001,CK035,Lunch,delivered,199
ORD04603,2026-09-13,SUB0345,CK060,Dinner,Completed,129
ORD04604,2026-09-13,SUB0243,CK011,Lunch,In Progress,199
ORD04605,2026-09-13,SUB0257,CK069,Lunch,Delivered,99
ORD04606,2026-09-13,SUB0024,CK003,Lunch,DELIVERED,179
ORD04607,2026-09-13,SUB0313,CK081,Lunch,DELIVERED,149
ORD04608,2026-09-13,SUB0343,CK015,Dinner,pending,129
ORD04609,2026-09-13,SUB0182,CK044,Lunch,Delivered,99
ORD04610,2026-09-13,SUB0034,CK023,Lunch,Delivered,149
ORD04611,2026-09-13,SUB0339,CK079,Dinner,Delivered,159
ORD04612,2026-09-13,SUB0147,CK069,Dinner,Completed,199
ORD04613,2026-09-13,SUB0091,CK060,Lunch,Delivered,120
ORD04614,2026-09-13,SUB0458,CK045,Dinner,Delivered,129
ORD04615,2026-09-13,SUB0514,CK088,Lunch,delivered,159
ORD04616,2026-09-13,SUB0217,CK019,Lunch,Delivered,99
ORD04617,2026-09-13,SUB0374,CK077,Lunch,Completed,149
ORD04618,2026-09-13,SUB0397,CK064,Dinner,Delivered,99
ORD04619,2026-09-13,SUB0421,CK079,Lunch,Completed,129
ORD04620,2026-09-13,SUB0032,CK003,Dinner,Delivered,120
ORD04621,2026-09-13,SUB0471,CK054,Dinner,Delivered,129
ORD04622,2026-09-13,SUB0248,CK069,Lunch,In Progress,99
ORD04623,2026-09-13,SUB0289,CK029,Dinner,Delivered,120
ORD04624,2026-09-13,SUB0029,CK014,Dinner,Delivered,149
ORD04625,2026-09-13,SUB0499,CK086,Lunch,Refunded,120
ORD04626,2026-09-13,SUB0326,CK058,Dinner,delivered,120
ORD04627,2026-09-13,SUB0338,CK050,Lunch,Cancelled,129
ORD04628,2026-09-13,SUB0322,CK017,Dinner,Delivered,179
ORD04629,13/09/2026,SUB0426,CK055,Dinner,Delivered,129
ORD04630,2026-09-13,SUB0479,CK052,Dinner,cancelled,99
ORD04631,2026-09-13,SUB0319,CK047,Lunch,Completed,179
ORD04632,2026-09-13,SUB0073,CK074,Lunch,cancelled,159
ORD04633,2026-09-13,SUB0297,CK019,Lunch,Delivered,159
ORD04634,2026-09-13,SUB0129,CK057,Lunch,DELIVERED,199
ORD04635,2026-09-13,SUB0117,CK014,Lunch,delivered,159
ORD04636,2026-09-13,SUB0510,CK087,Dinner,Delivered,129
ORD04637,2026-09-13,SUB0108,CK068,Dinner,Delivered,99
ORD04638,2026-09-13,SUB0072,CK074,Dinner,Delivered,99
ORD04639,2026-09-13,SUB0061,CK042,Lunch,Refunded,99
ORD04640,2026-09-13,SUB0188,CK045,Dinner,Delivered,99
ORD04641,2026-09-13,SUB0199,CK075,Lunch,Delivered,99
ORD04642,2026-09-13,SUB0148,CK003,Dinner,Pending,199
ORD04643,2026-09-13,SUB0414,CK008,Dinner,Completed,149
ORD04644,2026-09-13,SUB0517,CK090,Dinner,Delivered,149
ORD04645,2026-09-13,SUB0036,CK032,Dinner,Delivered,199
ORD04646,2026-09-13,SUB0512,CK087,Lunch,Delivered,199
ORD04647,2026-09-13,SUB0252,CK025,Dinner,Delivered,159
ORD04648,2026-09-13,SUB0219,CK027,Dinner,In Progress,120
ORD04649,13/09/2026,SUB0340,CK011,Dinner,refunded,129
ORD04650,13/09/2026,SUB0529,CK092,Lunch,DELIVERED,99
ORD04651,2026-09-13,SUB0054,CK069,Dinner,Cancelled,99
ORD04652,2026-09-13,SUB0005,CK063,Dinner,cancelled,159
ORD04653,2026-09-13,SUB0064,CK024,Lunch,Delivered,149
ORD04654,2026-09-13,SUB0492,CK013,Dinner,Completed,199
ORD04655,2026-09-13,SUB0437,CK038,Dinner,Completed,179
ORD04656,2026-09-13,SUB0417,CK015,Dinner,Delivered,149
ORD04657,2026-09-13,SUB0079,CK021,Lunch,cancelled,99
ORD04658,2026-09-13,SUB0254,CK003,Dinner,DELIVERED,199
ORD04659,2026-09-13,SUB0485,CK058,Lunch,delivered,199
ORD04660,2026-09-13,SUB0168,CK032,Dinner,Delivered,129
ORD04661,2026-09-13,SUB0498,CK086,Dinner,DELIVERED,99
ORD04662,2026-09-13,SUB0215,CK019,Dinner,DELIVERED,99
ORD04663,2026-09-13,SUB0031,CK018,Lunch,delivered,179
ORD04664,2026-09-13,SUB0224,CK058,Dinner,Completed,199
ORD04665,2026-09-13,SUB0346,CK004,Dinner,delivered,129
ORD04666,2026-09-13,SUB0137,CK051,Dinner,delivered,179
ORD04667,2026-09-13,SUB0522,CK090,Dinner,delivered,99
ORD04668,2026-09-13,SUB0296,CK047,Dinner,Completed,129
ORD04669,2026-09-13,SUB0407,CK054,Dinner,Refunded,120
ORD04670,2026-09-13,SUB0501,CK086,Dinner,Delivered,149
ORD04671,2026-09-13,SUB0142,CK014,Dinner,DELIVERED,129
ORD04672,2026-09-13,SUB0377,CK041,Dinner,Pending,179
ORD04673,2026-09-13,SUB0464,CK071,Lunch,pending,159
ORD04674,2026-09-13,SUB0302,CK043,Lunch,delivered,99
ORD04675,2026-09-13,SUB0046,CK050,Dinner,delivered,99
ORD04676,2026-09-13,SUB0016,CK061,Dinner,Delivered,99
ORD04677,2026-09-13,SUB0494,CK014,Dinner,Delivered,159
ORD04678,2026-09-13,SUB0473,CK050,Dinner,Completed,120
ORD04679,2026-09-13,SUB0176,CK061,Lunch,Delivered,199
ORD04680,2026-09-13,SUB0138,CK057,Dinner,Delivered,129
ORD04681,2026-09-13,SUB0428,CK048,Lunch,CANCELLED,199
ORD04682,2026-09-13,SUB0466,CK058,Dinner,delivered,159
ORD04683,2026-09-13,SUB0395,CK023,Dinner,Completed,159
ORD04684,2026-09-13,SUB0222,CK036,Dinner,delivered,179
ORD04685,2026-09-13,SUB0058,CK047,Lunch,delivered,199
ORD04686,2026-09-13,SUB0527,CK091,Lunch,Delivered,120
ORD04687,2026-09-13,SUB0353,CK046,Dinner,delivered,159
ORD04688,2026-09-13,SUB0234,CK049,Lunch,CANCELLED,159
ORD04689,2026-09-13,SUB0359,CK012,Dinner,DELIVERED,179
ORD04690,2026-09-13,SUB0099,CK070,Dinner,delivered,129
ORD04691,2026-09-13,SUB0288,CK009,Lunch,delivered,129
ORD04692,2026-09-13,SUB0100,CK012,Lunch,Completed,129
ORD04693,2026-09-13,SUB0324,CK032,Lunch,Delivered,199
ORD04694,2026-09-13,SUB0134,CK057,Dinner,Delivered,159
ORD04695,2026-09-13,SUB0337,CK053,Lunch,Delivered,179
ORD04696,2026-09-13,SUB0268,CK068,Dinner,Delivered,199
ORD04697,2026-09-13,SUB0125,CK067,Dinner,Completed,199
ORD04698,2026-09-13,SUB0521,CK090,Lunch,Completed,199
ORD04699,2026-09-13,SUB0390,CK049,Dinner,Delivered,179
ORD04700,2026-09-13,SUB0332,CK076,Dinner,DELIVERED,199
ORD04701,2026-09-13,SUB0502,CK086,Lunch,DELIVERED,149
ORD04702,2026-09-13,SUB0260,CK045,Dinner,Delivered,120
ORD04703,2026-09-13,SUB0140,CK013,Dinner,Delivered,129
ORD04704,2026-09-13,SUB0431,CK017,Lunch,No Show,159
ORD04705,2026-09-13,SUB0399,CK084,Lunch,Refunded,199
ORD04706,2026-09-13,SUB0423,CK059,Lunch,Delivered,129
ORD04707,2026-09-13,SUB0290,CK047,Lunch,Delivered,120
ORD04708,2026-09-13,SUB0474,CK081,Lunch,delivered,99
ORD04709,2026-09-13,SUB0496,CK086,Dinner,Delivered,199
ORD04710,2026-09-13,SUB0376,CK003,Dinner,pending,149
ORD04711,2026-09-13,SUB0493,CK080,Dinner,cook_dropout,179
ORD04712,2026-09-13,SUB0237,CK047,Lunch,Cancelled,179
ORD04713,2026-09-13,SUB0405,CK006,Lunch,delivered,99
ORD04714,2026-09-13,SUB0308,CK020,Dinner,delivered,120
ORD04715,2026-09-13,SUB0065,CK014,Lunch,DELIVERED,199
ORD04716,2026-09-13,SUB0385,CK012,Lunch,delivered,159
ORD04717,2026-09-13,SUB0101,CK018,Lunch,DELIVERED,149
ORD04718,2026-09-13,SUB0094,CK083,Dinner,No Show,99
ORD04719,2026-09-13,SUB0225,CK051,Dinner,delivered,159
ORD04720,2026-09-13,SUB0362,CK069,Dinner,Delivered,179
ORD04721,2026-09-13,SUB0279,CK006,Dinner,Delivered,199
ORD04722,2026-09-13,SUB0066,CK021,Dinner,Completed,129
ORD04723,2026-09-13,SUB0392,CK070,Lunch,Delivered,129
ORD04724,2026-09-13,SUB0163,CK029,Dinner,in-progress,149
ORD04725,2026-09-13,SUB0098,CK069,Lunch,Delivered,199
ORD04726,2026-09-13,SUB0334,CK077,Lunch,Delivered,199
ORD04727,13/09/2026,SUB0082,CK045,Lunch,In Progress,159
ORD04728,2026-09-13,SUB0226,CK018,Dinner,Completed,159
ORD04729,2026-09-13,SUB0320,CK075,Dinner,pending,129
ORD04730,2026-09-13,SUB0239,CK065,Dinner,Completed,179
ORD04731,2026-09-13,SUB0033,CK020,Lunch,delivered,159
ORD04732,2026-09-13,SUB0110,CK079,Dinner,cancelled,99
ORD04733,2026-09-13,SUB0196,CK079,Lunch,delivered,99
ORD04734,2026-09-13,SUB0214,CK008,Dinner,Cancelled,99
ORD04735,2026-09-13,SUB0165,CK074,Lunch,Delivered,179
ORD04736,2026-09-13,SUB0251,CK004,Lunch,Pending,199
ORD04737,2026-09-13,SUB0384,CK058,Dinner,Pending,120
ORD04738,2026-09-13,SUB0086,CK036,Dinner,Delivered,199
ORD04739,2026-09-13,SUB0484,CK084,Dinner,Completed,149
ORD04740,2026-09-13,SUB0363,CK070,Lunch,delivered,179
ORD04741,2026-09-13,SUB0301,CK084,Lunch,Delivered,179
ORD04742,2026-09-13,SUB0420,CK008,Lunch,cancelled,129
ORD04743,2026-09-13,SUB0122,CK023,Dinner,Delivered,120
ORD04744,2026-09-13,SUB0462,CK044,Dinner,Delivered,120
ORD04745,2026-09-13,SUB0090,CK050,Lunch,Delivered,159
ORD04746,2026-09-13,SUB0440,CK015,Dinner,in-progress,159
ORD04747,2026-09-13,SUB0007,CK051,Dinner,delivered,159
ORD04748,2026-09-13,SUB0158,CK027,Lunch,Completed,120
ORD04749,2026-09-13,SUB0491,CK044,Dinner,DELIVERED,129
ORD04750,2026-09-13,SUB0490,CK050,Dinner,Delivered,159
ORD04751,13/09/2026,SUB0467,CK012,Lunch,Delivered,199
ORD04752,2026-09-13,SUB0011,CK037,Lunch,Delivered,179
ORD04753,2026-09-13,SUB0135,CK052,Dinner,cook no show,179
ORD04754,2026-09-13,SUB0483,CK013,Lunch,Delivered,179
ORD04755,2026-09-13,SUB0401,CK002,Lunch,delivered,99
ORD04756,2026-09-13,SUB0300,CK037,Dinner,Delivered,149
ORD04757,2026-09-13,SUB0232,CK045,Dinner,Cancelled,159
ORD04758,2026-09-13,SUB0056,CK014,Dinner,Delivered,159
ORD04759,2026-09-13,SUB0276,CK049,Dinner,Delivered,129
ORD04760,13/09/2026,SUB0406,CK004,Lunch,Delivered,199
ORD04761,2026-09-13,SUB0389,CK038,Lunch,refunded,179
ORD04762,2026-09-13,SUB0402,CK060,Dinner,Completed,99
ORD04763,2026-09-13,SUB0216,CK077,Lunch,DELIVERED,129
ORD04764,2026-09-13,SUB0053,CK027,Lunch,Delivered,149
ORD04765,2026-09-13,SUB0019,CK060,Lunch,cancelled,159
ORD04766,2026-09-13,SUB0229,CK054,Dinner,Delivered,149
ORD04767,2026-09-13,SUB0280,CK079,Lunch,Delivered,120
ORD04768,2026-09-13,SUB0123,CK002,Lunch,DELIVERED,99
ORD04769,2026-09-13,SUB0022,CK044,Dinner,Delivered,129
ORD04770,2026-09-13,SUB0456,CK053,Lunch,delivered,179
ORD04771,2026-09-13,SUB0267,CK071,Dinner,DELIVERED,179
ORD04772,2026-09-13,SUB0052,CK002,Lunch,delivered,159
ORD04773,2026-09-13,SUB0236,CK076,Dinner,In Progress,129
ORD04774,13/09/2026,SUB0393,CK076,Lunch,cancelled,159
ORD04775,2026-09-13,SUB0089,CK027,Dinner,Completed,179
ORD04776,2026-09-13,SUB0146,CK044,Dinner,Delivered,199
ORD04777,2026-09-13,SUB0227,CK003,Lunch,refunded,120
ORD04778,2026-09-13,SUB0331,CK062,Lunch,Cancelled,199
ORD04779,2026-09-13,SUB0478,CK023,Dinner,DELIVERED,179
ORD04780,2026-09-13,SUB0070,CK001,Lunch,Delivered,159
ORD04781,2026-09-13,SUB0524,CK091,Dinner,delivered,159
ORD04782,2026-09-13,SUB0523,CK091,Lunch,Delivered,129
ORD04783,2026-09-13,SUB0143,CK048,Lunch,In Progress,129
ORD04784,2026-09-13,SUB0241,CK051,Lunch,DELIVERED,99
ORD04785,2026-09-13,SUB0487,CK051,Dinner,refunded,129
ORD04786,2026-09-13,SUB0298,CK060,Dinner,Delivered,149
ORD04787,2026-09-13,SUB0333,CK075,Dinner,Delivered,199
ORD04788,2026-09-13,SUB0192,CK075,Lunch,DELIVERED,149
ORD04789,2026-09-13,SUB0530,CK092,Lunch,DELIVERED,199
ORD04790,2026-09-13,SUB0113,CK004,Dinner,in-progress,149
ORD04791,2026-09-13,SUB0202,CK064,Lunch,delivered,179
ORD04792,2026-09-13,SUB0378,CK072,Lunch,DELIVERED,120
ORD04793,2026-09-13,SUB0200,CK061,Dinner,No Show,199
ORD04794,2026-09-13,SUB0181,CK018,Dinner,delivered,129
ORD04795,2026-09-13,SUB0360,CK059,Lunch,In Progress,179
ORD04796,2026-09-13,SUB0481,CK045,Dinner,Delivered,99
ORD04797,2026-09-13,SUB0335,CK058,Lunch,delivered,149
ORD04798,2026-09-13,SUB0114,CK046,Lunch,Pending,129
ORD04799,2026-09-13,SUB0275,CK055,Dinner,delivered,149
ORD04800,2026-09-13,SUB0413,CK062,Dinner,delivered,149
ORD04801,2026-09-13,SUB0045,CK060,Lunch,Cancelled,159
ORD04802,2026-09-13,SUB0465,CK067,Dinner,Delivered,120
ORD04803,2026-09-13,SUB0317,CK055,Dinner,delivered,199
ORD04804,2026-09-13,SUB0328,CK040,Dinner,Pending,199
ORD04805,2026-09-13,SUB0294,CK081,Lunch,Delivered,149
ORD04806,2026-09-13,SUB0258,CK014,Lunch,Cancelled,159
ORD04807,2026-09-13,SUB0528,CK092,Lunch,DELIVERED,159
ORD04808,2026-09-13,SUB0173,CK032,Lunch,Delivered,149
ORD04809,2026-09-13,SUB0074,CK077,Dinner,in-progress,99
ORD04810,2026-09-13,SUB0438,CK069,Dinner,Delivered,129
ORD04811,2026-09-13,SUB0198,CK058,Dinner,in-progress,129
ORD04812,2026-09-13,SUB0457,CK036,Dinner,delivered,199
ORD04813,2026-09-13,SUB0062,CK037,Lunch,Pending,120
ORD04814,2026-09-13,SUB0102,CK084,Dinner,delivered,149
ORD04815,2026-09-13,SUB0327,CK051,Dinner,DELIVERED,199
ORD04816,2026-09-13,SUB0469,CK070,Dinner,Delivered,149
ORD04817,2026-09-13,SUB0048,CK081,Lunch,Delivered,149
ORD04818,2026-09-13,SUB0310,CK010,Lunch,Delivered,120
ORD04819,2026-09-13,SUB0172,CK045,Lunch,Cancelled,120
ORD04820,2026-09-13,SUB0253,CK023,Dinner,delivered,179
ORD04821,2026-09-13,SUB0271,CK004,Lunch,Delivered,129
ORD04822,2026-09-13,SUB0509,CK087,Lunch,Delivered,129
ORD04823,2026-09-13,SUB0206,CK065,Dinner,Pending,120
ORD04824,2026-09-13,SUB0247,CK006,Lunch,Completed,120
ORD04825,2026-09-13,SUB0194,CK032,Lunch,refunded,179
ORD04826,2026-09-13,SUB0400,CK036,Dinner,Completed,120
ORD04827,2026-09-13,SUB0042,CK081,Dinner,Delivered,129
ORD04828,2026-09-13,SUB0369,CK070,Lunch,delivered,179
ORD04829,2026-09-13,SUB0151,CK064,Dinner,Delivered,129
ORD04830,2026-09-13,SUB0451,CK069,Lunch,Completed,149
ORD04831,2026-09-14,SUB0292,CK047,Dinner,Refunded,120
ORD04832,2026-09-14,SUB0458,CK045,Dinner,Delivered,129
ORD04833,2026-09-14,SUB0522,CK090,Dinner,in-progress,120
ORD04834,2026-09-14,SUB0247,CK006,Dinner,Delivered,179
ORD04835,2026-09-14,SUB0374,CK077,Lunch,Delivered,99
ORD04836,2026-09-14,SUB0225,CK051,Dinner,delivered,129
ORD04837,2026-09-14,SUB0398,CK003,Dinner,Delivered,99
ORD04838,2026-09-14,SUB0251,CK004,Dinner,Refunded,179
ORD04839,2026-09-14,SUB0467,CK012,Lunch,Delivered,99
ORD04840,2026-09-14,SUB0354,CK057,Dinner,Completed,199
ORD04841,2026-09-14,SUB0023,CK070,Dinner,Delivered,99
ORD04842,2026-09-14,SUB0507,CK087,Dinner,DELIVERED,199
ORD04843,2026-09-14,SUB0206,CK065,Dinner,DELIVERED,99
ORD04844,2026-09-14,SUB0423,CK059,Dinner,cancelled,199
ORD04845,2026-09-14,SUB0432,CK046,Dinner,DELIVERED,199
ORD04846,2026-09-14,SUB0429,CK047,Dinner,refunded,120
ORD04847,2026-09-14,SUB0265,CK036,Dinner,Delivered,129
ORD04848,2026-09-14,SUB0246,CK023,Dinner,Delivered,120
ORD04849,2026-09-14,SUB0286,CK046,Dinner,Delivered,149
ORD04850,2026-09-14,SUB0430,CK062,Lunch,Delivered,149
ORD04851,2026-09-14,SUB0153,CK057,Lunch,Delivered,179
ORD04852,2026-09-14,SUB0007,CK051,Lunch,delivered,99
ORD04853,2026-09-14,SUB0531,CK092,Lunch,DELIVERED,149
ORD04854,2026-09-14,SUB0446,CK032,Lunch,pending,159
ORD04855,2026-09-14,SUB0513,CK088,Lunch,DELIVERED,179
ORD04856,2026-09-14,SUB0340,CK011,Dinner,Refunded,129
ORD04857,2026-09-14,SUB0036,CK032,Lunch,delivered,179
ORD04858,2026-09-14,SUB0341,CK040,Lunch,Delivered,199
ORD04859,2026-09-14,SUB0162,CK080,Lunch,cook_dropout,179
ORD04860,2026-09-14,SUB0237,CK047,Lunch,Delivered,199
ORD04861,2026-09-14,SUB0261,CK083,Lunch,In Progress,129
ORD04862,2026-09-14,SUB0252,CK025,Dinner,Delivered,120
ORD04863,2026-09-14,SUB0390,CK049,Dinner,Delivered,99
ORD04864,2026-09-14,SUB0443,CK021,Dinner,delivered,129
ORD04865,2026-09-14,SUB0264,CK015,Lunch,DELIVERED,120
ORD04866,2026-09-14,SUB0447,CK067,Lunch,Delivered,179
ORD04867,2026-09-14,SUB0089,CK027,Dinner,DELIVERED,120
ORD04868,2026-09-14,SUB0459,CK049,Lunch,DELIVERED,99
ORD04869,2026-09-14,SUB0365,CK070,Dinner,cancelled,120
ORD04870,2026-09-14,SUB0085,CK017,Dinner,Cancelled,199
ORD04871,2026-09-14,SUB0415,CK021,Dinner,delivered,129
ORD04872,2026-09-14,SUB0116,CK084,Lunch,Delivered,99
ORD04873,2026-09-14,SUB0048,CK081,Lunch,pending,129
ORD04874,2026-09-14,SUB0182,CK044,Lunch,DELIVERED,159
ORD04875,2026-09-14,SUB0134,CK057,Dinner,Delivered,149
ORD04876,2026-09-14,SUB0499,CK086,Lunch,pending,159
ORD04877,2026-09-14,SUB0503,CK086,Lunch,Delivered,149
ORD04878,2026-09-14,SUB0055,CK072,Dinner,Delivered,120
ORD04879,2026-09-14,SUB0450,CK079,Dinner,delivered,159
ORD04880,2026-09-14,SUB0056,CK014,Dinner,refunded,120
ORD04881,2026-09-14,SUB0118,CK002,Dinner,Delivered,129
ORD04882,14/09/2026,SUB0025,CK068,Lunch,Delivered,159
ORD04883,2026-09-14,SUB0197,CK037,Dinner,Delivered,199
ORD04884,2026-09-14,SUB0024,CK003,Lunch,Completed,99
ORD04885,2026-09-14,SUB0235,CK004,Lunch,in-progress,129
ORD04886,2026-09-14,SUB0163,CK029,Lunch,CANCELLED,120
ORD04887,2026-09-14,SUB0124,CK049,Dinner,Delivered,120
ORD04888,2026-09-14,SUB0125,CK067,Lunch,Delivered,199
ORD04889,2026-09-14,SUB0098,CK069,Lunch,delivered,159
ORD04890,2026-09-14,SUB0174,CK058,Dinner,Delivered,149
ORD04891,2026-09-14,SUB0528,CK092,Lunch,Delivered,99
ORD04892,14/09/2026,SUB0016,CK061,Dinner,Delivered,149
ORD04893,2026-09-14,SUB0463,CK060,Lunch,cancelled,179
ORD04894,2026-09-14,SUB0080,CK075,Lunch,Delivered,179
ORD04895,2026-09-14,SUB0474,CK081,Dinner,Delivered,129
ORD04896,2026-09-14,SUB0364,CK047,Lunch,Delivered,199
ORD04897,2026-09-14,SUB0140,CK013,Dinner,DELIVERED,149
ORD04898,2026-09-14,SUB0242,CK040,Lunch,Delivered,199
ORD04899,2026-09-14,SUB0090,CK050,Lunch,delivered,129
ORD04900,2026-09-14,SUB0411,CK062,Dinner,Delivered,179
ORD04901,2026-09-14,SUB0108,CK068,Dinner,Delivered,120
ORD04902,2026-09-14,SUB0532,CK092,Lunch,Completed,199
ORD04903,2026-09-14,SUB0506,CK087,Dinner,delivered,99
ORD04904,2026-09-14,SUB0290,CK047,Lunch,delivered,179
ORD04905,2026-09-14,SUB0406,CK004,Lunch,DELIVERED,179
ORD04906,2026-09-14,SUB0037,CK031,Dinner,DELIVERED,179
ORD04907,2026-09-14,SUB0255,CK077,Lunch,Delivered,129
ORD04908,2026-09-14,SUB0325,CK023,Lunch,Delivered,179
ORD04909,14/09/2026,SUB0314,CK008,Dinner,Delivered,179
ORD04910,2026-09-14,SUB0332,CK076,Dinner,cancelled,179
ORD04911,2026-09-14,SUB0201,CK062,Dinner,Completed,120
ORD04912,2026-09-14,SUB0216,CK077,Lunch,delivered,179
ORD04913,14/09/2026,SUB0062,CK037,Dinner,Delivered,129
ORD04914,2026-09-14,SUB0129,CK057,Lunch,Completed,199
ORD04915,2026-09-14,SUB0300,CK037,Dinner,pending,149
ORD04916,2026-09-14,SUB0376,CK003,Dinner,delivered,120
ORD04917,14/09/2026,SUB0232,CK045,Dinner,cancelled,179
ORD04918,2026-09-14,SUB0461,CK052,Dinner,Delivered,129
ORD04919,2026-09-14,SUB0457,CK036,Dinner,delivered,199
ORD04920,2026-09-14,SUB0496,CK086,Dinner,delivered,149
ORD04921,2026-09-14,SUB0079,CK021,Lunch,DELIVERED,199
ORD04922,2026-09-14,SUB0035,CK081,Lunch,Delivered,99
ORD04923,2026-09-14,SUB0209,CK045,Dinner,Completed,199
ORD04924,2026-09-14,SUB0271,CK004,Dinner,Delivered,99
ORD04925,2026-09-14,SUB0203,CK002,Lunch,delivered,179
ORD04926,2026-09-14,SUB0315,CK036,Dinner,refunded,159
ORD04927,2026-09-14,SUB0280,CK079,Dinner,delivered,129
ORD04928,2026-09-14,SUB0335,CK058,Dinner,Delivered,199
ORD04929,2026-09-14,SUB0241,CK051,Lunch,Completed,159
ORD04930,2026-09-14,SUB0109,CK038,Dinner,Delivered,129
ORD04931,2026-09-14,SUB0077,CK081,Dinner,delivered,99
ORD04932,2026-09-14,SUB0259,CK020,Lunch,Delivered,99
ORD04933,2026-09-14,SUB0470,CK075,Dinner,delivered,129
ORD04934,2026-09-14,SUB0170,CK032,Dinner,Delivered,129
ORD04935,2026-09-14,SUB0500,CK086,Lunch,Completed,149
ORD04936,2026-09-14,SUB0418,CK018,Dinner,in-progress,199
ORD04937,14/09/2026,SUB0112,CK046,Lunch,Cancelled,99
ORD04938,2026-09-14,SUB0217,CK019,Lunch,Completed,99
ORD04939,2026-09-14,SUB0277,CK024,Dinner,delivered,159
ORD04940,2026-09-14,SUB0071,CK023,Lunch,Pending,129
ORD04941,2026-09-14,SUB0452,CK035,Dinner,Delivered,149
ORD04942,2026-09-14,SUB0311,CK038,Lunch,Delivered,199
ORD04943,2026-09-14,SUB0485,CK058,Lunch,Delivered,179
ORD04944,14/09/2026,SUB0084,CK023,Dinner,Delivered,179
ORD04945,2026-09-14,SUB0219,CK027,Dinner,DELIVERED,99
ORD04946,2026-09-14,SUB0169,CK046,Dinner,Delivered,129
ORD04947,2026-09-14,SUB0397,CK064,Dinner,cancelled,179
ORD04948,2026-09-14,SUB0302,CK043,Lunch,delivered,149
ORD04949,2026-09-14,SUB0445,CK036,Lunch,DELIVERED,120
ORD04950,2026-09-14,SUB0378,CK072,Lunch,Delivered,199
ORD04951,2026-09-14,SUB0026,CK082,Dinner,Delivered,159
ORD04952,2026-09-14,SUB0008,CK083,Dinner,Delivered,120
ORD04953,2026-09-14,SUB0530,CK092,Lunch,DELIVERED,129
ORD04954,2026-09-14,SUB0319,CK047,Lunch,DELIVERED,99
ORD04955,2026-09-14,SUB0141,CK079,Lunch,No Show,149
ORD04956,2026-09-14,SUB0099,CK070,Dinner,Pending,99
ORD04957,2026-09-14,SUB0454,CK003,Lunch,Refunded,199
ORD04958,2026-09-14,SUB0431,CK017,Dinner,cancelled,159
ORD04959,2026-09-14,SUB0428,CK048,Lunch,Cancelled,149
ORD04960,2026-09-14,SUB0110,CK079,Dinner,pending,179
ORD04961,2026-09-14,SUB0391,CK044,Dinner,DELIVERED,199
ORD04962,2026-09-14,SUB0114,CK046,Lunch,delivered,120
ORD04963,2026-09-14,SUB0380,CK071,Dinner,delivered,120
ORD04964,2026-09-14,SUB0462,CK044,Dinner,cancelled,120
ORD04965,2026-09-14,SUB0253,CK023,Dinner,In Progress,199
ORD04966,2026-09-14,SUB0119,CK079,Lunch,delivered,99
ORD04967,2026-09-14,SUB0358,CK012,Dinner,DELIVERED,199
ORD04968,2026-09-14,SUB0262,CK042,Dinner,DELIVERED,129
ORD04969,2026-09-14,SUB0256,CK041,Lunch,Completed,149
ORD04970,2026-09-14,SUB0144,CK023,Lunch,Completed,199
ORD04971,2026-09-14,SUB0281,CK061,Dinner,Completed,120
ORD04972,2026-09-14,SUB0212,CK078,Dinner,DELIVERED,159
ORD04973,2026-09-14,SUB0027,CK075,Lunch,Delivered,120
ORD04974,2026-09-14,SUB0194,CK032,Dinner,Pending,129
ORD04975,2026-09-14,SUB0464,CK071,Lunch,Delivered,199
ORD04976,2026-09-14,SUB0013,CK040,Dinner,In Progress,129
ORD04977,2026-09-14,SUB0018,CK032,Dinner,cancelled,99
ORD04978,2026-09-14,SUB0439,CK077,Dinner,delivered,129
ORD04979,2026-09-14,SUB0240,CK010,Dinner,Delivered,179
ORD04980,2026-09-14,SUB0511,CK087,Lunch,refunded,129
ORD04981,2026-09-14,SUB0081,CK036,Lunch,Delivered,129
ORD04982,2026-09-14,SUB0491,CK044,Dinner,Delivered,120
ORD04983,2026-09-14,SUB0455,CK014,Dinner,delivered,179
ORD04984,2026-09-14,SUB0436,CK067,Lunch,Completed,129
ORD04985,2026-09-14,SUB0338,CK050,Lunch,Delivered,179
ORD04986,2026-09-14,SUB0183,CK024,Dinner,Delivered,129
ORD04987,2026-09-14,SUB0156,CK056,Dinner,delivered,199
ORD04988,2026-09-14,SUB0204,CK084,Dinner,DELIVERED,199
ORD04989,2026-09-14,SUB0227,CK003,Lunch,Delivered,179
ORD04990,2026-09-14,SUB0312,CK082,Lunch,DELIVERED,199
ORD04991,2026-09-14,SUB0521,CK090,Lunch,Completed,159
ORD04992,2026-09-14,SUB0403,CK013,Lunch,Delivered,199
ORD04993,2026-09-14,SUB0196,CK079,Dinner,Delivered,129
ORD04994,2026-09-14,SUB0469,CK070,Lunch,Delivered,129
ORD04995,2026-09-14,SUB0059,CK048,Dinner,pending,99
ORD04996,2026-09-14,SUB0434,CK017,Lunch,Completed,199
ORD04997,2026-09-14,SUB0438,CK069,Dinner,Completed,129
ORD04998,2026-09-14,SUB0375,CK036,Dinner,delivered,129
ORD04999,14/09/2026,SUB0239,CK065,Dinner,delivered,129
ORD05000,2026-09-14,SUB0260,CK045,Dinner,Delivered,120
ORD05001,2026-09-14,SUB0029,CK014,Dinner,delivered,129
ORD05002,2026-09-14,SUB0160,CK032,Dinner,Delivered,129
ORD05003,2026-09-14,SUB0069,CK027,Dinner,Delivered,120
ORD05004,2026-09-14,SUB0465,CK067,Dinner,pending,120
ORD05005,2026-09-14,SUB0321,CK044,Dinner,Delivered,179
ORD05006,2026-09-14,SUB0017,CK011,Lunch,refunded,99
ORD05007,2026-09-14,SUB0393,CK076,Dinner,Delivered,179
ORD05008,2026-09-14,SUB0130,CK057,Dinner,Delivered,179
ORD05009,2026-09-14,SUB0291,CK048,Lunch,DELIVERED,149
ORD05010,14/09/2026,SUB0058,CK047,Lunch,Pending,199
ORD05011,2026-09-14,SUB0165,CK074,Lunch,Delivered,199
ORD05012,2026-09-14,SUB0309,CK076,Lunch,Delivered,179
ORD05013,2026-09-14,SUB0377,CK041,Dinner,Completed,129
ORD05014,2026-09-14,SUB0518,CK090,Lunch,cancelled,120
ORD05015,2026-09-14,SUB0052,CK002,Dinner,DELIVERED,99
ORD05016,2026-09-14,SUB0326,CK058,Dinner,Delivered,99
ORD05017,2026-09-14,SUB0202,CK064,Lunch,Cancelled,99
ORD05018,2026-09-14,SUB0200,CK061,Lunch,Pending,179
ORD05019,2026-09-14,SUB0132,CK059,Lunch,DELIVERED,129
ORD05020,2026-09-14,SUB0466,CK058,Lunch,refunded,199
ORD05021,2026-09-14,SUB0401,CK002,Dinner,cancelled,149
ORD05022,2026-09-14,SUB0362,CK069,Lunch,Delivered,199
ORD05023,2026-09-14,SUB0327,CK051,Dinner,DELIVERED,179
ORD05024,2026-09-14,SUB0441,CK054,Dinner,Completed,99
ORD05025,2026-09-14,SUB0075,CK010,Dinner,In Progress,199
ORD05026,2026-09-14,SUB0508,CK087,Lunch,Cancelled,129
ORD05027,2026-09-14,SUB0276,CK049,Dinner,Delivered,149
ORD05028,2026-09-14,SUB0444,CK025,Dinner,Delivered,179
ORD05029,2026-09-14,SUB0214,CK008,Dinner,Delivered,199
ORD05030,2026-09-14,SUB0471,CK054,Dinner,pending,120
ORD05031,2026-09-14,SUB0389,CK038,Lunch,Delivered,159
ORD05032,2026-09-14,SUB0150,CK001,Dinner,cancelled,199
ORD05033,2026-09-14,SUB0104,CK018,Lunch,Completed,99
ORD05034,2026-09-14,SUB0094,CK083,Dinner,In Progress,149
ORD05035,2026-09-14,SUB0490,CK050,Dinner,DELIVERED,149
ORD05036,2026-09-14,SUB0481,CK045,Dinner,Delivered,159
ORD05037,2026-09-14,SUB0199,CK075,Lunch,pending,199
ORD05038,2026-09-14,SUB0231,CK011,Dinner,Completed,120
ORD05039,2026-09-14,SUB0316,CK014,Dinner,Delivered,120
ORD05040,2026-09-14,SUB0229,CK054,Dinner,Completed,99
ORD05041,14/09/2026,SUB0509,CK087,Lunch,Delivered,199
ORD05042,2026-09-14,SUB0288,CK009,Lunch,Completed,159
ORD05043,2026-09-14,SUB0275,CK055,Dinner,DELIVERED,149
ORD05044,2026-09-14,SUB0456,CK053,Dinner,DELIVERED,120
ORD05045,2026-09-14,SUB0254,CK003,Dinner,delivered,199
ORD05046,2026-09-14,SUB0121,CK026,Lunch,delivered,129
ORD05047,2026-09-14,SUB0427,CK058,Lunch,CANCELLED,159
ORD05048,2026-09-14,SUB0019,CK060,Lunch,Delivered,99
ORD05049,2026-09-14,SUB0384,CK058,Dinner,delivered,179
ORD05050,2026-09-14,SUB0274,CK046,Dinner,refunded,159
ORD05051,2026-09-14,SUB0483,CK013,Lunch,Completed,120
ORD05052,2026-09-14,SUB0139,CK023,Dinner,Completed,199
ORD05053,2026-09-14,SUB0088,CK032,Lunch,pending,120
ORD05054,2026-09-14,SUB0363,CK070,Lunch,DELIVERED,159
ORD05055,2026-09-14,SUB0066,CK021,Dinner,in-progress,159
ORD05056,2026-09-14,SUB0422,CK052,Dinner,Delivered,159
ORD05057,2026-09-14,SUB0282,CK060,Lunch,DELIVERED,129
ORD05058,2026-09-14,SUB0236,CK076,Dinner,Cancelled,159
ORD05059,2026-09-14,SUB0021,CK054,Dinner,Delivered,120
ORD05060,2026-09-14,SUB0123,CK002,Lunch,In Progress,149
ORD05061,2026-09-15,SUB0008,CK083,Dinner,Delivered,159
ORD05062,2026-09-15,SUB0010,CK014,Dinner,DELIVERED,129
ORD05063,2026-09-15,SUB0484,CK084,Dinner,Delivered,129
ORD05064,2026-09-15,SUB0169,CK046,Dinner,Delivered,149
ORD05065,2026-09-15,SUB0363,CK070,Dinner,Delivered,179
ORD05066,2026-09-15,SUB0432,CK046,Dinner,Delivered,99
ORD05067,2026-09-15,SUB0152,CK023,Dinner,pending,179
ORD05068,2026-09-15,SUB0507,CK087,Dinner,in-progress,129
ORD05069,2026-09-15,SUB0113,CK004,Dinner,delivered,99
ORD05070,2026-09-15,SUB0283,CK020,Dinner,cook_dropout,129
ORD05071,2026-09-15,SUB0362,CK069,Dinner,delivered,199
ORD05072,2026-09-15,SUB0224,CK058,Dinner,Delivered,120
ORD05073,2026-09-15,SUB0170,CK032,Dinner,in-progress,179
ORD05074,2026-09-15,SUB0238,CK080,Dinner,Delivered,149
ORD05075,2026-09-15,SUB0501,CK086,Lunch,Delivered,120
ORD05076,2026-09-15,SUB0256,CK041,Lunch,DELIVERED,129
ORD05077,2026-09-15,SUB0151,CK064,Dinner,Delivered,99
ORD05078,2026-09-15,SUB0223,CK040,Lunch,refunded,129
ORD05079,2026-09-15,SUB0215,CK019,Dinner,Completed,159
ORD05080,2026-09-15,SUB0181,CK018,Lunch,Refunded,99
ORD05081,2026-09-15,SUB0209,CK045,Dinner,Completed,120
ORD05082,2026-09-15,SUB0453,CK072,Lunch,Completed,159
ORD05083,2026-09-15,SUB0422,CK052,Dinner,Delivered,99
ORD05084,2026-09-15,SUB0147,CK069,Dinner,pending,149
ORD05085,2026-09-15,SUB0282,CK060,Lunch,Delivered,179
ORD05086,2026-09-15,SUB0457,CK036,Dinner,Delivered,179
ORD05087,2026-09-15,SUB0029,CK014,Dinner,Delivered,120
ORD05088,2026-09-15,SUB0088,CK032,Lunch,Delivered,129
ORD05089,15/09/2026,SUB0381,CK018,Lunch,cancelled,129
ORD05090,2026-09-15,SUB0259,CK020,Lunch,delivered,199
ORD05091,2026-09-15,SUB0232,CK045,Dinner,delivered,179
ORD05092,2026-09-15,SUB0044,CK020,Dinner,Completed,199
ORD05093,2026-09-15,SUB0125,CK067,Lunch,In Progress,159
ORD05094,2026-09-15,SUB0145,CK081,Lunch,delivered,159
ORD05095,2026-09-15,SUB0394,CK044,Dinner,delivered,159
ORD05096,2026-09-15,SUB0248,CK069,Lunch,delivered,179
ORD05097,2026-09-15,SUB0351,CK036,Lunch,In Progress,99
ORD05098,2026-09-15,SUB0387,CK071,Lunch,Delivered,120
ORD05099,2026-09-15,SUB0514,CK088,Lunch,Delivered,99
ORD05100,2026-09-15,SUB0449,CK052,Lunch,Cancelled,149
ORD05101,2026-09-15,SUB0073,CK074,Lunch,Delivered,129
ORD05102,15/09/2026,SUB0022,CK044,Dinner,CANCELLED,179
ORD05103,2026-09-15,SUB0529,CK092,Lunch,Delivered,149
ORD05104,2026-09-15,SUB0052,CK002,Dinner,Delivered,179
ORD05105,2026-09-15,SUB0480,CK057,Lunch,in-progress,159
ORD05106,2026-09-15,SUB0013,CK040,Dinner,Delivered,120
ORD05107,2026-09-15,SUB0070,CK001,Lunch,Delivered,120
ORD05108,2026-09-15,SUB0340,CK011,Dinner,Delivered,159
ORD05109,2026-09-15,SUB0135,CK052,Dinner,Delivered,199
ORD05110,2026-09-15,SUB0229,CK054,Dinner,Completed,159
ORD05111,2026-09-15,SUB0459,CK049,Lunch,Delivered,159
ORD05112,2026-09-15,SUB0242,CK040,Dinner,Delivered,129
ORD05113,2026-09-15,SUB0372,CK056,Dinner,delivered,199
ORD05114,2026-09-15,SUB0011,CK037,Lunch,in-progress,99
ORD05115,2026-09-15,SUB0267,CK071,Dinner,Delivered,129
ORD05116,2026-09-15,SUB0037,CK031,Dinner,CANCELLED,120
ORD05117,2026-09-15,SUB0108,CK068,Dinner,In Progress,99
ORD05118,2026-09-15,SUB0076,CK077,Dinner,Delivered,149
ORD05119,2026-09-15,SUB0143,CK048,Lunch,Completed,99
ORD05120,2026-09-15,SUB0214,CK008,Dinner,Delivered,179
ORD05121,2026-09-15,SUB0414,CK008,Dinner,CANCELLED,129
ORD05122,2026-09-15,SUB0146,CK044,Dinner,DELIVERED,179
ORD05123,2026-09-15,SUB0479,CK052,Dinner,Completed,199
ORD05124,2026-09-15,SUB0528,CK092,Lunch,delivered,120
ORD05125,2026-09-15,SUB0440,CK015,Dinner,Pending,159
ORD05126,2026-09-15,SUB0045,CK060,Dinner,delivered,129
ORD05127,2026-09-15,SUB0068,CK001,Lunch,delivered,159
ORD05128,2026-09-15,SUB0461,CK052,Dinner,Delivered,159
ORD05129,2026-09-15,SUB0396,CK046,Lunch,DELIVERED,199
ORD05130,2026-09-15,SUB0492,CK013,Dinner,Delivered,149
ORD05131,2026-09-15,SUB0382,CK075,Dinner,delivered,99
ORD05132,2026-09-15,SUB0198,CK058,Dinner,Completed,129
ORD05133,2026-09-15,SUB0018,CK032,Dinner,CANCELLED,120
ORD05134,2026-09-15,SUB0420,CK008,Lunch,Delivered,129
ORD05135,2026-09-15,SUB0289,CK029,Lunch,DELIVERED,149
ORD05136,2026-09-15,SUB0280,CK079,Lunch,Completed,99
ORD05137,2026-09-15,SUB0257,CK069,Lunch,Delivered,199
ORD05138,2026-09-15,SUB0353,CK046,Dinner,DELIVERED,199
ORD05139,2026-09-15,SUB0338,CK050,Lunch,Delivered,199
ORD05140,2026-09-15,SUB0203,CK002,Lunch,Pending,99
ORD05141,2026-09-15,SUB0306,CK017,Dinner,DELIVERED,149
ORD05142,2026-09-15,SUB0048,CK081,Lunch,DELIVERED,179
ORD05143,2026-09-15,SUB0341,CK040,Lunch,delivered,149
ORD05144,2026-09-15,SUB0299,CK048,Dinner,Delivered,149
ORD05145,2026-09-15,SUB0467,CK012,Lunch,cancelled,199
ORD05146,2026-09-15,SUB0477,CK024,Dinner,DELIVERED,149
ORD05147,2026-09-15,SUB0119,CK079,Lunch,delivered,159
ORD05148,2026-09-15,SUB0027,CK075,Lunch,DELIVERED,199
ORD05149,2026-09-15,SUB0458,CK045,Dinner,Delivered,99
ORD05150,2026-09-15,SUB0524,CK091,Lunch,Delivered,199
ORD05151,2026-09-15,SUB0358,CK012,Dinner,Delivered,159
ORD05152,2026-09-15,SUB0385,CK012,Lunch,Delivered,179
ORD05153,2026-09-15,SUB0303,CK057,Dinner,Pending,149
ORD05154,2026-09-15,SUB0109,CK038,Lunch,Delivered,120
ORD05155,2026-09-15,SUB0441,CK054,Dinner,Delivered,99
ORD05156,2026-09-15,SUB0527,CK091,Lunch,Delivered,199
ORD05157,2026-09-15,SUB0497,CK086,Dinner,Completed,179
ORD05158,2026-09-15,SUB0201,CK062,Dinner,delivered,179
ORD05159,2026-09-15,SUB0395,CK023,Lunch,refunded,149
ORD05160,2026-09-15,SUB0355,CK051,Lunch,cancelled,120
ORD05161,2026-09-15,SUB0508,CK087,Lunch,Completed,179
ORD05162,2026-09-15,SUB0197,CK037,Dinner,Delivered,149
ORD05163,2026-09-15,SUB0373,CK071,Lunch,refunded,179
ORD05164,2026-09-15,SUB0035,CK081,Lunch,Delivered,149
ORD05165,2026-09-15,SUB0352,CK020,Lunch,delivered,99
ORD05166,2026-09-15,SUB0498,CK086,Dinner,delivered,99
ORD05167,2026-09-15,SUB0116,CK084,Lunch,delivered,129
ORD05168,2026-09-15,SUB0361,CK047,Dinner,Delivered,159
ORD05169,2026-09-15,SUB0149,CK060,Lunch,DELIVERED,99
ORD05170,2026-09-15,SUB0220,CK064,Dinner,Delivered,129
ORD05171,2026-09-15,SUB0080,CK075,Lunch,cancelled,149
ORD05172,2026-09-15,SUB0117,CK014,Lunch,delivered,159
ORD05173,2026-09-15,SUB0019,CK060,Lunch,pending,159
ORD05174,2026-09-15,SUB0406,CK004,Lunch,DELIVERED,99
ORD05175,2026-09-15,SUB0295,CK046,Dinner,DELIVERED,199
ORD05176,2026-09-15,SUB0139,CK023,Dinner,Delivered,199
ORD05177,2026-09-15,SUB0452,CK035,Dinner,Delivered,149
ORD05178,2026-09-15,SUB0437,CK038,Dinner,DELIVERED,99
ORD05179,2026-09-15,SUB0026,CK082,Dinner,Delivered,120
ORD05180,2026-09-15,SUB0398,CK003,Dinner,DELIVERED,159
ORD05181,2026-09-15,SUB0383,CK048,Dinner,CANCELLED,199
ORD05182,2026-09-15,SUB0275,CK055,Dinner,in-progress,149
ORD05183,2026-09-15,SUB0122,CK023,Dinner,Completed,99
ORD05184,2026-09-15,SUB0515,CK088,Lunch,Delivered,129
ORD05185,2026-09-15,SUB0196,CK079,Dinner,Completed,159
ORD05186,2026-09-15,SUB0104,CK018,Lunch,Delivered,120
ORD05187,2026-09-15,SUB0253,CK023,Dinner,DELIVERED,159
ORD05188,2026-09-15,SUB0114,CK046,Lunch,Pending,99
ORD05189,2026-09-15,SUB0175,CK071,Lunch,delivered,120
ORD05190,2026-09-15,SUB0054,CK069,Dinner,Delivered,120
ORD05191,2026-09-15,SUB0493,CK080,Dinner,Cook No-Show,199
ORD05192,2026-09-15,SUB0079,CK021,Lunch,Delivered,179
ORD05193,2026-09-15,SUB0359,CK012,Dinner,in-progress,99
ORD05194,2026-09-15,SUB0416,CK050,Dinner,DELIVERED,120
ORD05195,2026-09-15,SUB0247,CK006,Lunch,Delivered,179
ORD05196,2026-09-15,SUB0285,CK053,Lunch,Delivered,179
ORD05197,2026-09-15,SUB0520,CK090,Dinner,DELIVERED,159
ORD05198,2026-09-15,SUB0327,CK051,Dinner,Pending,159
ORD05199,2026-09-15,SUB0228,CK075,Lunch,Completed,129
ORD05200,15/09/2026,SUB0118,CK002,Dinner,delivered,129
ORD05201,2026-09-15,SUB0326,CK058,Dinner,Delivered,120
ORD05202,2026-09-15,SUB0466,CK058,Lunch,Completed,179
ORD05203,2026-09-15,SUB0445,CK036,Lunch,refunded,120
ORD05204,2026-09-15,SUB0488,CK018,Lunch,Delivered,179
ORD05205,2026-09-15,SUB0409,CK071,Lunch,Delivered,149
ORD05206,2026-09-15,SUB0365,CK070,Dinner,Delivered,99
ORD05207,2026-09-15,SUB0159,CK061,Lunch,In Progress,120
ORD05208,2026-09-15,SUB0098,CK069,Lunch,delivered,149
ORD05209,2026-09-15,SUB0298,CK060,Dinner,Delivered,120
ORD05210,2026-09-15,SUB0364,CK047,Lunch,cancelled,99
ORD05211,2026-09-15,SUB0208,CK012,Lunch,Delivered,199
ORD05212,2026-09-15,SUB0036,CK032,Dinner,DELIVERED,129
ORD05213,2026-09-15,SUB0168,CK032,Dinner,delivered,149
ORD05214,2026-09-15,SUB0490,CK050,Dinner,Completed,149
ORD05215,2026-09-15,SUB0346,CK004,Dinner,Delivered,159
ORD05216,2026-09-15,SUB0025,CK068,Lunch,Delivered,159
ORD05217,2026-09-15,SUB0334,CK077,Lunch,pending,99
ORD05218,2026-09-15,SUB0258,CK014,Dinner,Delivered,120
ORD05219,2026-09-15,SUB0211,CK012,Dinner,in-progress,199
ORD05220,2026-09-15,SUB0377,CK041,Lunch,Cancelled,149
ORD05221,2026-09-15,SUB0059,CK048,Dinner,Completed,99
ORD05222,2026-09-15,SUB0481,CK045,Dinner,Delivered,99
ORD05223,2026-09-15,SUB0300,CK037,Dinner,Delivered,99
ORD05224,2026-09-15,SUB0369,CK070,Lunch,Delivered,199
ORD05225,2026-09-15,SUB0021,CK054,Dinner,DELIVERED,179
ORD05226,2026-09-15,SUB0255,CK077,Lunch,Delivered,99
ORD05227,2026-09-15,SUB0390,CK049,Dinner,Delivered,129
ORD05228,2026-09-15,SUB0084,CK023,Dinner,Delivered,149
ORD05229,2026-09-15,SUB0281,CK061,Dinner,Completed,199
ORD05230,2026-09-15,SUB0431,CK017,Dinner,CANCELLED,120
ORD05231,2026-09-15,SUB0294,CK081,Dinner,Delivered,120
ORD05232,2026-09-15,SUB0165,CK074,Lunch,Delivered,199
ORD05233,2026-09-15,SUB0460,CK053,Lunch,Delivered,99
ORD05234,2026-09-15,SUB0192,CK075,Lunch,Delivered,149
ORD05235,2026-09-15,SUB0350,CK081,Lunch,CANCELLED,120
ORD05236,2026-09-15,SUB0371,CK020,Dinner,delivered,149
ORD05237,2026-09-15,SUB0091,CK060,Lunch,DELIVERED,179
ORD05238,2026-09-15,SUB0074,CK077,Dinner,delivered,199
ORD05239,2026-09-15,SUB0217,CK019,Lunch,delivered,179
ORD05240,2026-09-15,SUB0204,CK084,Dinner,Delivered,179
ORD05241,2026-09-15,SUB0033,CK020,Lunch,DELIVERED,149
ORD05242,2026-09-15,SUB0333,CK075,Dinner,Delivered,99
ORD05243,2026-09-15,SUB0442,CK019,Lunch,Refunded,99
ORD05244,2026-09-15,SUB0030,CK033,Dinner,delivered,149
ORD05245,2026-09-15,SUB0523,CK091,Lunch,delivered,120
ORD05246,2026-09-15,SUB0491,CK044,Dinner,delivered,149
ORD05247,2026-09-15,SUB0249,CK001,Dinner,Delivered,159
ORD05248,2026-09-15,SUB0328,CK040,Dinner,refunded,179
ORD05249,2026-09-15,SUB0012,CK056,Dinner,DELIVERED,149
ORD05250,2026-09-15,SUB0474,CK081,Lunch,in-progress,159
ORD05251,2026-09-15,SUB0379,CK004,Lunch,Delivered,199
ORD05252,2026-09-15,SUB0265,CK036,Dinner,DELIVERED,179
ORD05253,2026-09-15,SUB0049,CK013,Dinner,DELIVERED,99
ORD05254,2026-09-15,SUB0150,CK001,Lunch,CANCELLED,199
ORD05255,2026-09-15,SUB0413,CK062,Dinner,Delivered,149
ORD05256,2026-09-15,SUB0444,CK025,Dinner,Delivered,120
ORD05257,2026-09-15,SUB0415,CK021,Dinner,Delivered,199
ORD05258,2026-09-15,SUB0231,CK011,Dinner,Delivered,149
ORD05259,15/09/2026,SUB0290,CK047,Lunch,DELIVERED,99
ORD05260,2026-09-15,SUB0093,CK041,Dinner,In Progress,179
ORD05261,2026-09-15,SUB0499,CK086,Lunch,Cancelled,99
ORD05262,2026-09-15,SUB0157,CK052,Lunch,Completed,149
ORD05263,2026-09-15,SUB0320,CK075,Dinner,delivered,120
ORD05264,2026-09-15,SUB0517,CK090,Dinner,Delivered,199
ORD05265,2026-09-15,SUB0378,CK072,Lunch,delivered,120
ORD05266,2026-09-15,SUB0110,CK079,Dinner,DELIVERED,99
ORD05267,2026-09-15,SUB0153,CK057,Lunch,Delivered,99
ORD05268,2026-09-15,SUB0046,CK050,Dinner,Completed,199
ORD05269,2026-09-15,SUB0132,CK059,Dinner,Delivered,129
ORD05270,2026-09-15,SUB0095,CK037,Dinner,Delivered,179
ORD05271,2026-09-15,SUB0332,CK076,Dinner,delivered,99
ORD05272,2026-09-15,SUB0312,CK082,Dinner,Delivered,129
ORD05273,2026-09-15,SUB0471,CK054,Dinner,Delivered,149
ORD05274,2026-09-15,SUB0193,CK029,Lunch,delivered,159
ORD05275,2026-09-15,SUB0101,CK018,Lunch,refunded,99
ORD05276,2026-09-15,SUB0178,CK027,Lunch,Refunded,120
ORD05277,2026-09-15,SUB0336,CK040,Dinner,Delivered,129
ORD05278,2026-09-15,SUB0407,CK054,Dinner,delivered,120
ORD05279,2026-09-15,SUB0455,CK014,Dinner,delivered,129
ORD05280,2026-09-15,SUB0245,CK060,Dinner,Delivered,99
ORD05281,2026-09-15,SUB0024,CK003,Dinner,Delivered,99
ORD05282,2026-09-15,SUB0321,CK044,Dinner,Delivered,129
ORD05283,2026-09-15,SUB0337,CK053,Lunch,delivered,149
ORD05284,2026-09-15,SUB0060,CK014,Lunch,delivered,120
ORD05285,2026-09-15,SUB0188,CK045,Dinner,refunded,99
ORD05286,2026-09-15,SUB0367,CK058,Dinner,Refunded,149
ORD05287,2026-09-15,SUB0148,CK003,Dinner,Completed,99
ORD05288,2026-09-15,SUB0319,CK047,Lunch,Delivered,120
ORD05289,2026-09-15,SUB0400,CK036,Dinner,delivered,179
ORD05290,2026-09-15,SUB0171,CK077,Lunch,Pending,179
ORD05291,2026-09-16,SUB0280,CK079,Dinner,delivered,99
ORD05292,2026-09-16,SUB0421,CK079,Lunch,delivered,179
ORD05293,2026-09-16,SUB0020,CK061,Lunch,Delivered,129
ORD05294,2026-09-16,SUB0513,CK088,Lunch,Delivered,99
ORD05295,2026-09-16,SUB0021,CK054,Dinner,Delivered,199
ORD05296,2026-09-16,SUB0190,CK002,Lunch,Delivered,120
ORD05297,2026-09-16,SUB0428,CK048,Lunch,Delivered,179
ORD05298,2026-09-16,SUB0390,CK049,Dinner,in-progress,199
ORD05299,2026-09-16,SUB0195,CK002,Dinner,Cancelled,179
ORD05300,2026-09-16,SUB0387,CK071,Lunch,delivered,99
ORD05301,2026-09-16,SUB0528,CK092,Lunch,Delivered,179
ORD05302,2026-09-16,SUB0115,CK069,Lunch,Delivered,149
ORD05303,2026-09-16,SUB0375,CK036,Dinner,Delivered,120
ORD05304,2026-09-16,SUB0414,CK008,Dinner,DELIVERED,199
ORD05305,2026-09-16,SUB0250,CK070,Dinner,In Progress,179
ORD05306,2026-09-16,SUB0429,CK047,Dinner,Delivered,129
ORD05307,2026-09-16,SUB0173,CK032,Lunch,DELIVERED,199
ORD05308,16/09/2026,SUB0386,CK067,Lunch,delivered,129
ORD05309,2026-09-16,SUB0016,CK061,Dinner,Delivered,199
ORD05310,2026-09-16,SUB0253,CK023,Dinner,delivered,129
ORD05311,2026-09-16,SUB0340,CK011,Dinner,Refunded,179
ORD05312,2026-09-16,SUB0372,CK056,Dinner,Delivered,149
ORD05313,16/09/2026,SUB0079,CK021,Lunch,refunded,120
ORD05314,2026-09-16,SUB0130,CK057,Lunch,delivered,99
ORD05315,2026-09-16,SUB0276,CK049,Dinner,Refunded,159
ORD05316,2026-09-16,SUB0327,CK051,Dinner,Delivered,149
ORD05317,2026-09-16,SUB0499,CK086,Lunch,Completed,159
ORD05318,2026-09-16,SUB0450,CK079,Dinner,Completed,199
ORD05319,2026-09-16,SUB0287,CK069,Lunch,Delivered,99
ORD05320,2026-09-16,SUB0312,CK082,Lunch,DELIVERED,179
ORD05321,2026-09-16,SUB0471,CK054,Dinner,Delivered,129
ORD05322,2026-09-16,SUB0311,CK038,Lunch,Delivered,120
ORD05323,2026-09-16,SUB0299,CK048,Dinner,delivered,99
ORD05324,2026-09-16,SUB0514,CK088,Lunch,delivered,99
ORD05325,2026-09-16,SUB0164,CK050,Lunch,Delivered,199
ORD05326,2026-09-16,SUB0180,CK049,Dinner,delivered,120
ORD05327,2026-09-16,SUB0462,CK044,Dinner,Delivered,99
ORD05328,2026-09-16,SUB0406,CK004,Lunch,delivered,149
ORD05329,2026-09-16,SUB0229,CK054,Dinner,Delivered,129
ORD05330,2026-09-16,SUB0188,CK045,Dinner,DELIVERED,179
ORD05331,2026-09-16,SUB0072,CK074,Dinner,refunded,99
ORD05332,2026-09-16,SUB0150,CK001,Lunch,Completed,199
ORD05333,2026-09-16,SUB0346,CK004,Lunch,delivered,159
ORD05334,2026-09-16,SUB0504,CK087,Dinner,Delivered,149
ORD05335,16/09/2026,SUB0222,CK036,Dinner,Delivered,199
ORD05336,2026-09-16,SUB0492,CK013,Dinner,Delivered,149
ORD05337,2026-09-16,SUB0321,CK044,Dinner,Delivered,120
ORD05338,2026-09-16,SUB0426,CK055,Dinner,Delivered,159
ORD05339,2026-09-16,SUB0006,CK032,Dinner,delivered,149
ORD05340,2026-09-16,SUB0496,CK086,Dinner,Pending,159
ORD05341,2026-09-16,SUB0065,CK014,Lunch,DELIVERED,159
ORD05342,2026-09-16,SUB0494,CK014,Dinner,Delivered,199
ORD05343,2026-09-16,SUB0227,CK003,Lunch,delivered,99
ORD05344,16/09/2026,SUB0064,CK024,Dinner,Delivered,199
ORD05345,2026-09-16,SUB0283,CK020,Dinner,cook no show,159
ORD05346,2026-09-16,SUB0351,CK036,Lunch,Delivered,149
ORD05347,2026-09-16,SUB0460,CK053,Lunch,Delivered,159
ORD05348,2026-09-16,SUB0091,CK060,Lunch,DELIVERED,159
ORD05349,2026-09-16,SUB0102,CK084,Dinner,delivered,99
ORD05350,2026-09-16,SUB0002,CK004,Dinner,Cancelled,129
ORD05351,2026-09-16,SUB0242,CK040,Lunch,Delivered,129
ORD05352,2026-09-16,SUB0319,CK047,Lunch,delivered,99
ORD05353,2026-09-16,SUB0140,CK013,Dinner,Cancelled,179
ORD05354,2026-09-16,SUB0059,CK048,Dinner,refunded,199
ORD05355,2026-09-16,SUB0185,CK074,Lunch,Delivered,120
ORD05356,2026-09-16,SUB0409,CK071,Lunch,delivered,179
ORD05357,2026-09-16,SUB0261,CK083,Lunch,Pending,149
ORD05358,2026-09-16,SUB0430,CK062,Lunch,delivered,159
ORD05359,2026-09-16,SUB0282,CK060,Lunch,Delivered,99
ORD05360,2026-09-16,SUB0378,CK072,Dinner,in-progress,120
ORD05361,2026-09-16,SUB0178,CK027,Lunch,Delivered,179
ORD05362,2026-09-16,SUB0371,CK020,Dinner,Delivered,159
ORD05363,2026-09-16,SUB0488,CK018,Dinner,In Progress,159
ORD05364,2026-09-16,SUB0233,CK021,Dinner,Delivered,199
ORD05365,2026-09-16,SUB0441,CK054,Dinner,DELIVERED,159
ORD05366,2026-09-16,SUB0246,CK023,Dinner,Delivered,120
ORD05367,2026-09-16,SUB0230,CK075,Dinner,delivered,120
ORD05368,2026-09-16,SUB0068,CK001,Lunch,Delivered,159
ORD05369,2026-09-16,SUB0300,CK037,Dinner,Completed,120
ORD05370,2026-09-16,SUB0274,CK046,Dinner,DELIVERED,129
ORD05371,2026-09-16,SUB0162,CK080,Lunch,No Show,99
ORD05372,2026-09-16,SUB0203,CK002,Lunch,delivered,159
ORD05373,2026-09-16,SUB0350,CK081,Lunch,Delivered,179
ORD05374,2026-09-16,SUB0307,CK026,Lunch,delivered,129
ORD05375,2026-09-16,SUB0453,CK072,Lunch,Refunded,120
ORD05376,2026-09-16,SUB0389,CK038,Lunch,Delivered,120
ORD05377,2026-09-16,SUB0416,CK050,Dinner,Delivered,159
ORD05378,2026-09-16,SUB0483,CK013,Lunch,Pending,149
ORD05379,2026-09-16,SUB0313,CK081,Lunch,delivered,120
ORD05380,2026-09-16,SUB0052,CK002,Lunch,CANCELLED,99
ORD05381,2026-09-16,SUB0524,CK091,Dinner,In Progress,159
ORD05382,2026-09-16,SUB0398,CK003,Lunch,Delivered,120
ORD05383,2026-09-16,SUB0093,CK041,Dinner,Delivered,199
ORD05384,2026-09-16,SUB0219,CK027,Dinner,Delivered,120
ORD05385,2026-09-16,SUB0151,CK064,Dinner,Delivered,99
ORD05386,2026-09-16,SUB0014,CK065,Lunch,delivered,159
ORD05387,2026-09-16,SUB0183,CK024,Dinner,DELIVERED,129
ORD05388,2026-09-16,SUB0344,CK055,Dinner,delivered,179
ORD05389,16/09/2026,SUB0343,CK015,Dinner,Completed,120
ORD05390,2026-09-16,SUB0357,CK008,Lunch,Delivered,99
ORD05391,2026-09-16,SUB0146,CK044,Lunch,Delivered,159
ORD05392,2026-09-16,SUB0410,CK074,Lunch,DELIVERED,99
ORD05393,2026-09-16,SUB0451,CK069,Dinner,delivered,159
ORD05394,2026-09-16,SUB0481,CK045,Dinner,Delivered,129
ORD05395,2026-09-16,SUB0070,CK001,Lunch,Delivered,199
ORD05396,2026-09-16,SUB0325,CK023,Lunch,Pending,179
ORD05397,2026-09-16,SUB0073,CK074,Lunch,DELIVERED,99
ORD05398,2026-09-16,SUB0119,CK079,Lunch,Delivered,159
ORD05399,2026-09-16,SUB0376,CK003,Dinner,In Progress,179
ORD05400,2026-09-16,SUB0466,CK058,Dinner,delivered,199
ORD05401,2026-09-16,SUB0074,CK077,Dinner,DELIVERED,199
ORD05402,2026-09-16,SUB0029,CK014,Dinner,Delivered,159
ORD05403,2026-09-16,SUB0198,CK058,Dinner,Delivered,179
ORD05404,2026-09-16,SUB0044,CK020,Lunch,Delivered,179
ORD05405,2026-09-16,SUB0352,CK020,Lunch,pending,99
ORD05406,2026-09-16,SUB0022,CK044,Dinner,Delivered,159
ORD05407,2026-09-16,SUB0008,CK083,Dinner,Delivered,99
ORD05408,2026-09-16,SUB0010,CK014,Dinner,Delivered,120
ORD05409,2026-09-16,SUB0174,CK058,Dinner,CANCELLED,149
ORD05410,2026-09-16,SUB0121,CK026,Dinner,DELIVERED,129
ORD05411,2026-09-16,SUB0223,CK040,Lunch,Completed,179
ORD05412,2026-09-16,SUB0472,CK043,Lunch,Delivered,199
ORD05413,2026-09-16,SUB0101,CK018,Lunch,In Progress,99
ORD05414,2026-09-16,SUB0286,CK046,Dinner,Delivered,149
ORD05415,2026-09-16,SUB0512,CK087,Lunch,Delivered,129
ORD05416,2026-09-16,SUB0256,CK041,Lunch,Completed,179
ORD05417,2026-09-16,SUB0402,CK060,Dinner,Delivered,99
ORD05418,2026-09-16,SUB0232,CK045,Dinner,Pending,179
ORD05419,2026-09-16,SUB0118,CK002,Dinner,Refunded,149
ORD05420,2026-09-16,SUB0515,CK088,Lunch,Delivered,159
ORD05421,2026-09-16,SUB0085,CK017,Dinner,pending,149
ORD05422,2026-09-16,SUB0314,CK008,Lunch,Delivered,149
ORD05423,2026-09-16,SUB0279,CK006,Dinner,delivered,199
ORD05424,2026-09-16,SUB0046,CK050,Dinner,delivered,120
ORD05425,2026-09-16,SUB0099,CK070,Dinner,Delivered,199
ORD05426,2026-09-16,SUB0363,CK070,Lunch,Completed,99
ORD05427,2026-09-16,SUB0285,CK053,Lunch,pending,159
ORD05428,2026-09-16,SUB0133,CK061,Lunch,Delivered,179
ORD05429,2026-09-16,SUB0114,CK046,Lunch,Refunded,159
ORD05430,2026-09-16,SUB0041,CK026,Dinner,DELIVERED,199
ORD05431,2026-09-16,SUB0090,CK050,Lunch,Delivered,99
ORD05432,2026-09-16,SUB0124,CK049,Dinner,Delivered,159
ORD05433,2026-09-16,SUB0170,CK032,Dinner,DELIVERED,120
ORD05434,2026-09-16,SUB0505,CK087,Lunch,Completed,199
ORD05435,2026-09-16,SUB0310,CK010,Lunch,Pending,149
ORD05436,2026-09-16,SUB0169,CK046,Dinner,delivered,120
ORD05437,2026-09-16,SUB0289,CK029,Lunch,Delivered,129
ORD05438,2026-09-16,SUB0328,CK040,Dinner,Delivered,199
ORD05439,2026-09-16,SUB0290,CK047,Lunch,Completed,99
ORD05440,2026-09-16,SUB0241,CK051,Lunch,Delivered,159
ORD05441,2026-09-16,SUB0081,CK036,Lunch,cancelled,129
ORD05442,2026-09-16,SUB0493,CK080,Dinner,Delivered,99
ORD05443,2026-09-16,SUB0333,CK075,Dinner,refunded,99
ORD05444,2026-09-16,SUB0080,CK075,Lunch,Delivered,199
ORD05445,2026-09-16,SUB0224,CK058,Lunch,Completed,199
ORD05446,2026-09-16,SUB0252,CK025,Dinner,CANCELLED,129
ORD05447,2026-09-16,SUB0420,CK008,Lunch,Delivered,129
ORD05448,2026-09-16,SUB0137,CK051,Dinner,Completed,179
ORD05449,2026-09-16,SUB0043,CK032,Dinner,Refunded,120
ORD05450,2026-09-16,SUB0439,CK077,Lunch,Delivered,199
ORD05451,2026-09-16,SUB0456,CK053,Lunch,Delivered,99
ORD05452,2026-09-16,SUB0296,CK047,Dinner,Delivered,199
ORD05453,2026-09-16,SUB0030,CK033,Dinner,Cancelled,129
ORD05454,2026-09-16,SUB0335,CK058,Dinner,Cancelled,129
ORD05455,2026-09-16,SUB0126,CK083,Lunch,Pending,120
ORD05456,2026-09-16,SUB0383,CK048,Dinner,Completed,199
ORD05457,2026-09-16,SUB0209,CK045,Dinner,Delivered,159
ORD05458,2026-09-16,SUB0427,CK058,Lunch,delivered,120
ORD05459,2026-09-16,SUB0381,CK018,Lunch,Delivered,120
ORD05460,2026-09-16,SUB0211,CK012,Dinner,Delivered,99
ORD05461,2026-09-16,SUB0148,CK003,Dinner,Cancelled,199
ORD05462,2026-09-16,SUB0231,CK011,Dinner,Pending,129
ORD05463,2026-09-16,SUB0083,CK003,Dinner,Pending,149
ORD05464,2026-09-16,SUB0220,CK064,Dinner,cancelled,199
ORD05465,2026-09-16,SUB0123,CK002,Lunch,CANCELLED,120
ORD05466,2026-09-16,SUB0259,CK020,Lunch,Delivered,159
ORD05467,2026-09-16,SUB0255,CK077,Lunch,delivered,199
ORD05468,2026-09-16,SUB0129,CK057,Lunch,Delivered,99
ORD05469,2026-09-16,SUB0218,CK069,Lunch,DELIVERED,159
ORD05470,2026-09-16,SUB0393,CK076,Lunch,Refunded,149
ORD05471,2026-09-16,SUB0484,CK084,Dinner,Delivered,120
ORD05472,2026-09-16,SUB0476,CK010,Lunch,Delivered,159
ORD05473,2026-09-16,SUB0503,CK086,Lunch,Completed,149
ORD05474,2026-09-16,SUB0023,CK070,Dinner,Cancelled,129
ORD05475,2026-09-16,SUB0437,CK038,Dinner,Delivered,179
ORD05476,2026-09-16,SUB0415,CK021,Dinner,delivered,149
ORD05477,2026-09-16,SUB0182,CK044,Lunch,in-progress,199
ORD05478,2026-09-16,SUB0395,CK023,Dinner,Delivered,129
ORD05479,2026-09-16,SUB0465,CK067,Lunch,cancelled,179
ORD05480,16/09/2026,SUB0359,CK012,Dinner,Delivered,179
ORD05481,2026-09-16,SUB0066,CK021,Dinner,delivered,99
ORD05482,2026-09-16,SUB0048,CK081,Lunch,delivered,129
ORD05483,2026-09-16,SUB0461,CK052,Dinner,DELIVERED,120
ORD05484,2026-09-16,SUB0214,CK008,Dinner,delivered,179
ORD05485,2026-09-16,SUB0345,CK060,Lunch,Delivered,120
ORD05486,2026-09-16,SUB0104,CK018,Lunch,Delivered,199
ORD05487,2026-09-16,SUB0336,CK040,Dinner,Delivered,159
ORD05488,2026-09-16,SUB0529,CK092,Lunch,DELIVERED,129
ORD05489,2026-09-16,SUB0116,CK084,Lunch,Delivered,179
ORD05490,2026-09-16,SUB0324,CK032,Lunch,refunded,179
ORD05491,2026-09-16,SUB0520,CK090,Lunch,Completed,149
ORD05492,2026-09-16,SUB0501,CK086,Lunch,delivered,149
ORD05493,2026-09-16,SUB0301,CK084,Dinner,delivered,129
ORD05494,2026-09-16,SUB0458,CK045,Dinner,DELIVERED,159
ORD05495,2026-09-16,SUB0467,CK012,Lunch,Completed,129
ORD05496,2026-09-16,SUB0216,CK077,Lunch,Delivered,199
ORD05497,2026-09-16,SUB0367,CK058,Dinner,cancelled,179
ORD05498,2026-09-16,SUB0334,CK077,Lunch,Delivered,179
ORD05499,2026-09-16,SUB0117,CK014,Dinner,refunded,129
ORD05500,2026-09-16,SUB0522,CK090,Dinner,Delivered,179
ORD05501,2026-09-16,SUB0042,CK081,Dinner,Cancelled,199
ORD05502,2026-09-16,SUB0100,CK012,Lunch,Completed,149
ORD05503,2026-09-16,SUB0502,CK086,Lunch,Completed,120
ORD05504,2026-09-16,SUB0442,CK019,Lunch,Delivered,129
ORD05505,2026-09-16,SUB0036,CK032,Lunch,Completed,120
ORD05506,2026-09-16,SUB0026,CK082,Dinner,Delivered,199
ORD05507,2026-09-16,SUB0487,CK051,Dinner,Delivered,99
ORD05508,2026-09-16,SUB0226,CK018,Dinner,Delivered,129
ORD05509,2026-09-16,SUB0237,CK047,Dinner,refunded,149
ORD05510,2026-09-16,SUB0455,CK014,Dinner,Delivered,149
ORD05511,2026-09-16,SUB0058,CK047,Lunch,Delivered,120
ORD05512,2026-09-16,SUB0128,CK051,Dinner,DELIVERED,129
ORD05513,2026-09-16,SUB0443,CK021,Dinner,Cancelled,149
ORD05514,2026-09-16,SUB0254,CK003,Dinner,Delivered,159
ORD05515,2026-09-16,SUB0204,CK084,Dinner,DELIVERED,159
ORD05516,2026-09-16,SUB0207,CK053,Lunch,Delivered,149
ORD05517,2026-09-16,SUB0470,CK075,Dinner,Refunded,120
ORD05518,2026-09-16,SUB0394,CK044,Lunch,Pending,120
ORD05519,2026-09-16,SUB0060,CK014,Lunch,refunded,129
ORD05520,2026-09-16,SUB0364,CK047,Lunch,Delivered,129
ORD05521,2026-09-17,SUB0459,CK049,Lunch,Cancelled,99
ORD05522,2026-09-17,SUB0088,CK032,Lunch,Refunded,99
ORD05523,2026-09-17,SUB0370,CK010,Lunch,delivered,99
ORD05524,2026-09-17,SUB0173,CK032,Lunch,Completed,159
ORD05525,2026-09-17,SUB0298,CK060,Dinner,Delivered,99
ORD05526,2026-09-17,SUB0390,CK049,Dinner,delivered,159
ORD05527,2026-09-17,SUB0461,CK052,Dinner,Delivered,199
ORD05528,17/09/2026,SUB0354,CK057,Dinner,Delivered,129
ORD05529,2026-09-17,SUB0017,CK011,Lunch,delivered,199
ORD05530,2026-09-17,SUB0522,CK090,Dinner,DELIVERED,120
ORD05531,2026-09-17,SUB0440,CK015,Dinner,DELIVERED,179
ORD05532,2026-09-17,SUB0024,CK003,Dinner,in-progress,179
ORD05533,2026-09-17,SUB0321,CK044,Dinner,DELIVERED,99
ORD05534,17/09/2026,SUB0490,CK050,Dinner,Delivered,149
ORD05535,2026-09-17,SUB0163,CK029,Dinner,Completed,129
ORD05536,2026-09-17,SUB0482,CK068,Dinner,delivered,99
ORD05537,2026-09-17,SUB0104,CK018,Lunch,DELIVERED,179
ORD05538,2026-09-17,SUB0450,CK079,Dinner,Delivered,120
ORD05539,2026-09-17,SUB0086,CK036,Dinner,Delivered,120
ORD05540,2026-09-17,SUB0093,CK041,Dinner,Delivered,159
ORD05541,2026-09-17,SUB0413,CK062,Dinner,cook_dropout,159
ORD05542,2026-09-17,SUB0380,CK071,Dinner,CANCELLED,120
ORD05543,2026-09-17,SUB0398,CK003,Lunch,Delivered,179
ORD05544,2026-09-17,SUB0529,CK092,Lunch,Completed,199
ORD05545,2026-09-17,SUB0209,CK045,Dinner,refunded,99
ORD05546,2026-09-17,SUB0467,CK012,Lunch,Completed,99
ORD05547,2026-09-17,SUB0031,CK018,Lunch,Delivered,99
ORD05548,2026-09-17,SUB0066,CK021,Dinner,DELIVERED,159
ORD05549,2026-09-17,SUB0117,CK014,Lunch,Delivered,149
ORD05550,2026-09-17,SUB0487,CK051,Dinner,Delivered,120
ORD05551,2026-09-17,SUB0022,CK044,Dinner,Delivered,149
ORD05552,2026-09-17,SUB0384,CK058,Dinner,delivered,159
ORD05553,17/09/2026,SUB0110,CK079,Dinner,Delivered,149
ORD05554,2026-09-17,SUB0421,CK079,Lunch,Delivered,99
ORD05555,2026-09-17,SUB0288,CK009,Dinner,Delivered,120
ORD05556,2026-09-17,SUB0219,CK027,Dinner,delivered,99
ORD05557,2026-09-17,SUB0149,CK060,Lunch,Completed,199
ORD05558,2026-09-17,SUB0275,CK055,Dinner,delivered,99
ORD05559,2026-09-17,SUB0355,CK051,Lunch,delivered,179
ORD05560,2026-09-17,SUB0254,CK003,Dinner,DELIVERED,149
ORD05561,2026-09-17,SUB0036,CK032,Dinner,Delivered,120
ORD05562,2026-09-17,SUB0272,CK078,Lunch,Delivered,99
ORD05563,2026-09-17,SUB0491,CK044,Dinner,delivered,120
ORD05564,2026-09-17,SUB0033,CK020,Lunch,Delivered,129
ORD05565,2026-09-17,SUB0090,CK050,Lunch,Delivered,99
ORD05566,2026-09-17,SUB0168,CK032,Dinner,In Progress,99
ORD05567,2026-09-17,SUB0222,CK036,Dinner,DELIVERED,129
ORD05568,2026-09-17,SUB0156,CK056,Dinner,Completed,199
ORD05569,2026-09-17,SUB0324,CK032,Lunch,cook no show,120
ORD05570,2026-09-17,SUB0345,CK060,Lunch,pending,99
ORD05571,2026-09-17,SUB0018,CK032,Dinner,delivered,99
ORD05572,2026-09-17,SUB0273,CK052,Dinner,Completed,120
ORD05573,2026-09-17,SUB0228,CK075,Dinner,Delivered,120
ORD05574,2026-09-17,SUB0403,CK013,Lunch,delivered,179
ORD05575,2026-09-17,SUB0506,CK087,Dinner,delivered,120
ORD05576,2026-09-17,SUB0237,CK047,Dinner,In Progress,179
ORD05577,2026-09-17,SUB0095,CK037,Lunch,Delivered,179
ORD05578,17/09/2026,SUB0278,CK079,Dinner,Delivered,99
ORD05579,2026-09-17,SUB0327,CK051,Dinner,refunded,199
ORD05580,2026-09-17,SUB0438,CK069,Dinner,delivered,120
ORD05581,2026-09-17,SUB0232,CK045,Dinner,Completed,120
ORD05582,2026-09-17,SUB0455,CK014,Dinner,Delivered,99
ORD05583,2026-09-17,SUB0195,CK002,Dinner,Completed,129
ORD05584,2026-09-17,SUB0065,CK014,Lunch,cancelled,179
ORD05585,2026-09-17,SUB0367,CK058,Dinner,Delivered,129
ORD05586,2026-09-17,SUB0460,CK053,Lunch,Cancelled,149
ORD05587,2026-09-17,SUB0112,CK046,Lunch,delivered,159
ORD05588,17/09/2026,SUB0277,CK024,Dinner,cancelled,120
ORD05589,2026-09-17,SUB0125,CK067,Dinner,delivered,179
ORD05590,2026-09-17,SUB0008,CK083,Dinner,Cancelled,129
ORD05591,2026-09-17,SUB0526,CK091,Dinner,Delivered,149
ORD05592,2026-09-17,SUB0331,CK062,Lunch,delivered,99
ORD05593,2026-09-17,SUB0451,CK069,Lunch,pending,99
ORD05594,2026-09-17,SUB0136,CK080,Dinner,pending,120
ORD05595,2026-09-17,SUB0498,CK086,Dinner,in-progress,99
ORD05596,2026-09-17,SUB0470,CK075,Dinner,Delivered,179
ORD05597,2026-09-17,SUB0297,CK019,Lunch,Delivered,129
ORD05598,2026-09-17,SUB0309,CK076,Lunch,cancelled,199
ORD05599,2026-09-17,SUB0469,CK070,Lunch,delivered,99
ORD05600,2026-09-17,SUB0141,CK079,Lunch,Cancelled,199
ORD05601,2026-09-17,SUB0414,CK008,Dinner,Delivered,120
ORD05602,2026-09-17,SUB0045,CK060,Lunch,Delivered,159
ORD05603,2026-09-17,SUB0393,CK076,Dinner,CANCELLED,149
ORD05604,2026-09-17,SUB0387,CK071,Lunch,in-progress,159
ORD05605,2026-09-17,SUB0152,CK023,Dinner,delivered,129
ORD05606,2026-09-17,SUB0118,CK002,Dinner,refunded,179
ORD05607,2026-09-17,SUB0442,CK019,Lunch,cancelled,99
ORD05608,2026-09-17,SUB0394,CK044,Lunch,In Progress,199
ORD05609,2026-09-17,SUB0108,CK068,Dinner,Delivered,179
ORD05610,2026-09-17,SUB0294,CK081,Dinner,Completed,179
ORD05611,2026-09-17,SUB0316,CK014,Dinner,Delivered,99
ORD05612,2026-09-17,SUB0341,CK040,Lunch,DELIVERED,199
ORD05613,2026-09-17,SUB0269,CK052,Dinner,in-progress,159
ORD05614,17/09/2026,SUB0034,CK023,Lunch,DELIVERED,199
ORD05615,2026-09-17,SUB0160,CK032,Lunch,In Progress,159
ORD05616,2026-09-17,SUB0261,CK083,Lunch,Cancelled - Cook Unavailable,159
ORD05617,2026-09-17,SUB0082,CK045,Lunch,in-progress,120
ORD05618,2026-09-17,SUB0313,CK081,Lunch,Delivered,129
ORD05619,2026-09-17,SUB0101,CK018,Lunch,delivered,159
ORD05620,2026-09-17,SUB0081,CK036,Lunch,Delivered,179
ORD05621,2026-09-17,SUB0406,CK004,Lunch,CANCELLED,199
ORD05622,2026-09-17,SUB0337,CK053,Lunch,delivered,120
ORD05623,2026-09-17,SUB0456,CK053,Lunch,DELIVERED,99
ORD05624,2026-09-17,SUB0531,CK092,Lunch,DELIVERED,120
ORD05625,2026-09-17,SUB0043,CK032,Dinner,delivered,149
ORD05626,2026-09-17,SUB0371,CK020,Dinner,Delivered,179
ORD05627,2026-09-17,SUB0218,CK069,Lunch,Delivered,129
ORD05628,2026-09-17,SUB0071,CK023,Lunch,Delivered,120
ORD05629,2026-09-17,SUB0481,CK045,Dinner,DELIVERED,129
ORD05630,2026-09-17,SUB0258,CK014,Dinner,DELIVERED,179
ORD05631,2026-09-17,SUB0436,CK067,Lunch,refunded,120
ORD05632,2026-09-17,SUB0119,CK079,Lunch,delivered,149
ORD05633,2026-09-17,SUB0407,CK054,Dinner,Completed,99
ORD05634,2026-09-17,SUB0042,CK081,Dinner,Delivered,179
ORD05635,2026-09-17,SUB0527,CK091,Lunch,DELIVERED,120
ORD05636,2026-09-17,SUB0046,CK050,Dinner,Refunded,159
ORD05637,2026-09-17,SUB0374,CK077,Lunch,delivered,159
ORD05638,2026-09-17,SUB0204,CK084,Dinner,Delivered,149
ORD05639,2026-09-17,SUB0074,CK077,Dinner,Delivered,120
ORD05640,2026-09-17,SUB0072,CK074,Dinner,Delivered,199
ORD05641,2026-09-17,SUB0377,CK041,Lunch,Completed,179
ORD05642,2026-09-17,SUB0124,CK049,Dinner,refunded,99
ORD05643,2026-09-17,SUB0079,CK021,Lunch,delivered,199
ORD05644,2026-09-17,SUB0286,CK046,Dinner,Delivered,159
ORD05645,2026-09-17,SUB0396,CK046,Lunch,Completed,199
ORD05646,2026-09-17,SUB0458,CK045,Dinner,Cancelled,120
ORD05647,2026-09-17,SUB0510,CK087,Dinner,Delivered,159
ORD05648,2026-09-17,SUB0252,CK025,Dinner,Delivered,120
ORD05649,2026-09-17,SUB0428,CK048,Lunch,Delivered,129
ORD05650,2026-09-17,SUB0266,CK044,Lunch,Delivered,179
ORD05651,2026-09-17,SUB0260,CK045,Dinner,Delivered,120
ORD05652,2026-09-17,SUB0239,CK065,Dinner,Completed,149
ORD05653,2026-09-17,SUB0172,CK045,Lunch,delivered,199
ORD05654,2026-09-17,SUB0205,CK005,Dinner,Delivered,129
ORD05655,2026-09-17,SUB0199,CK075,Dinner,delivered,179
ORD05656,2026-09-17,SUB0344,CK055,Dinner,delivered,120
ORD05657,2026-09-17,SUB0019,CK060,Lunch,Delivered,179
ORD05658,2026-09-17,SUB0400,CK036,Dinner,Completed,179
ORD05659,2026-09-17,SUB0422,CK052,Dinner,refunded,129
ORD05660,2026-09-17,SUB0426,CK055,Dinner,DELIVERED,120
ORD05661,2026-09-17,SUB0083,CK003,Dinner,Delivered,179
ORD05662,2026-09-17,SUB0267,CK071,Dinner,DELIVERED,179
ORD05663,2026-09-17,SUB0257,CK069,Lunch,cancelled,199
ORD05664,2026-09-17,SUB0096,CK077,Dinner,DELIVERED,129
ORD05665,2026-09-17,SUB0044,CK020,Lunch,pending,120
ORD05666,2026-09-17,SUB0176,CK061,Dinner,delivered,199
ORD05667,2026-09-17,SUB0493,CK080,Dinner,Delivered,199
ORD05668,2026-09-17,SUB0385,CK012,Lunch,Delivered,99
ORD05669,2026-09-17,SUB0364,CK047,Lunch,DELIVERED,129
ORD05670,2026-09-17,SUB0158,CK027,Dinner,Pending,149
ORD05671,2026-09-17,SUB0023,CK070,Dinner,CANCELLED,120
ORD05672,2026-09-17,SUB0513,CK088,Lunch,Delivered,179
ORD05673,2026-09-17,SUB0373,CK071,Lunch,In Progress,159
ORD05674,2026-09-17,SUB0245,CK060,Dinner,Delivered,129
ORD05675,2026-09-17,SUB0287,CK069,Lunch,Pending,129
ORD05676,2026-09-17,SUB0247,CK006,Lunch,Delivered,199
ORD05677,2026-09-17,SUB0155,CK009,Lunch,Refunded,120
ORD05678,2026-09-17,SUB0241,CK051,Lunch,Delivered,99
ORD05679,2026-09-17,SUB0479,CK052,Dinner,Pending,99
ORD05680,2026-09-17,SUB0159,CK061,Dinner,Delivered,149
ORD05681,2026-09-17,SUB0111,CK036,Lunch,refunded,129
ORD05682,2026-09-17,SUB0250,CK070,Dinner,Delivered,99
ORD05683,2026-09-17,SUB0488,CK018,Lunch,Completed,120
ORD05684,2026-09-17,SUB0148,CK003,Dinner,Completed,120
ORD05685,2026-09-17,SUB0532,CK092,Dinner,Cancelled - Cook Unavailable,199
ORD05686,2026-09-17,SUB0126,CK083,Lunch,Delivered,120
ORD05687,2026-09-17,SUB0443,CK021,Dinner,Delivered,149
ORD05688,2026-09-17,SUB0207,CK053,Lunch,Pending,120
ORD05689,2026-09-17,SUB0013,CK040,Dinner,Delivered,199
ORD05690,2026-09-17,SUB0468,CK002,Dinner,Delivered,159
ORD05691,2026-09-17,SUB0292,CK047,Dinner,In Progress,129
ORD05692,2026-09-17,SUB0472,CK043,Dinner,Completed,159
ORD05693,17/09/2026,SUB0114,CK046,Lunch,delivered,129
ORD05694,2026-09-17,SUB0243,CK011,Lunch,Completed,120
ORD05695,2026-09-17,SUB0312,CK082,Dinner,Delivered,159
ORD05696,2026-09-17,SUB0290,CK047,Lunch,Pending,179
ORD05697,2026-09-17,SUB0281,CK061,Dinner,Delivered,199
ORD05698,2026-09-17,SUB0006,CK032,Dinner,delivered,129
ORD05699,2026-09-17,SUB0142,CK014,Dinner,delivered,129
ORD05700,17/09/2026,SUB0224,CK058,Dinner,Delivered,99
ORD05701,2026-09-17,SUB0285,CK053,Lunch,Delivered,129
ORD05702,2026-09-17,SUB0242,CK040,Lunch,Completed,199
ORD05703,2026-09-17,SUB0392,CK070,Lunch,Delivered,149
ORD05704,2026-09-17,SUB0528,CK092,Dinner,Delivered,99
ORD05705,2026-09-17,SUB0182,CK044,Lunch,Delivered,129
ORD05706,2026-09-17,SUB0516,CK088,Lunch,Delivered,159
ORD05707,2026-09-17,SUB0020,CK061,Lunch,DELIVERED,149
ORD05708,2026-09-17,SUB0464,CK071,Lunch,Delivered,149
ORD05709,2026-09-17,SUB0283,CK020,Dinner,delivered,149
ORD05710,2026-09-17,SUB0410,CK074,Lunch,Delivered,179
ORD05711,2026-09-17,SUB0060,CK014,Lunch,Delivered,149
ORD05712,2026-09-17,SUB0130,CK057,Lunch,Completed,129
ORD05713,2026-09-17,SUB0178,CK027,Lunch,cancelled,149
ORD05714,2026-09-17,SUB0041,CK026,Lunch,DELIVERED,120
ORD05715,2026-09-17,SUB0415,CK021,Dinner,delivered,120
ORD05716,2026-09-17,SUB0484,CK084,Dinner,Completed,149
ORD05717,2026-09-17,SUB0418,CK018,Dinner,Completed,99
ORD05718,2026-09-17,SUB0497,CK086,Dinner,Delivered,99
ORD05719,2026-09-17,SUB0021,CK054,Dinner,Completed,99
ORD05720,2026-09-17,SUB0301,CK084,Dinner,Delivered,99
ORD05721,2026-09-17,SUB0035,CK081,Lunch,Completed,179
ORD05722,2026-09-17,SUB0107,CK047,Lunch,Delivered,199
ORD05723,2026-09-17,SUB0201,CK062,Dinner,No Show,120
ORD05724,2026-09-17,SUB0308,CK020,Dinner,Delivered,179
ORD05725,2026-09-17,SUB0127,CK083,Dinner,Completed,149
ORD05726,2026-09-17,SUB0091,CK060,Lunch,CANCELLED,199
ORD05727,2026-09-17,SUB0144,CK023,Lunch,Delivered,99
ORD05728,2026-09-17,SUB0474,CK081,Lunch,Completed,179
ORD05729,2026-09-17,SUB0310,CK010,Lunch,Delivered,129
ORD05730,2026-09-17,SUB0323,CK084,Lunch,Delivered,120
ORD05731,2026-09-17,SUB0026,CK082,Dinner,Cancelled,120
ORD05732,2026-09-17,SUB0417,CK015,Dinner,Delivered,179
ORD05733,2026-09-17,SUB0198,CK058,Dinner,Completed,199
ORD05734,2026-09-17,SUB0052,CK002,Lunch,delivered,120
ORD05735,2026-09-17,SUB0432,CK046,Lunch,Delivered,199
ORD05736,17/09/2026,SUB0494,CK014,Dinner,Cancelled,99
ORD05737,2026-09-17,SUB0523,CK091,Lunch,Delivered,120
ORD05738,2026-09-17,SUB0238,CK080,Dinner,No Show,99
ORD05739,2026-09-17,SUB0350,CK081,Lunch,Delivered,159
ORD05740,2026-09-17,SUB0454,CK003,Dinner,Completed,159
ORD05741,2026-09-17,SUB0143,CK048,Lunch,delivered,159
ORD05742,2026-09-17,SUB0049,CK013,Dinner,delivered,149
ORD05743,2026-09-17,SUB0128,CK051,Dinner,In Progress,199
ORD05744,2026-09-17,SUB0429,CK047,Dinner,Refunded,120
ORD05745,2026-09-17,SUB0348,CK081,Lunch,Delivered,159
ORD05746,2026-09-17,SUB0401,CK002,Lunch,DELIVERED,99
ORD05747,2026-09-17,SUB0029,CK014,Dinner,delivered,120
ORD05748,2026-09-17,SUB0431,CK017,Dinner,delivered,99
ORD05749,2026-09-17,SUB0452,CK035,Dinner,Delivered,179
ORD05750,2026-09-17,SUB0416,CK050,Dinner,Delivered,159
ORD05751,2026-09-18,SUB0330,CK004,Dinner,Delivered,129
ORD05752,2026-09-18,SUB0148,CK003,Dinner,delivered,199
ORD05753,2026-09-18,SUB0072,CK074,Dinner,delivered,179
ORD05754,2026-09-18,SUB0380,CK071,Dinner,In Progress,129
ORD05755,2026-09-18,SUB0117,CK014,Dinner,Completed,120
ORD05756,2026-09-18,SUB0073,CK074,Lunch,delivered,120
ORD05757,2026-09-18,SUB0351,CK036,Lunch,Delivered,179
ORD05758,2026-09-18,SUB0442,CK019,Lunch,delivered,179
ORD05759,2026-09-18,SUB0316,CK014,Dinner,Completed,99
ORD05760,2026-09-18,SUB0469,CK070,Lunch,Completed,129
ORD05761,2026-09-18,SUB0051,CK032,Dinner,Delivered,99
ORD05762,2026-09-18,SUB0376,CK003,Dinner,delivered,99
ORD05763,2026-09-18,SUB0159,CK061,Dinner,Delivered,129
ORD05764,2026-09-18,SUB0091,CK060,Lunch,Delivered,120
ORD05765,2026-09-18,SUB0423,CK059,Lunch,delivered,179
ORD05766,2026-09-18,SUB0048,CK081,Lunch,delivered,199
ORD05767,2026-09-18,SUB0297,CK019,Lunch,delivered,199
ORD05768,2026-09-18,SUB0454,CK003,Lunch,CANCELLED,199
ORD05769,18/09/2026,SUB0491,CK044,Dinner,Delivered,199
ORD05770,2026-09-18,SUB0413,CK062,Dinner,Completed,199
ORD05771,2026-09-18,SUB0327,CK051,Dinner,Completed,199
ORD05772,2026-09-18,SUB0136,CK080,Dinner,Delivered,120
ORD05773,2026-09-18,SUB0269,CK052,Lunch,Delivered,199
ORD05774,2026-09-18,SUB0294,CK081,Lunch,in-progress,120
ORD05775,2026-09-18,SUB0254,CK003,Dinner,refunded,159
ORD05776,2026-09-18,SUB0319,CK047,Lunch,Delivered,179
ORD05777,2026-09-18,SUB0239,CK065,Dinner,Completed,149
ORD05778,2026-09-18,SUB0102,CK084,Dinner,in-progress,120
ORD05779,2026-09-18,SUB0430,CK062,Lunch,Cancelled - Cook Unavailable,179
ORD05780,2026-09-18,SUB0346,CK004,Lunch,in-progress,149
ORD05781,2026-09-18,SUB0257,CK069,Lunch,Completed,120
ORD05782,2026-09-18,SUB0291,CK048,Lunch,Delivered,179
ORD05783,2026-09-18,SUB0242,CK040,Dinner,DELIVERED,179
ORD05784,2026-09-18,SUB0289,CK029,Lunch,Delivered,159
ORD05785,2026-09-18,SUB0274,CK046,Dinner,Completed,120
ORD05786,2026-09-18,SUB0075,CK010,Dinner,delivered,199
ORD05787,2026-09-18,SUB0479,CK052,Dinner,Delivered,99
ORD05788,2026-09-18,SUB0118,CK002,Dinner,DELIVERED,129
ORD05789,2026-09-18,SUB0429,CK047,Dinner,Delivered,99
ORD05790,2026-09-18,SUB0508,CK087,Lunch,Delivered,99
ORD05791,2026-09-18,SUB0310,CK010,Lunch,refunded,99
ORD05792,2026-09-18,SUB0382,CK075,Dinner,Delivered,199
ORD05793,2026-09-18,SUB0354,CK057,Dinner,Delivered,99
ORD05794,2026-09-18,SUB0205,CK005,Dinner,Delivered,120
ORD05795,2026-09-18,SUB0425,CK048,Lunch,DELIVERED,129
ORD05796,2026-09-18,SUB0002,CK004,Lunch,cook no show,179
ORD05797,2026-09-18,SUB0527,CK091,Lunch,delivered,179
ORD05798,2026-09-18,SUB0171,CK077,Lunch,Delivered,129
ORD05799,2026-09-18,SUB0224,CK058,Lunch,Delivered,149
ORD05800,2026-09-18,SUB0192,CK075,Lunch,In Progress,120
ORD05801,2026-09-18,SUB0067,CK074,Dinner,Cancelled,179
ORD05802,2026-09-18,SUB0059,CK048,Dinner,Delivered,179
ORD05803,2026-09-18,SUB0286,CK046,Dinner,Delivered,129
ORD05804,2026-09-18,SUB0138,CK057,Dinner,Delivered,199
ORD05805,2026-09-18,SUB0252,CK025,Dinner,Delivered,149
ORD05806,2026-09-18,SUB0414,CK008,Dinner,Completed,129
ORD05807,2026-09-18,SUB0267,CK071,Dinner,Completed,199
ORD05808,2026-09-18,SUB0358,CK012,Dinner,Delivered,120
ORD05809,2026-09-18,SUB0194,CK032,Lunch,Delivered,199
ORD05810,2026-09-18,SUB0133,CK061,Dinner,delivered,149
ORD05811,2026-09-18,SUB0107,CK047,Dinner,Delivered,159
ORD05812,2026-09-18,SUB0113,CK004,Dinner,Delivered,199
ORD05813,2026-09-18,SUB0232,CK045,Dinner,Delivered,120
ORD05814,2026-09-18,SUB0026,CK082,Dinner,Delivered,129
ORD05815,2026-09-18,SUB0276,CK049,Dinner,Delivered,179
ORD05816,2026-09-18,SUB0428,CK048,Lunch,Delivered,179
ORD05817,2026-09-18,SUB0492,CK013,Dinner,delivered,120
ORD05818,2026-09-18,SUB0068,CK001,Lunch,Completed,179
ORD05819,2026-09-18,SUB0450,CK079,Dinner,Delivered,199
ORD05820,2026-09-18,SUB0510,CK087,Dinner,Delivered,159
ORD05821,2026-09-18,SUB0520,CK090,Dinner,Refunded,99
ORD05822,2026-09-18,SUB0420,CK008,Lunch,Delivered,179
ORD05823,2026-09-18,SUB0153,CK057,Lunch,Completed,199
ORD05824,2026-09-18,SUB0055,CK072,Dinner,pending,179
ORD05825,2026-09-18,SUB0328,CK040,Dinner,Delivered,99
ORD05826,2026-09-18,SUB0285,CK053,Lunch,delivered,159
ORD05827,2026-09-18,SUB0375,CK036,Dinner,delivered,159
ORD05828,2026-09-18,SUB0027,CK075,Lunch,In Progress,120
ORD05829,2026-09-18,SUB0266,CK044,Lunch,Delivered,129
ORD05830,2026-09-18,SUB0265,CK036,Dinner,DELIVERED,99
ORD05831,2026-09-18,SUB0112,CK046,Lunch,DELIVERED,149
ORD05832,2026-09-18,SUB0333,CK075,Dinner,Refunded,179
ORD05833,2026-09-18,SUB0127,CK083,Dinner,delivered,159
ORD05834,2026-09-18,SUB0134,CK057,Dinner,Completed,159
ORD05835,2026-09-18,SUB0008,CK083,Dinner,delivered,199
ORD05836,2026-09-18,SUB0174,CK058,Dinner,Delivered,129
ORD05837,2026-09-18,SUB0302,CK043,Lunch,Delivered,159
ORD05838,2026-09-18,SUB0384,CK058,Dinner,Delivered,199
ORD05839,2026-09-18,SUB0415,CK021,Dinner,Delivered,199
ORD05840,2026-09-18,SUB0275,CK055,Dinner,in-progress,149
ORD05841,2026-09-18,SUB0277,CK024,Dinner,Delivered,149
ORD05842,2026-09-18,SUB0006,CK032,Dinner,delivered,179
ORD05843,2026-09-18,SUB0157,CK052,Lunch,Delivered,129
ORD05844,2026-09-18,SUB0025,CK068,Lunch,pending,159
ORD05845,2026-09-18,SUB0037,CK031,Lunch,Completed,149
ORD05846,2026-09-18,SUB0061,CK042,Dinner,Completed,159
ORD05847,2026-09-18,SUB0225,CK051,Dinner,Delivered,99
ORD05848,2026-09-18,SUB0044,CK020,Dinner,Delivered,199
ORD05849,2026-09-18,SUB0024,CK003,Lunch,delivered,179
ORD05850,2026-09-18,SUB0244,CK045,Dinner,delivered,99
ORD05851,2026-09-18,SUB0311,CK038,Lunch,Delivered,99
ORD05852,2026-09-18,SUB0451,CK069,Lunch,No Show,129
ORD05853,2026-09-18,SUB0147,CK069,Dinner,Pending,179
ORD05854,2026-09-18,SUB0524,CK091,Lunch,Cancelled - Cook Unavailable,179
ORD05855,2026-09-18,SUB0014,CK065,Lunch,Completed,159
ORD05856,2026-09-18,SUB0185,CK074,Lunch,Pending,129
ORD05857,2026-09-18,SUB0490,CK050,Dinner,Delivered,99
ORD05858,2026-09-18,SUB0143,CK048,Dinner,cancelled,149
ORD05859,2026-09-18,SUB0523,CK091,Lunch,cancelled,99
ORD05860,2026-09-18,SUB0363,CK070,Dinner,DELIVERED,120
ORD05861,2026-09-18,SUB0439,CK077,Dinner,Delivered,199
ORD05862,2026-09-18,SUB0387,CK071,Lunch,Completed,149
ORD05863,2026-09-18,SUB0054,CK069,Dinner,in-progress,199
ORD05864,2026-09-18,SUB0123,CK002,Lunch,Completed,159
ORD05865,2026-09-18,SUB0013,CK040,Dinner,Completed,199
ORD05866,2026-09-18,SUB0183,CK024,Lunch,Delivered,149
ORD05867,2026-09-18,SUB0426,CK055,Dinner,Completed,149
ORD05868,2026-09-18,SUB0460,CK053,Lunch,DELIVERED,120
ORD05869,2026-09-18,SUB0271,CK004,Dinner,Pending,99
ORD05870,2026-09-18,SUB0371,CK020,Dinner,Completed,159
ORD05871,2026-09-18,SUB0212,CK078,Lunch,Delivered,179
ORD05872,2026-09-18,SUB0215,CK019,Dinner,Delivered,99
ORD05873,2026-09-18,SUB0083,CK003,Lunch,Pending,199
ORD05874,2026-09-18,SUB0126,CK083,Lunch,Delivered,149
ORD05875,2026-09-18,SUB0222,CK036,Dinner,Delivered,99
ORD05876,2026-09-18,SUB0339,CK079,Dinner,delivered,149
ORD05877,2026-09-18,SUB0021,CK054,Dinner,DELIVERED,99
ORD05878,2026-09-18,SUB0220,CK064,Dinner,delivered,149
ORD05879,2026-09-18,SUB0306,CK017,Dinner,Delivered,179
ORD05880,2026-09-18,SUB0236,CK076,Dinner,Delivered,120
ORD05881,2026-09-18,SUB0246,CK023,Dinner,delivered,199
ORD05882,2026-09-18,SUB0345,CK060,Lunch,Delivered,99
ORD05883,2026-09-18,SUB0344,CK055,Dinner,Delivered,149
ORD05884,2026-09-18,SUB0397,CK064,Dinner,delivered,149
ORD05885,2026-09-18,SUB0177,CK047,Lunch,Delivered,179
ORD05886,2026-09-18,SUB0088,CK032,Lunch,Refunded,179
ORD05887,2026-09-18,SUB0465,CK067,Lunch,refunded,99
ORD05888,2026-09-18,SUB0347,CK023,Lunch,Delivered,129
ORD05889,2026-09-18,SUB0325,CK023,Lunch,delivered,99
ORD05890,2026-09-18,SUB0199,CK075,Dinner,delivered,129
ORD05891,2026-09-18,SUB0273,CK052,Dinner,Delivered,99
ORD05892,2026-09-18,SUB0379,CK004,Dinner,Delivered,120
ORD05893,2026-09-18,SUB0164,CK050,Lunch,cook_dropout,129
ORD05894,2026-09-18,SUB0447,CK067,Lunch,Completed,149
ORD05895,2026-09-18,SUB0400,CK036,Dinner,CANCELLED,199
ORD05896,2026-09-18,SUB0407,CK054,Dinner,cancelled,129
ORD05897,2026-09-18,SUB0445,CK036,Lunch,Delivered,199
ORD05898,2026-09-18,SUB0250,CK070,Dinner,Refunded,99
ORD05899,18/09/2026,SUB0398,CK003,Dinner,In Progress,129
ORD05900,2026-09-18,SUB0135,CK052,Dinner,Refunded,159
ORD05901,2026-09-18,SUB0502,CK086,Lunch,Delivered,179
ORD05902,2026-09-18,SUB0076,CK077,Dinner,Delivered,129
ORD05903,2026-09-18,SUB0519,CK090,Lunch,Completed,159
ORD05904,2026-09-18,SUB0288,CK009,Lunch,Delivered,149
ORD05905,2026-09-18,SUB0223,CK040,Lunch,Delivered,159
ORD05906,2026-09-18,SUB0298,CK060,Dinner,delivered,120
ORD05907,2026-09-18,SUB0470,CK075,Dinner,Delivered,99
ORD05908,2026-09-18,SUB0230,CK075,Dinner,delivered,129
ORD05909,18/09/2026,SUB0240,CK010,Dinner,Delivered,179
ORD05910,2026-09-18,SUB0360,CK059,Lunch,DELIVERED,199
ORD05911,2026-09-18,SUB0245,CK060,Dinner,Delivered,199
ORD05912,2026-09-18,SUB0477,CK024,Lunch,in-progress,199
ORD05913,2026-09-18,SUB0432,CK046,Lunch,Delivered,199
ORD05914,2026-09-18,SUB0259,CK020,Lunch,delivered,199
ORD05915,2026-09-18,SUB0532,CK092,Dinner,cook no show,179
ORD05916,2026-09-18,SUB0483,CK013,Lunch,Delivered,99
ORD05917,2026-09-18,SUB0235,CK004,Lunch,Delivered,129
ORD05918,2026-09-18,SUB0101,CK018,Lunch,DELIVERED,179
ORD05919,2026-09-18,SUB0155,CK009,Lunch,DELIVERED,159
ORD05920,2026-09-18,SUB0017,CK011,Lunch,Delivered,120
ORD05921,2026-09-18,SUB0390,CK049,Dinner,Delivered,129
ORD05922,2026-09-18,SUB0176,CK061,Dinner,refunded,129
ORD05923,2026-09-18,SUB0374,CK077,Lunch,pending,120
ORD05924,2026-09-18,SUB0214,CK008,Dinner,Delivered,199
ORD05925,2026-09-18,SUB0418,CK018,Dinner,delivered,120
ORD05926,2026-09-18,SUB0321,CK044,Dinner,cook_dropout,179
ORD05927,2026-09-18,SUB0231,CK011,Dinner,delivered,149
ORD05928,2026-09-18,SUB0395,CK023,Lunch,Delivered,120
ORD05929,2026-09-18,SUB0280,CK079,Lunch,cancelled,120
ORD05930,2026-09-18,SUB0357,CK008,Lunch,Delivered,179
ORD05931,2026-09-18,SUB0331,CK062,Lunch,Pending,149
ORD05932,2026-09-18,SUB0434,CK017,Lunch,DELIVERED,159
ORD05933,2026-09-18,SUB0476,CK010,Lunch,DELIVERED,159
ORD05934,2026-09-18,SUB0207,CK053,Lunch,pending,120
ORD05935,2026-09-18,SUB0480,CK057,Lunch,delivered,129
ORD05936,2026-09-18,SUB0053,CK027,Dinner,CANCELLED,199
ORD05937,2026-09-18,SUB0058,CK047,Lunch,Completed,99
ORD05938,2026-09-18,SUB0217,CK019,Lunch,refunded,120
ORD05939,2026-09-18,SUB0495,CK086,Dinner,DELIVERED,179
ORD05940,2026-09-18,SUB0195,CK002,Dinner,DELIVERED,179
ORD05941,2026-09-18,SUB0049,CK013,Dinner,delivered,129
ORD05942,2026-09-18,SUB0208,CK012,Lunch,delivered,159
ORD05943,2026-09-18,SUB0137,CK051,Dinner,delivered,129
ORD05944,2026-09-18,SUB0373,CK071,Lunch,delivered,129
ORD05945,2026-09-18,SUB0422,CK052,Dinner,DELIVERED,129
ORD05946,2026-09-18,SUB0209,CK045,Dinner,Delivered,120
ORD05947,2026-09-18,SUB0079,CK021,Lunch,pending,129
ORD05948,18/09/2026,SUB0248,CK069,Lunch,delivered,159
ORD05949,2026-09-18,SUB0452,CK035,Dinner,DELIVERED,99
ORD05950,2026-09-18,SUB0193,CK029,Dinner,Completed,99
ORD05951,2026-09-18,SUB0169,CK046,Dinner,in-progress,179
ORD05952,2026-09-18,SUB0227,CK003,Lunch,Delivered,129
ORD05953,2026-09-18,SUB0317,CK055,Lunch,DELIVERED,179
ORD05954,2026-09-18,SUB0016,CK061,Dinner,refunded,149
ORD05955,2026-09-18,SUB0219,CK027,Dinner,Completed,149
ORD05956,2026-09-18,SUB0498,CK086,Dinner,delivered,149
ORD05957,2026-09-18,SUB0367,CK058,Dinner,DELIVERED,99
ORD05958,2026-09-18,SUB0341,CK040,Lunch,DELIVERED,149
ORD05959,2026-09-18,SUB0377,CK041,Dinner,pending,179
ORD05960,2026-09-18,SUB0198,CK058,Dinner,CANCELLED,149
ORD05961,2026-09-18,SUB0218,CK069,Lunch,CANCELLED,179
ORD05962,2026-09-18,SUB0144,CK023,Lunch,DELIVERED,159
ORD05963,2026-09-18,SUB0314,CK008,Lunch,Delivered,179
ORD05964,2026-09-18,SUB0370,CK010,Lunch,delivered,179
ORD05965,2026-09-18,SUB0122,CK023,Dinner,Delivered,129
ORD05966,2026-09-18,SUB0238,CK080,Dinner,cook no show,179
ORD05967,18/09/2026,SUB0515,CK088,Lunch,Delivered,99
ORD05968,2026-09-18,SUB0086,CK036,Dinner,Cancelled,149
ORD05969,2026-09-18,SUB0109,CK038,Dinner,Delivered,99
ORD05970,2026-09-18,SUB0336,CK040,Lunch,Delivered,159
ORD05971,2026-09-18,SUB0258,CK014,Dinner,Delivered,99
ORD05972,2026-09-18,SUB0487,CK051,Dinner,Cancelled,179
ORD05973,2026-09-18,SUB0409,CK071,Lunch,In Progress,149
ORD05974,2026-09-18,SUB0389,CK038,Lunch,In Progress,149
ORD05975,2026-09-18,SUB0391,CK044,Dinner,Delivered,120
ORD05976,2026-09-18,SUB0381,CK018,Lunch,delivered,179
ORD05977,2026-09-18,SUB0402,CK060,Dinner,Delivered,149
ORD05978,2026-09-18,SUB0163,CK029,Lunch,Delivered,129
ORD05979,2026-09-18,SUB0084,CK023,Dinner,Delivered,179
ORD05980,2026-09-18,SUB0035,CK081,Lunch,delivered,179
ORD05981,2026-09-19,SUB0498,CK086,Dinner,Delivered,149
ORD05982,2026-09-19,SUB0031,CK018,Lunch,Refunded,179
ORD05983,2026-09-19,SUB0107,CK047,Lunch,cancelled,120
ORD05984,2026-09-19,SUB0287,CK069,Lunch,delivered,199
ORD05985,2026-09-19,SUB0425,CK048,Lunch,in-progress,149
ORD05986,2026-09-19,SUB0242,CK040,Lunch,Delivered,179
ORD05987,2026-09-19,SUB0226,CK018,Dinner,Delivered,129
ORD05988,2026-09-19,SUB0170,CK032,Lunch,Completed,129
ORD05989,2026-09-19,SUB0376,CK003,Dinner,delivered,179
ORD05990,2026-09-19,SUB0364,CK047,Lunch,Delivered,159
ORD05991,2026-09-19,SUB0490,CK050,Dinner,in-progress,129
ORD05992,2026-09-19,SUB0104,CK018,Lunch,Delivered,149
ORD05993,2026-09-19,SUB0299,CK048,Dinner,delivered,120
ORD05994,2026-09-19,SUB0256,CK041,Lunch,Delivered,159
ORD05995,2026-09-19,SUB0320,CK075,Dinner,Delivered,179
ORD05996,2026-09-19,SUB0149,CK060,Lunch,DELIVERED,120
ORD05997,2026-09-19,SUB0183,CK024,Dinner,delivered,129
ORD05998,2026-09-19,SUB0494,CK014,Dinner,delivered,120
ORD05999,2026-09-19,SUB0255,CK077,Lunch,Delivered,199
ORD06000,2026-09-19,SUB0271,CK004,Dinner,Completed,199
ORD06001,2026-09-19,SUB0128,CK051,Dinner,Delivered,120
ORD06002,2026-09-19,SUB0403,CK013,Lunch,Cancelled,149
ORD06003,2026-09-19,SUB0001,CK035,Lunch,Delivered,159
ORD06004,2026-09-19,SUB0331,CK062,Lunch,DELIVERED,149
ORD06005,2026-09-19,SUB0257,CK069,Lunch,CANCELLED,159
ORD06006,2026-09-19,SUB0088,CK032,Lunch,Cancelled,99
ORD06007,2026-09-19,SUB0025,CK068,Lunch,DELIVERED,129
ORD06008,2026-09-19,SUB0029,CK014,Dinner,Completed,179
ORD06009,2026-09-19,SUB0339,CK079,Lunch,refunded,179
ORD06010,19/09/2026,SUB0055,CK072,Dinner,DELIVERED,179
ORD06011,2026-09-19,SUB0319,CK047,Lunch,Delivered,179
ORD06012,2026-09-19,SUB0372,CK056,Dinner,Refunded,99
ORD06013,2026-09-19,SUB0469,CK070,Dinner,Delivered,149
ORD06014,2026-09-19,SUB0440,CK015,Dinner,Delivered,159
ORD06015,2026-09-19,SUB0389,CK038,Lunch,Cancelled,179
ORD06016,2026-09-19,SUB0232,CK045,Dinner,Delivered,149
ORD06017,2026-09-19,SUB0526,CK091,Dinner,Delivered,159
ORD06018,2026-09-19,SUB0199,CK075,Lunch,delivered,199
ORD06019,2026-09-19,SUB0358,CK012,Dinner,Delivered,129
ORD06020,2026-09-19,SUB0144,CK023,Lunch,Delivered,129
ORD06021,2026-09-19,SUB0392,CK070,Lunch,Delivered,179
ORD06022,2026-09-19,SUB0068,CK001,Lunch,Delivered,120
ORD06023,2026-09-19,SUB0501,CK086,Lunch,Refunded,120
ORD06024,19/09/2026,SUB0036,CK032,Dinner,Pending,99
ORD06025,2026-09-19,SUB0419,CK079,Dinner,delivered,159
ORD06026,2026-09-19,SUB0437,CK038,Dinner,Delivered,159
ORD06027,2026-09-19,SUB0168,CK032,Dinner,Cancelled,159
ORD06028,2026-09-19,SUB0118,CK002,Dinner,DELIVERED,159
ORD06029,2026-09-19,SUB0185,CK074,Lunch,Delivered,120
ORD06030,2026-09-19,SUB0143,CK048,Lunch,Refunded,179
ORD06031,2026-09-19,SUB0427,CK058,Lunch,Delivered,129
ORD06032,2026-09-19,SUB0228,CK075,Dinner,Delivered,179
ORD06033,2026-09-19,SUB0336,CK040,Dinner,delivered,99
ORD06034,2026-09-19,SUB0176,CK061,Lunch,Completed,120
ORD06035,2026-09-19,SUB0008,CK083,Dinner,Delivered,149
ORD06036,2026-09-19,SUB0267,CK071,Lunch,DELIVERED,149
ORD06037,2026-09-19,SUB0134,CK057,Lunch,Delivered,199
ORD06038,2026-09-19,SUB0225,CK051,Dinner,Completed,129
ORD06039,2026-09-19,SUB0426,CK055,Dinner,Refunded,199
ORD06040,2026-09-19,SUB0140,CK013,Dinner,Delivered,159
ORD06041,2026-09-19,SUB0195,CK002,Dinner,in-progress,159
ORD06042,2026-09-19,SUB0121,CK026,Dinner,Completed,149
ORD06043,2026-09-19,SUB0207,CK053,Lunch,DELIVERED,199
ORD06044,2026-09-19,SUB0492,CK013,Dinner,Delivered,129
ORD06045,2026-09-19,SUB0390,CK049,Dinner,Delivered,99
ORD06046,2026-09-19,SUB0511,CK087,Lunch,delivered,159
ORD06047,2026-09-19,SUB0264,CK015,Lunch,Completed,159
ORD06048,2026-09-19,SUB0460,CK053,Lunch,Delivered,120
ORD06049,2026-09-19,SUB0522,CK090,Dinner,pending,199
ORD06050,2026-09-19,SUB0114,CK046,Lunch,pending,199
ORD06051,2026-09-19,SUB0476,CK010,Lunch,Delivered,99
ORD06052,2026-09-19,SUB0156,CK056,Dinner,Completed,120
ORD06053,2026-09-19,SUB0292,CK047,Dinner,Cancelled,179
ORD06054,2026-09-19,SUB0303,CK057,Dinner,pending,129
ORD06055,2026-09-19,SUB0411,CK062,Dinner,Delivered,120
ORD06056,2026-09-19,SUB0103,CK017,Dinner,DELIVERED,199
ORD06057,2026-09-19,SUB0227,CK003,Dinner,cancelled,159
ORD06058,2026-09-19,SUB0250,CK070,Dinner,pending,159
ORD06059,2026-09-19,SUB0397,CK064,Dinner,Delivered,99
ORD06060,2026-09-19,SUB0203,CK002,Lunch,delivered,159
ORD06061,2026-09-19,SUB0317,CK055,Lunch,Delivered,159
ORD06062,2026-09-19,SUB0386,CK067,Dinner,delivered,159
ORD06063,2026-09-19,SUB0496,CK086,Dinner,delivered,159
ORD06064,2026-09-19,SUB0297,CK019,Lunch,Delivered,99
ORD06065,2026-09-19,SUB0201,CK062,Dinner,Delivered,149
ORD06066,2026-09-19,SUB0373,CK071,Lunch,delivered,159
ORD06067,2026-09-19,SUB0307,CK026,Lunch,delivered,120
ORD06068,2026-09-19,SUB0099,CK070,Dinner,Delivered,149
ORD06069,2026-09-19,SUB0252,CK025,Dinner,Cancelled,159
ORD06070,2026-09-19,SUB0283,CK020,Dinner,Delivered,99
ORD06071,2026-09-19,SUB0445,CK036,Dinner,Completed,149
ORD06072,2026-09-19,SUB0086,CK036,Dinner,Delivered,120
ORD06073,2026-09-19,SUB0446,CK032,Lunch,Delivered,120
ORD06074,2026-09-19,SUB0510,CK087,Dinner,Delivered,149
ORD06075,2026-09-19,SUB0247,CK006,Dinner,Delivered,159
ORD06076,2026-09-19,SUB0152,CK023,Dinner,Delivered,199
ORD06077,2026-09-19,SUB0474,CK081,Lunch,CANCELLED,129
ORD06078,2026-09-19,SUB0473,CK050,Dinner,CANCELLED,99
ORD06079,2026-09-19,SUB0527,CK091,Lunch,in-progress,179
ORD06080,2026-09-19,SUB0020,CK061,Lunch,cancelled,120
ORD06081,2026-09-19,SUB0281,CK061,Dinner,DELIVERED,99
ORD06082,2026-09-19,SUB0410,CK074,Lunch,refunded,99
ORD06083,2026-09-19,SUB0138,CK057,Dinner,pending,199
ORD06084,2026-09-19,SUB0387,CK071,Lunch,Delivered,120
ORD06085,2026-09-19,SUB0495,CK086,Dinner,delivered,149
ORD06086,2026-09-19,SUB0005,CK063,Lunch,DELIVERED,199
ORD06087,2026-09-19,SUB0030,CK033,Dinner,delivered,129
ORD06088,2026-09-19,SUB0116,CK084,Lunch,DELIVERED,179
ORD06089,2026-09-19,SUB0398,CK003,Lunch,delivered,99
ORD06090,2026-09-19,SUB0516,CK088,Lunch,pending,129
ORD06091,2026-09-19,SUB0145,CK081,Lunch,Delivered,120
ORD06092,2026-09-19,SUB0434,CK017,Lunch,pending,179
ORD06093,2026-09-19,SUB0129,CK057,Lunch,Completed,199
ORD06094,2026-09-19,SUB0139,CK023,Dinner,Pending,129
ORD06095,2026-09-19,SUB0071,CK023,Lunch,Completed,159
ORD06096,2026-09-19,SUB0381,CK018,Dinner,Delivered,149
ORD06097,2026-09-19,SUB0112,CK046,Dinner,delivered,199
ORD06098,2026-09-19,SUB0148,CK003,Dinner,delivered,199
ORD06099,2026-09-19,SUB0234,CK049,Lunch,Delivered,129
ORD06100,2026-09-19,SUB0163,CK029,Lunch,delivered,149
ORD06101,2026-09-19,SUB0294,CK081,Lunch,Delivered,149
ORD06102,2026-09-19,SUB0367,CK058,Dinner,Delivered,129
ORD06103,2026-09-19,SUB0065,CK014,Lunch,Delivered,149
ORD06104,2026-09-19,SUB0323,CK084,Lunch,Completed,199
ORD06105,2026-09-19,SUB0312,CK082,Dinner,Delivered,129
ORD06106,2026-09-19,SUB0079,CK021,Lunch,Completed,159
ORD06107,2026-09-19,SUB0383,CK048,Dinner,delivered,149
ORD06108,2026-09-19,SUB0504,CK087,Dinner,delivered,159
ORD06109,2026-09-19,SUB0354,CK057,Dinner,Completed,99
ORD06110,2026-09-19,SUB0096,CK077,Dinner,DELIVERED,179
ORD06111,2026-09-19,SUB0286,CK046,Dinner,CANCELLED,129
ORD06112,2026-09-19,SUB0181,CK018,Dinner,pending,129
ORD06113,2026-09-19,SUB0328,CK040,Dinner,Delivered,129
ORD06114,2026-09-19,SUB0359,CK012,Dinner,Cancelled,120
ORD06115,2026-09-19,SUB0525,CK091,Dinner,Delivered,120
ORD06116,19/09/2026,SUB0348,CK081,Dinner,delivered,99
ORD06117,2026-09-19,SUB0124,CK049,Dinner,Delivered,120
ORD06118,2026-09-19,SUB0054,CK069,Dinner,Delivered,120
ORD06119,2026-09-19,SUB0276,CK049,Dinner,delivered,199
ORD06120,2026-09-19,SUB0230,CK075,Dinner,cancelled,179
ORD06121,2026-09-19,SUB0415,CK021,Dinner,cancelled,129
ORD06122,2026-09-19,SUB0321,CK044,Dinner,delivered,199
ORD06123,2026-09-19,SUB0340,CK011,Dinner,Delivered,179
ORD06124,2026-09-19,SUB0349,CK028,Lunch,DELIVERED,199
ORD06125,2026-09-19,SUB0131,CK064,Dinner,Delivered,99
ORD06126,2026-09-19,SUB0034,CK023,Lunch,Delivered,120
ORD06127,2026-09-19,SUB0101,CK018,Lunch,DELIVERED,159
ORD06128,2026-09-19,SUB0208,CK012,Lunch,cancelled,149
ORD06129,2026-09-19,SUB0458,CK045,Dinner,delivered,179
ORD06130,2026-09-19,SUB0454,CK003,Dinner,Delivered,129
ORD06131,2026-09-19,SUB0409,CK071,Lunch,Delivered,159
ORD06132,2026-09-19,SUB0175,CK071,Lunch,Delivered,129
ORD06133,19/09/2026,SUB0369,CK070,Dinner,in-progress,149
ORD06134,2026-09-19,SUB0313,CK081,Lunch,Cook No-Show,149
ORD06135,2026-09-19,SUB0135,CK052,Dinner,delivered,179
ORD06136,2026-09-19,SUB0058,CK047,Lunch,CANCELLED,179
ORD06137,2026-09-19,SUB0070,CK001,Lunch,Delivered,199
ORD06138,19/09/2026,SUB0324,CK032,Lunch,Delivered,99
ORD06139,2026-09-19,SUB0517,CK090,Lunch,in-progress,159
ORD06140,2026-09-19,SUB0366,CK004,Lunch,In Progress,159
ORD06141,2026-09-19,SUB0158,CK027,Lunch,pending,129
ORD06142,2026-09-19,SUB0266,CK044,Dinner,Delivered,179
ORD06143,2026-09-19,SUB0273,CK052,Dinner,Delivered,99
ORD06144,2026-09-19,SUB0133,CK061,Dinner,Delivered,179
ORD06145,2026-09-19,SUB0075,CK010,Dinner,DELIVERED,199
ORD06146,2026-09-19,SUB0003,CK053,Lunch,delivered,199
ORD06147,2026-09-19,SUB0393,CK076,Lunch,in-progress,120
ORD06148,19/09/2026,SUB0173,CK032,Lunch,Delivered,149
ORD06149,2026-09-19,SUB0021,CK054,Dinner,delivered,129
ORD06150,2026-09-19,SUB0012,CK056,Dinner,delivered,179
ORD06151,2026-09-19,SUB0074,CK077,Dinner,DELIVERED,99
ORD06152,2026-09-19,SUB0466,CK058,Dinner,Completed,179
ORD06153,2026-09-19,SUB0316,CK014,Dinner,DELIVERED,149
ORD06154,19/09/2026,SUB0361,CK047,Lunch,delivered,120
ORD06155,2026-09-19,SUB0330,CK004,Dinner,delivered,149
ORD06156,2026-09-19,SUB0073,CK074,Lunch,CANCELLED,129
ORD06157,2026-09-19,SUB0519,CK090,Lunch,Completed,179
ORD06158,2026-09-19,SUB0171,CK077,Lunch,Completed,99
ORD06159,2026-09-19,SUB0483,CK013,Lunch,Pending,129
ORD06160,2026-09-19,SUB0280,CK079,Dinner,delivered,129
ORD06161,2026-09-19,SUB0083,CK003,Lunch,Delivered,129
ORD06162,2026-09-19,SUB0261,CK083,Lunch,Pending,129
ORD06163,2026-09-19,SUB0160,CK032,Lunch,Pending,99
ORD06164,2026-09-19,SUB0051,CK032,Dinner,cancelled,179
ORD06165,2026-09-19,SUB0102,CK084,Dinner,delivered,129
ORD06166,2026-09-19,SUB0380,CK071,Dinner,DELIVERED,199
ORD06167,2026-09-19,SUB0416,CK050,Dinner,pending,149
ORD06168,2026-09-19,SUB0240,CK010,Dinner,Delivered,179
ORD06169,2026-09-19,SUB0019,CK060,Lunch,delivered,149
ORD06170,2026-09-19,SUB0365,CK070,Dinner,cook_dropout,99
ORD06171,19/09/2026,SUB0382,CK075,Dinner,delivered,129
ORD06172,2026-09-19,SUB0119,CK079,Lunch,Delivered,159
ORD06173,2026-09-19,SUB0236,CK076,Dinner,delivered,149
ORD06174,2026-09-19,SUB0443,CK021,Dinner,Completed,159
ORD06175,2026-09-19,SUB0278,CK079,Dinner,Delivered,199
ORD06176,2026-09-19,SUB0038,CK005,Lunch,delivered,129
ORD06177,2026-09-19,SUB0246,CK023,Dinner,delivered,99
ORD06178,2026-09-19,SUB0211,CK012,Dinner,refunded,120
ORD06179,2026-09-19,SUB0251,CK004,Dinner,Delivered,149
ORD06180,2026-09-19,SUB0465,CK067,Lunch,pending,120
ORD06181,2026-09-19,SUB0177,CK047,Lunch,delivered,99
ORD06182,2026-09-19,SUB0219,CK027,Dinner,Pending,99
ORD06183,2026-09-19,SUB0468,CK002,Dinner,Delivered,199
ORD06184,2026-09-19,SUB0141,CK079,Lunch,Delivered,179
ORD06185,2026-09-19,SUB0405,CK006,Lunch,delivered,149
ORD06186,2026-09-19,SUB0400,CK036,Dinner,Delivered,199
ORD06187,2026-09-19,SUB0296,CK047,Lunch,Completed,159
ORD06188,19/09/2026,SUB0062,CK037,Lunch,Cook No-Show,99
ORD06189,2026-09-19,SUB0326,CK058,Dinner,pending,129
ORD06190,2026-09-19,SUB0406,CK004,Lunch,Delivered,199
ORD06191,2026-09-19,SUB0518,CK090,Lunch,delivered,149
ORD06192,2026-09-19,SUB0497,CK086,Dinner,DELIVERED,99
ORD06193,2026-09-19,SUB0032,CK003,Dinner,Delivered,159
ORD06194,2026-09-19,SUB0194,CK032,Lunch,cancelled,179
ORD06195,2026-09-19,SUB0441,CK054,Dinner,DELIVERED,129
ORD06196,2026-09-19,SUB0210,CK046,Lunch,Delivered,179
ORD06197,2026-09-19,SUB0155,CK009,Lunch,Delivered,120
ORD06198,2026-09-19,SUB0402,CK060,Dinner,Delivered,129
ORD06199,19/09/2026,SUB0274,CK046,Dinner,Cancelled,120
ORD06200,2026-09-19,SUB0377,CK041,Dinner,delivered,120
ORD06201,19/09/2026,SUB0462,CK044,Dinner,in-progress,120
ORD06202,2026-09-19,SUB0302,CK043,Lunch,In Progress,159
ORD06203,2026-09-19,SUB0007,CK051,Dinner,DELIVERED,120
ORD06204,2026-09-19,SUB0290,CK047,Lunch,delivered,159
ORD06205,2026-09-19,SUB0022,CK044,Dinner,Delivered,99
ORD06206,2026-09-19,SUB0337,CK053,Lunch,Delivered,149
ORD06207,2026-09-19,SUB0301,CK084,Dinner,Completed,179
ORD06208,2026-09-19,SUB0422,CK052,Dinner,DELIVERED,179
ORD06209,2026-09-19,SUB0485,CK058,Dinner,delivered,99
ORD06210,2026-09-19,SUB0049,CK013,Dinner,Delivered,199
ORD06211,2026-09-20,SUB0361,CK047,Dinner,Completed,199
ORD06212,2026-09-20,SUB0238,CK080,Dinner,DELIVERED,149
ORD06213,2026-09-20,SUB0406,CK004,Lunch,Delivered,149
ORD06214,2026-09-20,SUB0239,CK065,Dinner,Delivered,179
ORD06215,2026-09-20,SUB0387,CK071,Lunch,Delivered,99
ORD06216,2026-09-20,SUB0445,CK036,Dinner,Delivered,149
ORD06217,2026-09-20,SUB0165,CK074,Lunch,Completed,129
ORD06218,2026-09-20,SUB0217,CK019,Lunch,Delivered,149
ORD06219,2026-09-20,SUB0313,CK081,Lunch,delivered,159
ORD06220,2026-09-20,SUB0436,CK067,Lunch,delivered,199
ORD06221,2026-09-20,SUB0137,CK051,Dinner,delivered,149
ORD06222,2026-09-20,SUB0095,CK037,Dinner,DELIVERED,179
ORD06223,2026-09-20,SUB0452,CK035,Dinner,Delivered,179
ORD06224,2026-09-20,SUB0279,CK006,Dinner,Refunded,99
ORD06225,2026-09-20,SUB0504,CK087,Dinner,delivered,120
ORD06226,2026-09-20,SUB0281,CK061,Dinner,DELIVERED,120
ORD06227,2026-09-20,SUB0286,CK046,Dinner,delivered,149
ORD06228,2026-09-20,SUB0469,CK070,Dinner,Refunded,120
ORD06229,2026-09-20,SUB0174,CK058,Dinner,delivered,120
ORD06230,2026-09-20,SUB0100,CK012,Lunch,In Progress,129
ORD06231,2026-09-20,SUB0147,CK069,Lunch,DELIVERED,120
ORD06232,2026-09-20,SUB0527,CK091,Lunch,cancelled,159
ORD06233,2026-09-20,SUB0386,CK067,Dinner,delivered,99
ORD06234,2026-09-20,SUB0248,CK069,Lunch,Pending,149
ORD06235,2026-09-20,SUB0500,CK086,Dinner,CANCELLED,159
ORD06236,2026-09-20,SUB0021,CK054,Dinner,DELIVERED,120
ORD06237,2026-09-20,SUB0074,CK077,Dinner,pending,159
ORD06238,2026-09-20,SUB0483,CK013,Lunch,DELIVERED,159
ORD06239,2026-09-20,SUB0326,CK058,Dinner,Refunded,159
ORD06240,2026-09-20,SUB0371,CK020,Dinner,Delivered,159
ORD06241,2026-09-20,SUB0036,CK032,Dinner,in-progress,159
ORD06242,2026-09-20,SUB0204,CK084,Dinner,in-progress,120
ORD06243,2026-09-20,SUB0385,CK012,Lunch,In Progress,120
ORD06244,2026-09-20,SUB0160,CK032,Dinner,Cancelled,129
ORD06245,2026-09-20,SUB0515,CK088,Lunch,Completed,149
ORD06246,2026-09-20,SUB0262,CK042,Lunch,Delivered,199
ORD06247,2026-09-20,SUB0211,CK012,Lunch,cancelled,149
ORD06248,2026-09-20,SUB0055,CK072,Dinner,Completed,120
ORD06249,2026-09-20,SUB0268,CK068,Dinner,Completed,159
ORD06250,2026-09-20,SUB0152,CK023,Dinner,Delivered,199
ORD06251,2026-09-20,SUB0145,CK081,Lunch,Delivered,120
ORD06252,2026-09-20,SUB0006,CK032,Dinner,delivered,99
ORD06253,2026-09-20,SUB0045,CK060,Dinner,DELIVERED,149
ORD06254,2026-09-20,SUB0117,CK014,Lunch,delivered,179
ORD06255,2026-09-20,SUB0196,CK079,Dinner,DELIVERED,159
ORD06256,2026-09-20,SUB0114,CK046,Lunch,Completed,149
ORD06257,2026-09-20,SUB0194,CK032,Dinner,Completed,129
ORD06258,2026-09-20,SUB0236,CK076,Dinner,Delivered,99
ORD06259,2026-09-20,SUB0073,CK074,Lunch,Delivered,120
ORD06260,2026-09-20,SUB0109,CK038,Dinner,refunded,159
ORD06261,2026-09-20,SUB0038,CK005,Lunch,Pending,179
ORD06262,20/09/2026,SUB0496,CK086,Dinner,Delivered,129
ORD06263,2026-09-20,SUB0465,CK067,Lunch,delivered,120
ORD06264,2026-09-20,SUB0481,CK045,Dinner,Delivered,129
ORD06265,2026-09-20,SUB0426,CK055,Dinner,delivered,120
ORD06266,2026-09-20,SUB0010,CK014,Dinner,delivered,159
ORD06267,2026-09-20,SUB0301,CK084,Lunch,delivered,149
ORD06268,2026-09-20,SUB0067,CK074,Dinner,Delivered,179
ORD06269,2026-09-20,SUB0169,CK046,Dinner,No Show,120
ORD06270,2026-09-20,SUB0396,CK046,Dinner,Delivered,159
ORD06271,2026-09-20,SUB0516,CK088,Lunch,delivered,129
ORD06272,2026-09-20,SUB0488,CK018,Lunch,Completed,179
ORD06273,2026-09-20,SUB0083,CK003,Lunch,Delivered,149
ORD06274,20/09/2026,SUB0491,CK044,Dinner,DELIVERED,179
ORD06275,2026-09-20,SUB0110,CK079,Dinner,Delivered,99
ORD06276,2026-09-20,SUB0249,CK001,Dinner,CANCELLED,149
ORD06277,2026-09-20,SUB0477,CK024,Dinner,Completed,129
ORD06278,2026-09-20,SUB0401,CK002,Dinner,Delivered,120
ORD06279,2026-09-20,SUB0468,CK002,Dinner,delivered,179
ORD06280,2026-09-20,SUB0118,CK002,Dinner,Refunded,99
ORD06281,2026-09-20,SUB0046,CK050,Dinner,DELIVERED,99
ORD06282,2026-09-20,SUB0135,CK052,Dinner,Completed,199
ORD06283,2026-09-20,SUB0438,CK069,Dinner,Refunded,199
ORD06284,2026-09-20,SUB0506,CK087,Dinner,DELIVERED,179
ORD06285,2026-09-20,SUB0462,CK044,Dinner,Delivered,199
ORD06286,2026-09-20,SUB0336,CK040,Lunch,CANCELLED,179
ORD06287,2026-09-20,SUB0499,CK086,Lunch,Delivered,159
ORD06288,2026-09-20,SUB0282,CK060,Lunch,CANCELLED,149
ORD06289,2026-09-20,SUB0087,CK051,Lunch,Delivered,120
ORD06290,2026-09-20,SUB0237,CK047,Lunch,refunded,199
ORD06291,2026-09-20,SUB0176,CK061,Lunch,DELIVERED,179
ORD06292,2026-09-20,SUB0490,CK050,Dinner,Delivered,129
ORD06293,2026-09-20,SUB0163,CK029,Lunch,DELIVERED,120
ORD06294,2026-09-20,SUB0261,CK083,Lunch,cancelled,99
ORD06295,2026-09-20,SUB0414,CK008,Dinner,In Progress,149
ORD06296,2026-09-20,SUB0383,CK048,Dinner,Completed,159
ORD06297,2026-09-20,SUB0107,CK047,Lunch,Pending,99
ORD06298,2026-09-20,SUB0139,CK023,Dinner,Completed,149
ORD06299,2026-09-20,SUB0422,CK052,Dinner,refunded,179
ORD06300,2026-09-20,SUB0173,CK032,Lunch,delivered,120
ORD06301,2026-09-20,SUB0456,CK053,Lunch,refunded,149
ORD06302,2026-09-20,SUB0509,CK087,Lunch,Delivered,120
ORD06303,2026-09-20,SUB0223,CK040,Lunch,Delivered,129
ORD06304,2026-09-20,SUB0416,CK050,Dinner,Delivered,120
ORD06305,2026-09-20,SUB0246,CK023,Dinner,Cook No-Show,159
ORD06306,2026-09-20,SUB0274,CK046,Dinner,DELIVERED,120
ORD06307,2026-09-20,SUB0429,CK047,Dinner,delivered,129
ORD06308,2026-09-20,SUB0476,CK010,Lunch,Delivered,149
ORD06309,2026-09-20,SUB0290,CK047,Lunch,Delivered,199
ORD06310,2026-09-20,SUB0463,CK060,Lunch,In Progress,149
ORD06311,2026-09-20,SUB0140,CK013,Dinner,Delivered,129
ORD06312,2026-09-20,SUB0363,CK070,Dinner,pending,120
ORD06313,2026-09-20,SUB0065,CK014,Lunch,Delivered,120
ORD06314,2026-09-20,SUB0379,CK004,Dinner,Delivered,129
ORD06315,2026-09-20,SUB0377,CK041,Lunch,Completed,159
ORD06316,2026-09-20,SUB0220,CK064,Lunch,Delivered,159
ORD06317,2026-09-20,SUB0526,CK091,Dinner,DELIVERED,159
ORD06318,2026-09-20,SUB0208,CK012,Dinner,Delivered,159
ORD06319,2026-09-20,SUB0512,CK087,Lunch,Delivered,159
ORD06320,2026-09-20,SUB0428,CK048,Lunch,Cancelled,179
ORD06321,2026-09-20,SUB0409,CK071,Lunch,delivered,149
ORD06322,20/09/2026,SUB0112,CK046,Lunch,delivered,99
ORD06323,2026-09-20,SUB0102,CK084,Dinner,in-progress,199
ORD06324,2026-09-20,SUB0514,CK088,Lunch,Delivered,99
ORD06325,2026-09-20,SUB0474,CK081,Lunch,Completed,149
ORD06326,2026-09-20,SUB0315,CK036,Dinner,DELIVERED,99
ORD06327,2026-09-20,SUB0069,CK027,Dinner,in-progress,120
ORD06328,2026-09-20,SUB0125,CK067,Lunch,Delivered,99
ORD06329,2026-09-20,SUB0116,CK084,Lunch,Delivered,99
ORD06330,2026-09-20,SUB0064,CK024,Lunch,delivered,159
ORD06331,2026-09-20,SUB0266,CK044,Lunch,cancelled,199
ORD06332,2026-09-20,SUB0024,CK003,Dinner,Delivered,129
ORD06333,2026-09-20,SUB0439,CK077,Dinner,Refunded,129
ORD06334,2026-09-20,SUB0397,CK064,Dinner,Delivered,129
ORD06335,2026-09-20,SUB0259,CK020,Lunch,Delivered,149
ORD06336,2026-09-20,SUB0413,CK062,Dinner,Delivered,149
ORD06337,2026-09-20,SUB0214,CK008,Dinner,Completed,159
ORD06338,2026-09-20,SUB0459,CK049,Lunch,Refunded,99
ORD06339,2026-09-20,SUB0062,CK037,Dinner,Delivered,129
ORD06340,2026-09-20,SUB0334,CK077,Lunch,refunded,99
ORD06341,2026-09-20,SUB0303,CK057,Dinner,DELIVERED,99
ORD06342,2026-09-20,SUB0393,CK076,Lunch,CANCELLED,129
ORD06343,2026-09-20,SUB0421,CK079,Lunch,delivered,149
ORD06344,2026-09-20,SUB0431,CK017,Dinner,delivered,179
ORD06345,2026-09-20,SUB0090,CK050,Lunch,DELIVERED,179
ORD06346,2026-09-20,SUB0357,CK008,Lunch,Pending,159
ORD06347,2026-09-20,SUB0193,CK029,Dinner,Delivered,199
ORD06348,2026-09-20,SUB0314,CK008,Lunch,Delivered,99
ORD06349,2026-09-20,SUB0005,CK063,Dinner,delivered,199
ORD06350,2026-09-20,SUB0121,CK026,Dinner,Completed,179
ORD06351,2026-09-20,SUB0296,CK047,Lunch,Completed,129
ORD06352,2026-09-20,SUB0144,CK023,Lunch,DELIVERED,159
ORD06353,2026-09-20,SUB0382,CK075,Dinner,delivered,99
ORD06354,2026-09-20,SUB0367,CK058,Dinner,Delivered,179
ORD06355,2026-09-20,SUB0228,CK075,Dinner,Delivered,199
ORD06356,2026-09-20,SUB0051,CK032,Dinner,delivered,199
ORD06357,2026-09-20,SUB0017,CK011,Lunch,delivered,179
ORD06358,2026-09-20,SUB0123,CK002,Lunch,Delivered,129
ORD06359,2026-09-20,SUB0257,CK069,Lunch,DELIVERED,120
ORD06360,2026-09-20,SUB0365,CK070,Dinner,Delivered,159
ORD06361,2026-09-20,SUB0364,CK047,Lunch,Delivered,179
ORD06362,2026-09-20,SUB0507,CK087,Dinner,in-progress,99
ORD06363,2026-09-20,SUB0441,CK054,Dinner,Delivered,159
ORD06364,2026-09-20,SUB0362,CK069,Dinner,Completed,149
ORD06365,2026-09-20,SUB0231,CK011,Dinner,Delivered,179
ORD06366,2026-09-20,SUB0457,CK036,Dinner,in-progress,179
ORD06367,2026-09-20,SUB0219,CK027,Dinner,Completed,159
ORD06368,2026-09-20,SUB0437,CK038,Dinner,Delivered,159
ORD06369,2026-09-20,SUB0124,CK049,Dinner,Completed,120
ORD06370,2026-09-20,SUB0203,CK002,Lunch,Delivered,199
ORD06371,2026-09-20,SUB0146,CK044,Dinner,Delivered,159
ORD06372,2026-09-20,SUB0159,CK061,Lunch,delivered,179
ORD06373,2026-09-20,SUB0312,CK082,Lunch,cancelled,179
ORD06374,2026-09-20,SUB0230,CK075,Dinner,Delivered,120
ORD06375,2026-09-20,SUB0273,CK052,Dinner,Delivered,129
ORD06376,2026-09-20,SUB0337,CK053,Lunch,In Progress,120
ORD06377,2026-09-20,SUB0272,CK078,Lunch,Pending,120
ORD06378,2026-09-20,SUB0308,CK020,Dinner,Delivered,159
ORD06379,2026-09-20,SUB0037,CK031,Dinner,delivered,120
ORD06380,2026-09-20,SUB0224,CK058,Dinner,Delivered,199
ORD06381,2026-09-20,SUB0108,CK068,Dinner,Pending,99
ORD06382,2026-09-20,SUB0359,CK012,Dinner,Completed,179
ORD06383,2026-09-20,SUB0212,CK078,Dinner,Delivered,99
ORD06384,2026-09-20,SUB0332,CK076,Dinner,Delivered,120
ORD06385,2026-09-20,SUB0070,CK001,Lunch,Delivered,149
ORD06386,2026-09-20,SUB0080,CK075,Dinner,Delivered,159
ORD06387,2026-09-20,SUB0328,CK040,Dinner,Delivered,129
ORD06388,2026-09-20,SUB0084,CK023,Dinner,Delivered,159
ORD06389,2026-09-20,SUB0276,CK049,Dinner,Delivered,199
ORD06390,2026-09-20,SUB0407,CK054,Dinner,Completed,99
ORD06391,2026-09-20,SUB0449,CK052,Lunch,in-progress,149
ORD06392,20/09/2026,SUB0494,CK014,Dinner,delivered,179
ORD06393,2026-09-20,SUB0333,CK075,Dinner,Pending,120
ORD06394,2026-09-20,SUB0031,CK018,Lunch,cancelled,179
ORD06395,2026-09-20,SUB0104,CK018,Lunch,Pending,129
ORD06396,2026-09-20,SUB0126,CK083,Lunch,cancelled,129
ORD06397,2026-09-20,SUB0482,CK068,Dinner,DELIVERED,120
ORD06398,2026-09-20,SUB0206,CK065,Dinner,pending,120
ORD06399,2026-09-20,SUB0472,CK043,Dinner,Completed,120
ORD06400,2026-09-20,SUB0007,CK051,Dinner,Delivered,129
ORD06401,2026-09-20,SUB0341,CK040,Lunch,Delivered,120
ORD06402,2026-09-20,SUB0425,CK048,Lunch,Delivered,129
ORD06403,2026-09-20,SUB0018,CK032,Dinner,Delivered,199
ORD06404,2026-09-20,SUB0464,CK071,Lunch,delivered,129
ORD06405,2026-09-20,SUB0149,CK060,Lunch,Delivered,179
ORD06406,2026-09-20,SUB0480,CK057,Lunch,Delivered,129
ORD06407,2026-09-20,SUB0325,CK023,Lunch,Delivered,99
ORD06408,2026-09-20,SUB0244,CK045,Dinner,Delivered,199
ORD06409,2026-09-20,SUB0256,CK041,Lunch,Delivered,99
ORD06410,2026-09-20,SUB0035,CK081,Lunch,cancelled,159
ORD06411,2026-09-20,SUB0450,CK079,Dinner,Completed,149
ORD06412,2026-09-20,SUB0254,CK003,Dinner,Pending,199
ORD06413,2026-09-20,SUB0510,CK087,Dinner,DELIVERED,99
ORD06414,2026-09-20,SUB0192,CK075,Lunch,Delivered,199
ORD06415,2026-09-20,SUB0442,CK019,Lunch,Delivered,179
ORD06416,2026-09-20,SUB0486,CK010,Lunch,Delivered,179
ORD06417,2026-09-20,SUB0076,CK077,Dinner,Delivered,129
ORD06418,2026-09-20,SUB0158,CK027,Lunch,Delivered,99
ORD06419,2026-09-20,SUB0269,CK052,Lunch,Completed,149
ORD06420,2026-09-20,SUB0240,CK010,Dinner,Delivered,149
ORD06421,2026-09-20,SUB0008,CK083,Dinner,Cancelled,120
ORD06422,2026-09-20,SUB0460,CK053,Lunch,Delivered,99
ORD06423,2026-09-20,SUB0233,CK021,Dinner,Cancelled - Cook Unavailable,129
ORD06424,2026-09-20,SUB0484,CK084,Dinner,refunded,199
ORD06425,2026-09-20,SUB0271,CK004,Dinner,cook_dropout,179
ORD06426,2026-09-20,SUB0520,CK090,Lunch,Completed,179
ORD06427,2026-09-20,SUB0091,CK060,Lunch,DELIVERED,149
ORD06428,2026-09-20,SUB0207,CK053,Lunch,pending,149
ORD06429,2026-09-20,SUB0181,CK018,Lunch,delivered,129
ORD06430,2026-09-20,SUB0094,CK083,Dinner,in-progress,149
ORD06431,2026-09-20,SUB0321,CK044,Dinner,delivered,179
ORD06432,2026-09-20,SUB0505,CK087,Lunch,Delivered,120
ORD06433,2026-09-20,SUB0258,CK014,Lunch,In Progress,99
ORD06434,2026-09-20,SUB0033,CK020,Lunch,Delivered,129
ORD06435,2026-09-20,SUB0395,CK023,Lunch,Delivered,199
ORD06436,2026-09-20,SUB0372,CK056,Lunch,delivered,159
ORD06437,2026-09-20,SUB0227,CK003,Lunch,Completed,199
ORD06438,2026-09-20,SUB0088,CK032,Lunch,DELIVERED,179
ORD06439,2026-09-20,SUB0142,CK014,Dinner,delivered,179
ORD06440,2026-09-20,SUB0119,CK079,Lunch,DELIVERED,159
ORD06441,2026-09-21,SUB0219,CK027,Dinner,delivered,120
ORD06442,2026-09-21,SUB0170,CK032,Dinner,Refunded,99
ORD06443,2026-09-21,SUB0143,CK048,Lunch,Delivered,99
ORD06444,2026-09-21,SUB0334,CK077,Lunch,Delivered,129
ORD06445,2026-09-21,SUB0192,CK075,Lunch,Delivered,179
ORD06446,21/09/2026,SUB0261,CK083,Lunch,pending,149
ORD06447,2026-09-21,SUB0418,CK018,Dinner,DELIVERED,199
ORD06448,2026-09-21,SUB0455,CK014,Dinner,in-progress,120
ORD06449,2026-09-21,SUB0425,CK048,Lunch,DELIVERED,159
ORD06450,2026-09-21,SUB0064,CK024,Dinner,Completed,159
ORD06451,2026-09-21,SUB0341,CK040,Lunch,Delivered,179
ORD06452,2026-09-21,SUB0183,CK024,Lunch,refunded,149
ORD06453,2026-09-21,SUB0298,CK060,Dinner,in-progress,129
ORD06454,2026-09-21,SUB0325,CK023,Lunch,Pending,199
ORD06455,2026-09-21,SUB0156,CK056,Dinner,Delivered,159
ORD06456,2026-09-21,SUB0338,CK050,Lunch,delivered,179
ORD06457,2026-09-21,SUB0159,CK061,Dinner,Completed,129
ORD06458,2026-09-21,SUB0020,CK061,Lunch,cancelled,99
ORD06459,2026-09-21,SUB0182,CK044,Lunch,Delivered,120
ORD06460,2026-09-21,SUB0301,CK084,Dinner,Delivered,159
ORD06461,2026-09-21,SUB0044,CK020,Dinner,Delivered,179
ORD06462,2026-09-21,SUB0481,CK045,Dinner,delivered,159
ORD06463,2026-09-21,SUB0163,CK029,Dinner,Delivered,99
ORD06464,2026-09-21,SUB0245,CK060,Dinner,Cancelled,99
ORD06465,2026-09-21,SUB0046,CK050,Dinner,Delivered,159
ORD06466,2026-09-21,SUB0178,CK027,Lunch,Delivered,179
ORD06467,2026-09-21,SUB0237,CK047,Dinner,Completed,99
ORD06468,2026-09-21,SUB0278,CK079,Dinner,Delivered,149
ORD06469,2026-09-21,SUB0485,CK058,Lunch,Delivered,159
ORD06470,2026-09-21,SUB0317,CK055,Lunch,cancelled,99
ORD06471,2026-09-21,SUB0374,CK077,Lunch,Cancelled,179
ORD06472,2026-09-21,SUB0436,CK067,Lunch,Delivered,120
ORD06473,2026-09-21,SUB0294,CK081,Lunch,delivered,120
ORD06474,2026-09-21,SUB0034,CK023,Lunch,Delivered,179
ORD06475,2026-09-21,SUB0029,CK014,Dinner,Delivered,199
ORD06476,2026-09-21,SUB0162,CK080,Lunch,Delivered,179
ORD06477,2026-09-21,SUB0315,CK036,Dinner,DELIVERED,120
ORD06478,2026-09-21,SUB0522,CK090,Dinner,Delivered,129
ORD06479,2026-09-21,SUB0274,CK046,Dinner,Delivered,99
ORD06480,2026-09-21,SUB0363,CK070,Lunch,delivered,99
ORD06481,2026-09-21,SUB0310,CK010,Lunch,Delivered,179
ORD06482,2026-09-21,SUB0272,CK078,Lunch,Pending,120
ORD06483,2026-09-21,SUB0024,CK003,Dinner,pending,99
ORD06484,2026-09-21,SUB0247,CK006,Lunch,Delivered,159
ORD06485,2026-09-21,SUB0332,CK076,Dinner,refunded,159
ORD06486,2026-09-21,SUB0228,CK075,Lunch,Delivered,159
ORD06487,21/09/2026,SUB0003,CK053,Lunch,delivered,199
ORD06488,2026-09-21,SUB0347,CK023,Lunch,Delivered,199
ORD06489,21/09/2026,SUB0321,CK044,Dinner,Refunded,159
ORD06490,2026-09-21,SUB0420,CK008,Lunch,DELIVERED,129
ORD06491,2026-09-21,SUB0259,CK020,Lunch,Delivered,199
ORD06492,2026-09-21,SUB0234,CK049,Lunch,Delivered,99
ORD06493,2026-09-21,SUB0227,CK003,Dinner,DELIVERED,179
ORD06494,2026-09-21,SUB0200,CK061,Lunch,Completed,159
ORD06495,2026-09-21,SUB0110,CK079,Dinner,DELIVERED,159
ORD06496,2026-09-21,SUB0371,CK020,Dinner,Pending,120
ORD06497,2026-09-21,SUB0001,CK035,Lunch,Delivered,129
ORD06498,2026-09-21,SUB0367,CK058,Dinner,Refunded,120
ORD06499,2026-09-21,SUB0275,CK055,Dinner,Completed,99
ORD06500,21/09/2026,SUB0450,CK079,Dinner,Refunded,159
ORD06501,2026-09-21,SUB0018,CK032,Dinner,In Progress,159
ORD06502,2026-09-21,SUB0385,CK012,Lunch,delivered,179
ORD06503,2026-09-21,SUB0503,CK086,Lunch,delivered,199
ORD06504,2026-09-21,SUB0103,CK017,Dinner,Delivered,99
ORD06505,2026-09-21,SUB0134,CK057,Lunch,Completed,120
ORD06506,2026-09-21,SUB0510,CK087,Dinner,Delivered,199
ORD06507,2026-09-21,SUB0180,CK049,Dinner,pending,199
ORD06508,2026-09-21,SUB0480,CK057,Lunch,delivered,99
ORD06509,2026-09-21,SUB0115,CK069,Lunch,DELIVERED,149
ORD06510,2026-09-21,SUB0345,CK060,Dinner,delivered,199
ORD06511,2026-09-21,SUB0464,CK071,Lunch,Delivered,159
ORD06512,2026-09-21,SUB0208,CK012,Dinner,pending,120
ORD06513,2026-09-21,SUB0504,CK087,Lunch,DELIVERED,120
ORD06514,2026-09-21,SUB0229,CK054,Dinner,Completed,120
ORD06515,2026-09-21,SUB0515,CK088,Lunch,Delivered,149
ORD06516,2026-09-21,SUB0306,CK017,Dinner,refunded,199
ORD06517,2026-09-21,SUB0223,CK040,Lunch,Pending,129
ORD06518,2026-09-21,SUB0131,CK064,Lunch,CANCELLED,99
ORD06519,2026-09-21,SUB0351,CK036,Lunch,delivered,129
ORD06520,2026-09-21,SUB0314,CK008,Lunch,DELIVERED,120
ORD06521,2026-09-21,SUB0335,CK058,Dinner,pending,149
ORD06522,2026-09-21,SUB0010,CK014,Dinner,DELIVERED,99
ORD06523,2026-09-21,SUB0242,CK040,Lunch,Completed,199
ORD06524,2026-09-21,SUB0296,CK047,Lunch,Delivered,179
ORD06525,2026-09-21,SUB0087,CK051,Lunch,In Progress,149
ORD06526,2026-09-21,SUB0141,CK079,Lunch,Pending,99
ORD06527,2026-09-21,SUB0061,CK042,Dinner,pending,159
ORD06528,2026-09-21,SUB0122,CK023,Dinner,Delivered,199
ORD06529,2026-09-21,SUB0328,CK040,Dinner,In Progress,159
ORD06530,2026-09-21,SUB0307,CK026,Lunch,Completed,129
ORD06531,2026-09-21,SUB0524,CK091,Dinner,Completed,179
ORD06532,2026-09-21,SUB0336,CK040,Lunch,delivered,120
ORD06533,2026-09-21,SUB0169,CK046,Dinner,delivered,99
ORD06534,2026-09-21,SUB0500,CK086,Lunch,delivered,120
ORD06535,2026-09-21,SUB0442,CK019,Lunch,pending,149
ORD06536,2026-09-21,SUB0359,CK012,Dinner,DELIVERED,120
ORD06537,2026-09-21,SUB0437,CK038,Dinner,DELIVERED,120
ORD06538,2026-09-21,SUB0493,CK080,Dinner,delivered,149
ORD06539,2026-09-21,SUB0508,CK087,Lunch,DELIVERED,129
ORD06540,2026-09-21,SUB0372,CK056,Lunch,DELIVERED,99
ORD06541,2026-09-21,SUB0077,CK081,Dinner,DELIVERED,120
ORD06542,2026-09-21,SUB0101,CK018,Lunch,DELIVERED,120
ORD06543,2026-09-21,SUB0407,CK054,Dinner,cancelled,129
ORD06544,2026-09-21,SUB0238,CK080,Dinner,cook no show,129
ORD06545,2026-09-21,SUB0153,CK057,Lunch,Delivered,99
ORD06546,2026-09-21,SUB0462,CK044,Dinner,in-progress,199
ORD06547,2026-09-21,SUB0532,CK092,Lunch,Refunded,120
ORD06548,2026-09-21,SUB0319,CK047,Lunch,Delivered,129
ORD06549,2026-09-21,SUB0008,CK083,Dinner,Delivered,120
ORD06550,2026-09-21,SUB0013,CK040,Dinner,Delivered,129
ORD06551,2026-09-21,SUB0396,CK046,Lunch,Delivered,179
ORD06552,2026-09-21,SUB0273,CK052,Dinner,Refunded,99
ORD06553,2026-09-21,SUB0129,CK057,Lunch,cancelled,149
ORD06554,2026-09-21,SUB0073,CK074,Lunch,Delivered,149
ORD06555,2026-09-21,SUB0225,CK051,Dinner,Delivered,129
ORD06556,21/09/2026,SUB0383,CK048,Dinner,DELIVERED,120
ORD06557,2026-09-21,SUB0423,CK059,Dinner,Delivered,99
ORD06558,2026-09-21,SUB0172,CK045,Lunch,Completed,99
ORD06559,2026-09-21,SUB0427,CK058,Lunch,Delivered,129
ORD06560,2026-09-21,SUB0205,CK005,Dinner,Delivered,149
ORD06561,2026-09-21,SUB0327,CK051,Dinner,DELIVERED,159
ORD06562,2026-09-21,SUB0520,CK090,Lunch,DELIVERED,179
ORD06563,2026-09-21,SUB0036,CK032,Dinner,cancelled,129
ORD06564,2026-09-21,SUB0258,CK014,Dinner,Delivered,149
ORD06565,2026-09-21,SUB0140,CK013,Dinner,Completed,120
ORD06566,2026-09-21,SUB0209,CK045,Dinner,delivered,149
ORD06567,2026-09-21,SUB0360,CK059,Lunch,delivered,120
ORD06568,2026-09-21,SUB0483,CK013,Lunch,delivered,199
ORD06569,2026-09-21,SUB0190,CK002,Lunch,delivered,99
ORD06570,2026-09-21,SUB0311,CK038,Lunch,pending,149
ORD06571,2026-09-21,SUB0144,CK023,Lunch,Delivered,120
ORD06572,2026-09-21,SUB0297,CK019,Lunch,Delivered,129
ORD06573,2026-09-21,SUB0354,CK057,Dinner,DELIVERED,99
ORD06574,2026-09-21,SUB0353,CK046,Dinner,Delivered,179
ORD06575,2026-09-21,SUB0490,CK050,Dinner,cancelled,129
ORD06576,2026-09-21,SUB0128,CK051,Dinner,cancelled,120
ORD06577,2026-09-21,SUB0460,CK053,Lunch,refunded,120
ORD06578,2026-09-21,SUB0007,CK051,Lunch,delivered,179
ORD06579,2026-09-21,SUB0037,CK031,Lunch,Delivered,99
ORD06580,2026-09-21,SUB0082,CK045,Lunch,CANCELLED,120
ORD06581,2026-09-21,SUB0119,CK079,Lunch,delivered,179
ORD06582,2026-09-21,SUB0090,CK050,Lunch,Delivered,149
ORD06583,2026-09-21,SUB0252,CK025,Dinner,delivered,199
ORD06584,2026-09-21,SUB0316,CK014,Dinner,DELIVERED,179
ORD06585,2026-09-21,SUB0246,CK023,Dinner,delivered,120
ORD06586,2026-09-21,SUB0355,CK051,Lunch,Completed,159
ORD06587,2026-09-21,SUB0302,CK043,Lunch,DELIVERED,159
ORD06588,2026-09-21,SUB0030,CK033,Lunch,Delivered,199
ORD06589,2026-09-21,SUB0075,CK010,Dinner,Delivered,179
ORD06590,2026-09-21,SUB0361,CK047,Dinner,Delivered,120
ORD06591,2026-09-21,SUB0509,CK087,Lunch,Delivered,120
ORD06592,2026-09-21,SUB0026,CK082,Dinner,Delivered,120
ORD06593,2026-09-21,SUB0006,CK032,Dinner,Completed,179
ORD06594,2026-09-21,SUB0416,CK050,Dinner,In Progress,199
ORD06595,2026-09-21,SUB0230,CK075,Dinner,In Progress,149
ORD06596,2026-09-21,SUB0111,CK036,Lunch,Completed,179
ORD06597,2026-09-21,SUB0054,CK069,Dinner,Cancelled,149
ORD06598,2026-09-21,SUB0071,CK023,Lunch,Delivered,120
ORD06599,2026-09-21,SUB0125,CK067,Lunch,Delivered,159
ORD06600,21/09/2026,SUB0422,CK052,Dinner,in-progress,99
ORD06601,2026-09-21,SUB0114,CK046,Lunch,delivered,149
ORD06602,2026-09-21,SUB0023,CK070,Dinner,Delivered,99
ORD06603,2026-09-21,SUB0300,CK037,Lunch,Delivered,179
ORD06604,2026-09-21,SUB0468,CK002,Dinner,delivered,179
ORD06605,2026-09-21,SUB0099,CK070,Dinner,Delivered,129
ORD06606,2026-09-21,SUB0168,CK032,Dinner,Cancelled,129
ORD06607,2026-09-21,SUB0405,CK006,Lunch,CANCELLED,129
ORD06608,2026-09-21,SUB0440,CK015,Dinner,Delivered,99
ORD06609,2026-09-21,SUB0085,CK017,Dinner,refunded,159
ORD06610,2026-09-21,SUB0042,CK081,Lunch,DELIVERED,99
ORD06611,2026-09-21,SUB0123,CK002,Lunch,Delivered,99
ORD06612,2026-09-21,SUB0381,CK018,Lunch,DELIVERED,159
ORD06613,2026-09-21,SUB0260,CK045,Dinner,Delivered,149
ORD06614,2026-09-21,SUB0080,CK075,Dinner,Delivered,99
ORD06615,2026-09-21,SUB0127,CK083,Dinner,Pending,199
ORD06616,2026-09-21,SUB0126,CK083,Lunch,in-progress,120
ORD06617,2026-09-21,SUB0357,CK008,Lunch,delivered,149
ORD06618,2026-09-21,SUB0265,CK036,Dinner,delivered,120
ORD06619,2026-09-21,SUB0032,CK003,Dinner,pending,149
ORD06620,2026-09-21,SUB0392,CK070,Lunch,delivered,179
ORD06621,2026-09-21,SUB0055,CK072,Dinner,Delivered,149
ORD06622,2026-09-21,SUB0320,CK075,Dinner,DELIVERED,120
ORD06623,2026-09-21,SUB0231,CK011,Dinner,Completed,159
ORD06624,2026-09-21,SUB0186,CK004,Lunch,DELIVERED,99
ORD06625,2026-09-21,SUB0256,CK041,Lunch,Pending,179
ORD06626,2026-09-21,SUB0472,CK043,Lunch,delivered,199
ORD06627,2026-09-21,SUB0487,CK051,Dinner,In Progress,149
ORD06628,2026-09-21,SUB0254,CK003,Dinner,Delivered,199
ORD06629,2026-09-21,SUB0222,CK036,Dinner,Delivered,129
ORD06630,2026-09-21,SUB0432,CK046,Lunch,Delivered,199
ORD06631,2026-09-21,SUB0070,CK001,Lunch,In Progress,149
ORD06632,2026-09-21,SUB0529,CK092,Lunch,Delivered,120
ORD06633,2026-09-21,SUB0174,CK058,Dinner,Delivered,149
ORD06634,2026-09-21,SUB0089,CK027,Dinner,In Progress,120
ORD06635,2026-09-21,SUB0527,CK091,Lunch,Delivered,199
ORD06636,2026-09-21,SUB0454,CK003,Lunch,delivered,99
ORD06637,2026-09-21,SUB0038,CK005,Lunch,Pending,159
ORD06638,21/09/2026,SUB0441,CK054,Dinner,Completed,179
ORD06639,2026-09-21,SUB0473,CK050,Dinner,delivered,149
ORD06640,2026-09-21,SUB0049,CK013,Dinner,Delivered,120
ORD06641,2026-09-21,SUB0283,CK020,Dinner,DELIVERED,179
ORD06642,2026-09-21,SUB0471,CK054,Dinner,Delivered,120
ORD06643,2026-09-21,SUB0459,CK049,Lunch,Delivered,179
ORD06644,2026-09-21,SUB0102,CK084,Dinner,delivered,149
ORD06645,2026-09-21,SUB0052,CK002,Lunch,delivered,149
ORD06646,2026-09-21,SUB0369,CK070,Dinner,Delivered,120
ORD06647,2026-09-21,SUB0072,CK074,Dinner,in-progress,99
ORD06648,2026-09-21,SUB0147,CK069,Lunch,cancelled,99
ORD06649,2026-09-21,SUB0251,CK004,Lunch,delivered,159
ORD06650,2026-09-21,SUB0002,CK004,Lunch,in-progress,120
ORD06651,2026-09-21,SUB0197,CK037,Dinner,delivered,99
ORD06652,2026-09-21,SUB0218,CK069,Lunch,Delivered,149
ORD06653,2026-09-21,SUB0323,CK084,Lunch,Delivered,159
ORD06654,2026-09-21,SUB0216,CK077,Lunch,delivered,129
ORD06655,2026-09-21,SUB0474,CK081,Dinner,Delivered,159
ORD06656,2026-09-21,SUB0486,CK010,Lunch,Refunded,179
ORD06657,2026-09-21,SUB0295,CK046,Dinner,Delivered,159
ORD06658,2026-09-21,SUB0173,CK032,Lunch,Pending,129
ORD06659,2026-09-21,SUB0088,CK032,Lunch,Pending,159
ORD06660,2026-09-21,SUB0201,CK062,Dinner,cook_dropout,120
ORD06661,2026-09-21,SUB0402,CK060,Dinner,Completed,179
ORD06662,2026-09-21,SUB0443,CK021,Dinner,Completed,129
ORD06663,2026-09-21,SUB0446,CK032,Lunch,cancelled,179
ORD06664,2026-09-21,SUB0281,CK061,Dinner,Pending,120
ORD06665,2026-09-21,SUB0467,CK012,Lunch,in-progress,129
ORD06666,2026-09-21,SUB0330,CK004,Dinner,delivered,159
ORD06667,2026-09-21,SUB0340,CK011,Dinner,Delivered,179
ORD06668,2026-09-21,SUB0268,CK068,Dinner,Delivered,159
ORD06669,2026-09-21,SUB0292,CK047,Dinner,Completed,199
ORD06670,2026-09-21,SUB0193,CK029,Dinner,Refunded,129
ORD06671,2026-09-22,SUB0237,CK047,Lunch,Pending,149
ORD06672,2026-09-22,SUB0299,CK048,Dinner,Delivered,129
ORD06673,2026-09-22,SUB0295,CK046,Dinner,Delivered,99
ORD06674,2026-09-22,SUB0277,CK024,Dinner,Completed,199
ORD06675,2026-09-22,SUB0479,CK052,Dinner,Delivered,129
ORD06676,2026-09-22,SUB0309,CK076,Lunch,Delivered,149
ORD06677,2026-09-22,SUB0190,CK002,Dinner,in-progress,199
ORD06678,2026-09-22,SUB0453,CK072,Lunch,delivered,179
ORD06679,2026-09-22,SUB0271,CK004,Dinner,delivered,129
ORD06680,2026-09-22,SUB0204,CK084,Dinner,Delivered,159
ORD06681,2026-09-22,SUB0066,CK021,Dinner,Delivered,199
ORD06682,2026-09-22,SUB0256,CK041,Lunch,delivered,129
ORD06683,2026-09-22,SUB0199,CK075,Lunch,Delivered,179
ORD06684,2026-09-22,SUB0500,CK086,Dinner,cook no show,120
ORD06685,2026-09-22,SUB0315,CK036,Dinner,delivered,129
ORD06686,2026-09-22,SUB0186,CK004,Lunch,delivered,199
ORD06687,2026-09-22,SUB0229,CK054,Dinner,Delivered,129
ORD06688,2026-09-22,SUB0247,CK006,Lunch,pending,120
ORD06689,2026-09-22,SUB0434,CK017,Lunch,Delivered,129
ORD06690,2026-09-22,SUB0177,CK047,Lunch,Pending,99
ORD06691,2026-09-22,SUB0361,CK047,Lunch,Delivered,120
ORD06692,2026-09-22,SUB0353,CK046,Dinner,delivered,159
ORD06693,2026-09-22,SUB0133,CK061,Dinner,delivered,179
ORD06694,2026-09-22,SUB0014,CK065,Dinner,delivered,159
ORD06695,2026-09-22,SUB0417,CK015,Lunch,Completed,159
ORD06696,2026-09-22,SUB0013,CK040,Dinner,pending,99
ORD06697,2026-09-22,SUB0354,CK057,Dinner,Delivered,179
ORD06698,2026-09-22,SUB0366,CK004,Dinner,Delivered,149
ORD06699,2026-09-22,SUB0393,CK076,Dinner,Cancelled,179
ORD06700,2026-09-22,SUB0373,CK071,Lunch,in-progress,129
ORD06701,2026-09-22,SUB0330,CK004,Dinner,Completed,159
ORD06702,2026-09-22,SUB0348,CK081,Dinner,Delivered,199
ORD06703,2026-09-22,SUB0136,CK080,Dinner,No Show,99
ORD06704,2026-09-22,SUB0310,CK010,Lunch,Delivered,120
ORD06705,2026-09-22,SUB0083,CK003,Dinner,Cancelled,99
ORD06706,2026-09-22,SUB0477,CK024,Lunch,delivered,149
ORD06707,2026-09-22,SUB0151,CK064,Dinner,DELIVERED,120
ORD06708,2026-09-22,SUB0360,CK059,Lunch,delivered,120
ORD06709,2026-09-22,SUB0431,CK017,Lunch,Refunded,159
ORD06710,2026-09-22,SUB0251,CK004,Dinner,Pending,159
ORD06711,2026-09-22,SUB0210,CK046,Lunch,Delivered,99
ORD06712,2026-09-22,SUB0174,CK058,Dinner,delivered,129
ORD06713,2026-09-22,SUB0463,CK060,Lunch,Cancelled,179
ORD06714,2026-09-22,SUB0396,CK046,Lunch,Delivered,179
ORD06715,2026-09-22,SUB0114,CK046,Lunch,Delivered,120
ORD06716,2026-09-22,SUB0079,CK021,Lunch,Delivered,129
ORD06717,2026-09-22,SUB0022,CK044,Dinner,Delivered,149
ORD06718,2026-09-22,SUB0030,CK033,Dinner,In Progress,99
ORD06719,2026-09-22,SUB0163,CK029,Dinner,Completed,199
ORD06720,2026-09-22,SUB0282,CK060,Lunch,Delivered,129
ORD06721,2026-09-22,SUB0454,CK003,Dinner,Delivered,129
ORD06722,2026-09-22,SUB0410,CK074,Dinner,Completed,149
ORD06723,2026-09-22,SUB0231,CK011,Dinner,Delivered,149
ORD06724,2026-09-22,SUB0185,CK074,Lunch,in-progress,159
ORD06725,2026-09-22,SUB0126,CK083,Lunch,Refunded,149
ORD06726,2026-09-22,SUB0181,CK018,Lunch,Cancelled,99
ORD06727,2026-09-22,SUB0519,CK090,Lunch,Delivered,99
ORD06728,2026-09-22,SUB0526,CK091,Dinner,Completed,179
ORD06729,2026-09-22,SUB0481,CK045,Dinner,DELIVERED,159
ORD06730,2026-09-22,SUB0395,CK023,Dinner,pending,159
ORD06731,2026-09-22,SUB0016,CK061,Dinner,DELIVERED,159
ORD06732,2026-09-22,SUB0421,CK079,Lunch,Delivered,129
ORD06733,2026-09-22,SUB0003,CK053,Lunch,Refunded,129
ORD06734,2026-09-22,SUB0455,CK014,Dinner,Pending,99
ORD06735,2026-09-22,SUB0288,CK009,Lunch,delivered,159
ORD06736,2026-09-22,SUB0130,CK057,Dinner,Delivered,199
ORD06737,2026-09-22,SUB0440,CK015,Dinner,Delivered,199
ORD06738,2026-09-22,SUB0476,CK010,Lunch,Delivered,159
ORD06739,2026-09-22,SUB0176,CK061,Lunch,Delivered,99
ORD06740,2026-09-22,SUB0232,CK045,Dinner,Delivered,159
ORD06741,2026-09-22,SUB0024,CK003,Dinner,Cook No-Show,199
ORD06742,2026-09-22,SUB0432,CK046,Dinner,delivered,199
ORD06743,2026-09-22,SUB0473,CK050,Dinner,Delivered,199
ORD06744,22/09/2026,SUB0233,CK021,Dinner,Delivered,149
ORD06745,2026-09-22,SUB0322,CK017,Dinner,delivered,99
ORD06746,2026-09-22,SUB0281,CK061,Dinner,Refunded,199
ORD06747,2026-09-22,SUB0043,CK032,Dinner,Delivered,129
ORD06748,2026-09-22,SUB0138,CK057,Dinner,delivered,179
ORD06749,2026-09-22,SUB0223,CK040,Lunch,DELIVERED,99
ORD06750,2026-09-22,SUB0117,CK014,Lunch,In Progress,159
ORD06751,2026-09-22,SUB0488,CK018,Dinner,Delivered,179
ORD06752,2026-09-22,SUB0173,CK032,Lunch,cook_dropout,149
ORD06753,2026-09-22,SUB0155,CK009,Lunch,Completed,199
ORD06754,2026-09-22,SUB0445,CK036,Lunch,Completed,99
ORD06755,2026-09-22,SUB0499,CK086,Lunch,pending,129
ORD06756,2026-09-22,SUB0497,CK086,Dinner,Completed,120
ORD06757,2026-09-22,SUB0439,CK077,Dinner,Delivered,99
ORD06758,2026-09-22,SUB0142,CK014,Dinner,Delivered,120
ORD06759,2026-09-22,SUB0250,CK070,Dinner,Delivered,99
ORD06760,2026-09-22,SUB0358,CK012,Dinner,Completed,199
ORD06761,2026-09-22,SUB0528,CK092,Dinner,delivered,120
ORD06762,2026-09-22,SUB0170,CK032,Dinner,Delivered,199
ORD06763,2026-09-22,SUB0243,CK011,Lunch,Pending,120
ORD06764,2026-09-22,SUB0109,CK038,Lunch,Delivered,149
ORD06765,2026-09-22,SUB0211,CK012,Lunch,Completed,179
ORD06766,2026-09-22,SUB0249,CK001,Dinner,Delivered,129
ORD06767,2026-09-22,SUB0292,CK047,Dinner,pending,179
ORD06768,2026-09-22,SUB0194,CK032,Lunch,Delivered,120
ORD06769,2026-09-22,SUB0208,CK012,Lunch,Cook No-Show,179
ORD06770,2026-09-22,SUB0146,CK044,Lunch,DELIVERED,120
ORD06771,2026-09-22,SUB0507,CK087,Dinner,Delivered,179
ORD06772,2026-09-22,SUB0468,CK002,Dinner,delivered,179
ORD06773,2026-09-22,SUB0048,CK081,Lunch,Cancelled,179
ORD06774,2026-09-22,SUB0375,CK036,Dinner,Delivered,179
ORD06775,2026-09-22,SUB0469,CK070,Dinner,Delivered,159
ORD06776,2026-09-22,SUB0490,CK050,Dinner,delivered,199
ORD06777,2026-09-22,SUB0308,CK020,Dinner,Delivered,120
ORD06778,22/09/2026,SUB0058,CK047,Lunch,DELIVERED,149
ORD06779,22/09/2026,SUB0025,CK068,Lunch,Cancelled - Cook Unavailable,99
ORD06780,2026-09-22,SUB0286,CK046,Dinner,pending,159
ORD06781,2026-09-22,SUB0316,CK014,Dinner,Delivered,159
ORD06782,2026-09-22,SUB0405,CK006,Lunch,pending,199
ORD06783,2026-09-22,SUB0044,CK020,Lunch,Delivered,120
ORD06784,2026-09-22,SUB0517,CK090,Lunch,delivered,129
ORD06785,2026-09-22,SUB0007,CK051,Lunch,Refunded,149
ORD06786,2026-09-22,SUB0493,CK080,Dinner,cook_dropout,129
ORD06787,2026-09-22,SUB0129,CK057,Lunch,Delivered,129
ORD06788,2026-09-22,SUB0245,CK060,Dinner,Delivered,120
ORD06789,2026-09-22,SUB0518,CK090,Lunch,Delivered,149
ORD06790,2026-09-22,SUB0059,CK048,Dinner,Delivered,159
ORD06791,2026-09-22,SUB0082,CK045,Lunch,pending,99
ORD06792,2026-09-22,SUB0398,CK003,Dinner,Delivered,120
ORD06793,2026-09-22,SUB0278,CK079,Dinner,Delivered,120
ORD06794,2026-09-22,SUB0383,CK048,Dinner,Delivered,129
ORD06795,2026-09-22,SUB0464,CK071,Lunch,cancelled,129
ORD06796,2026-09-22,SUB0386,CK067,Dinner,No Show,120
ORD06797,2026-09-22,SUB0465,CK067,Dinner,Pending,120
ORD06798,2026-09-22,SUB0525,CK091,Dinner,delivered,129
ORD06799,2026-09-22,SUB0443,CK021,Dinner,delivered,179
ORD06800,2026-09-22,SUB0094,CK083,Dinner,Delivered,99
ORD06801,2026-09-22,SUB0352,CK020,Lunch,cancelled,99
ORD06802,2026-09-22,SUB0252,CK025,Dinner,Delivered,129
ORD06803,2026-09-22,SUB0002,CK004,Dinner,Delivered,129
ORD06804,2026-09-22,SUB0226,CK018,Dinner,Delivered,99
ORD06805,2026-09-22,SUB0384,CK058,Lunch,Delivered,159
ORD06806,2026-09-22,SUB0099,CK070,Dinner,Delivered,199
ORD06807,2026-09-22,SUB0090,CK050,Lunch,refunded,120
ORD06808,2026-09-22,SUB0331,CK062,Lunch,delivered,129
ORD06809,2026-09-22,SUB0337,CK053,Lunch,Delivered,199
ORD06810,2026-09-22,SUB0064,CK024,Lunch,Delivered,120
ORD06811,2026-09-22,SUB0371,CK020,Dinner,DELIVERED,159
ORD06812,2026-09-22,SUB0198,CK058,Dinner,Delivered,149
ORD06813,2026-09-22,SUB0413,CK062,Dinner,No Show,199
ORD06814,2026-09-22,SUB0217,CK019,Lunch,Delivered,99
ORD06815,2026-09-22,SUB0027,CK075,Lunch,Completed,99
ORD06816,2026-09-22,SUB0168,CK032,Dinner,cook_dropout,179
ORD06817,2026-09-22,SUB0326,CK058,Dinner,Delivered,129
ORD06818,2026-09-22,SUB0345,CK060,Dinner,Delivered,179
ORD06819,2026-09-22,SUB0212,CK078,Dinner,pending,199
ORD06820,2026-09-22,SUB0327,CK051,Dinner,DELIVERED,120
ORD06821,2026-09-22,SUB0096,CK077,Dinner,Delivered,120
ORD06822,2026-09-22,SUB0053,CK027,Dinner,delivered,179
ORD06823,2026-09-22,SUB0041,CK026,Dinner,Delivered,179
ORD06824,2026-09-22,SUB0332,CK076,Dinner,Delivered,179
ORD06825,2026-09-22,SUB0365,CK070,Dinner,Delivered,120
ORD06826,2026-09-22,SUB0350,CK081,Lunch,Cancelled,149
ORD06827,2026-09-22,SUB0338,CK050,Lunch,delivered,149
ORD06828,2026-09-22,SUB0486,CK010,Lunch,Delivered,99
ORD06829,2026-09-22,SUB0244,CK045,Dinner,in-progress,120
ORD06830,2026-09-22,SUB0192,CK075,Lunch,In Progress,149
ORD06831,2026-09-22,SUB0248,CK069,Lunch,Delivered,179
ORD06832,2026-09-22,SUB0355,CK051,Lunch,Cancelled,129
ORD06833,2026-09-22,SUB0103,CK017,Dinner,delivered,99
ORD06834,2026-09-22,SUB0010,CK014,Dinner,DELIVERED,179
ORD06835,2026-09-22,SUB0067,CK074,Dinner,cancelled,129
ORD06836,2026-09-22,SUB0196,CK079,Lunch,cancelled,99
ORD06837,2026-09-22,SUB0183,CK024,Lunch,Delivered,99
ORD06838,2026-09-22,SUB0068,CK001,Lunch,Delivered,179
ORD06839,2026-09-22,SUB0420,CK008,Lunch,delivered,199
ORD06840,2026-09-22,SUB0459,CK049,Lunch,Pending,99
ORD06841,2026-09-22,SUB0069,CK027,Dinner,pending,159
ORD06842,2026-09-22,SUB0135,CK052,Dinner,delivered,149
ORD06843,2026-09-22,SUB0214,CK008,Dinner,delivered,179
ORD06844,2026-09-22,SUB0400,CK036,Dinner,DELIVERED,120
ORD06845,2026-09-22,SUB0441,CK054,Dinner,Pending,149
ORD06846,2026-09-22,SUB0523,CK091,Lunch,delivered,149
ORD06847,2026-09-22,SUB0514,CK088,Lunch,delivered,99
ORD06848,2026-09-22,SUB0391,CK044,Lunch,Delivered,159
ORD06849,2026-09-22,SUB0049,CK013,Dinner,DELIVERED,99
ORD06850,2026-09-22,SUB0503,CK086,Lunch,DELIVERED,149
ORD06851,2026-09-22,SUB0144,CK023,Lunch,in-progress,129
ORD06852,2026-09-22,SUB0387,CK071,Lunch,Completed,120
ORD06853,2026-09-22,SUB0145,CK081,Dinner,Delivered,179
ORD06854,2026-09-22,SUB0429,CK047,Dinner,CANCELLED,159
ORD06855,2026-09-22,SUB0491,CK044,Dinner,delivered,99
ORD06856,2026-09-22,SUB0032,CK003,Dinner,Delivered,99
ORD06857,2026-09-22,SUB0274,CK046,Dinner,DELIVERED,149
ORD06858,2026-09-22,SUB0485,CK058,Lunch,Delivered,159
ORD06859,2026-09-22,SUB0143,CK048,Lunch,Delivered,120
ORD06860,2026-09-22,SUB0150,CK001,Lunch,DELIVERED,99
ORD06861,2026-09-22,SUB0311,CK038,Lunch,Delivered,159
ORD06862,2026-09-22,SUB0483,CK013,Lunch,Delivered,99
ORD06863,2026-09-22,SUB0257,CK069,Lunch,DELIVERED,179
ORD06864,2026-09-22,SUB0019,CK060,Lunch,cook no show,159
ORD06865,2026-09-22,SUB0061,CK042,Dinner,Delivered,129
ORD06866,2026-09-22,SUB0494,CK014,Dinner,DELIVERED,129
ORD06867,2026-09-22,SUB0512,CK087,Lunch,delivered,99
ORD06868,2026-09-22,SUB0529,CK092,Lunch,Delivered,199
ORD06869,2026-09-22,SUB0325,CK023,Lunch,Delivered,149
ORD06870,2026-09-22,SUB0029,CK014,Dinner,Cancelled,120
ORD06871,2026-09-22,SUB0091,CK060,Lunch,Completed,179
ORD06872,2026-09-22,SUB0207,CK053,Lunch,cancelled,149
ORD06873,22/09/2026,SUB0390,CK049,Dinner,Delivered,120
ORD06874,2026-09-22,SUB0124,CK049,Dinner,Completed,99
ORD06875,2026-09-22,SUB0055,CK072,Dinner,Delivered,149
ORD06876,2026-09-22,SUB0377,CK041,Lunch,Delivered,179
ORD06877,2026-09-22,SUB0026,CK082,Dinner,DELIVERED,149
ORD06878,2026-09-22,SUB0530,CK092,Lunch,Completed,179
ORD06879,2026-09-22,SUB0236,CK076,Dinner,delivered,149
ORD06880,2026-09-22,SUB0260,CK045,Dinner,Completed,99
ORD06881,2026-09-22,SUB0333,CK075,Dinner,cancelled,149
ORD06882,2026-09-22,SUB0450,CK079,Dinner,DELIVERED,99
ORD06883,2026-09-22,SUB0369,CK070,Dinner,CANCELLED,99
ORD06884,2026-09-22,SUB0283,CK020,Dinner,delivered,129
ORD06885,2026-09-22,SUB0336,CK040,Lunch,Delivered,99
ORD06886,22/09/2026,SUB0095,CK037,Dinner,Delivered,149
ORD06887,2026-09-22,SUB0075,CK010,Dinner,delivered,120
ORD06888,2026-09-22,SUB0273,CK052,Dinner,Completed,159
ORD06889,2026-09-22,SUB0230,CK075,Dinner,CANCELLED,129
ORD06890,22/09/2026,SUB0324,CK032,Lunch,cancelled,199
ORD06891,2026-09-22,SUB0334,CK077,Lunch,Delivered,99
ORD06892,2026-09-22,SUB0255,CK077,Lunch,CANCELLED,99
ORD06893,2026-09-22,SUB0313,CK081,Lunch,cancelled,149
ORD06894,2026-09-22,SUB0339,CK079,Dinner,DELIVERED,159
ORD06895,2026-09-22,SUB0280,CK079,Lunch,delivered,120
ORD06896,2026-09-22,SUB0442,CK019,Lunch,Cancelled,199
ORD06897,2026-09-22,SUB0267,CK071,Dinner,Delivered,120
ORD06898,2026-09-22,SUB0456,CK053,Lunch,Delivered,199
ORD06899,2026-09-22,SUB0381,CK018,Lunch,Completed,179
ORD06900,2026-09-22,SUB0363,CK070,Lunch,Delivered,120
ORD06901,2026-09-23,SUB0070,CK001,Lunch,pending,149
ORD06902,2026-09-23,SUB0170,CK032,Lunch,In Progress,199
ORD06903,2026-09-23,SUB0137,CK051,Dinner,Pending,179
ORD06904,2026-09-23,SUB0265,CK036,Dinner,pending,149
ORD06905,2026-09-23,SUB0429,CK047,Dinner,pending,149
ORD06906,2026-09-23,SUB0306,CK017,Dinner,In Progress,159
ORD06907,2026-09-23,SUB0031,CK018,Lunch,in-progress,120
ORD06908,2026-09-23,SUB0143,CK048,Lunch,In Progress,149
ORD06909,2026-09-23,SUB0180,CK049,Dinner,pending,129
ORD06910,2026-09-23,SUB0362,CK069,Lunch,pending,159
ORD06911,2026-09-23,SUB0303,CK057,Dinner,In Progress,199
ORD06912,2026-09-23,SUB0114,CK046,Lunch,pending,129
ORD06913,2026-09-23,SUB0091,CK060,Lunch,In Progress,120
ORD06914,2026-09-23,SUB0239,CK065,Dinner,Pending,99
ORD06915,2026-09-23,SUB0445,CK036,Lunch,in-progress,179
ORD06916,2026-09-23,SUB0178,CK027,Lunch,in-progress,120
ORD06917,2026-09-23,SUB0096,CK077,Dinner,Pending,120
ORD06918,2026-09-23,SUB0026,CK082,Dinner,in-progress,199
ORD06919,2026-09-23,SUB0036,CK032,Lunch,pending,120
ORD06920,2026-09-23,SUB0483,CK013,Lunch,In Progress,99
ORD06921,2026-09-23,SUB0425,CK048,Lunch,In Progress,149
ORD06922,2026-09-23,SUB0054,CK069,Dinner,in-progress,159
ORD06923,2026-09-23,SUB0249,CK001,Lunch,in-progress,99
ORD06924,2026-09-23,SUB0488,CK018,Lunch,Pending,129
ORD06925,2026-09-23,SUB0347,CK023,Lunch,In Progress,120
ORD06926,2026-09-23,SUB0156,CK056,Dinner,In Progress,129
ORD06927,2026-09-23,SUB0201,CK062,Dinner,Pending,99
ORD06928,2026-09-23,SUB0231,CK011,Dinner,In Progress,120
ORD06929,2026-09-23,SUB0059,CK048,Dinner,In Progress,120
ORD06930,2026-09-23,SUB0226,CK018,Lunch,pending,129
ORD06931,2026-09-23,SUB0140,CK013,Dinner,In Progress,199
ORD06932,2026-09-23,SUB0124,CK049,Dinner,in-progress,149
ORD06933,2026-09-23,SUB0022,CK044,Dinner,pending,120
ORD06934,2026-09-23,SUB0041,CK026,Dinner,Pending,159
ORD06935,2026-09-23,SUB0136,CK080,Dinner,in-progress,129
ORD06936,2026-09-23,SUB0443,CK021,Dinner,In Progress,129
ORD06937,2026-09-23,SUB0190,CK002,Dinner,In Progress,120
ORD06938,2026-09-23,SUB0264,CK015,Lunch,pending,159
ORD06939,2026-09-23,SUB0060,CK014,Lunch,pending,179
ORD06940,2026-09-23,SUB0228,CK075,Dinner,Pending,199
ORD06941,2026-09-23,SUB0021,CK054,Dinner,in-progress,129
ORD06942,2026-09-23,SUB0361,CK047,Dinner,In Progress,129
ORD06943,2026-09-23,SUB0075,CK010,Dinner,In Progress,99
ORD06944,2026-09-23,SUB0099,CK070,Dinner,in-progress,159
ORD06945,2026-09-23,SUB0079,CK021,Lunch,pending,149
ORD06946,2026-09-23,SUB0218,CK069,Lunch,in-progress,99
ORD06947,2026-09-23,SUB0432,CK046,Dinner,in-progress,149
ORD06948,2026-09-23,SUB0085,CK017,Lunch,In Progress,129
ORD06949,2026-09-23,SUB0462,CK044,Dinner,Pending,179
ORD06950,2026-09-23,SUB0395,CK023,Lunch,in-progress,149
ORD06951,2026-09-23,SUB0210,CK046,Lunch,Pending,179
ORD06952,2026-09-23,SUB0055,CK072,Dinner,Pending,99
ORD06953,2026-09-23,SUB0159,CK061,Dinner,Pending,120
ORD06954,2026-09-23,SUB0285,CK053,Lunch,in-progress,149
ORD06955,2026-09-23,SUB0262,CK042,Dinner,In Progress,159
ORD06956,2026-09-23,SUB0248,CK069,Lunch,in-progress,99
ORD06957,2026-09-23,SUB0038,CK005,Lunch,in-progress,179
ORD06958,2026-09-23,SUB0162,CK080,Lunch,in-progress,199
ORD06959,2026-09-23,SUB0479,CK052,Dinner,Pending,179
ORD06960,2026-09-23,SUB0298,CK060,Dinner,in-progress,159
ORD06961,2026-09-23,SUB0219,CK027,Dinner,Pending,120
ORD06962,2026-09-23,SUB0299,CK048,Dinner,In Progress,179
ORD06963,2026-09-23,SUB0421,CK079,Lunch,In Progress,199
ORD06964,2026-09-23,SUB0407,CK054,Dinner,in-progress,179
ORD06965,2026-09-23,SUB0145,CK081,Dinner,Pending,159
ORD06966,2026-09-23,SUB0376,CK003,Dinner,In Progress,179
ORD06967,2026-09-23,SUB0344,CK055,Dinner,In Progress,179
ORD06968,2026-09-23,SUB0334,CK077,Lunch,in-progress,120
ORD06969,2026-09-23,SUB0280,CK079,Dinner,In Progress,120
ORD06970,2026-09-23,SUB0002,CK004,Lunch,In Progress,120
ORD06971,2026-09-23,SUB0430,CK062,Lunch,pending,99
ORD06972,2026-09-23,SUB0409,CK071,Lunch,Pending,149
ORD06973,2026-09-23,SUB0139,CK023,Lunch,In Progress,149
ORD06974,2026-09-23,SUB0131,CK064,Dinner,In Progress,179
ORD06975,2026-09-23,SUB0133,CK061,Lunch,in-progress,179
ORD06976,2026-09-23,SUB0200,CK061,Dinner,in-progress,179
ORD06977,2026-09-23,SUB0042,CK081,Lunch,in-progress,179
ORD06978,2026-09-23,SUB0296,CK047,Lunch,Pending,199
ORD06979,2026-09-23,SUB0426,CK055,Dinner,in-progress,149
ORD06980,2026-09-23,SUB0387,CK071,Lunch,in-progress,129
ORD06981,2026-09-23,SUB0242,CK040,Dinner,pending,159
ORD06982,2026-09-23,SUB0147,CK069,Lunch,In Progress,129
ORD06983,2026-09-23,SUB0016,CK061,Dinner,in-progress,199
ORD06984,2026-09-23,SUB0360,CK059,Lunch,in-progress,159
ORD06985,2026-09-23,SUB0286,CK046,Dinner,pending,159
ORD06986,2026-09-23,SUB0281,CK061,Dinner,in-progress,159
ORD06987,2026-09-23,SUB0007,CK051,Dinner,in-progress,99
ORD06988,2026-09-23,SUB0035,CK081,Lunch,pending,159
ORD06989,2026-09-23,SUB0271,CK004,Dinner,pending,179
ORD06990,2026-09-23,SUB0272,CK078,Lunch,pending,149
ORD06991,2026-09-23,SUB0222,CK036,Dinner,in-progress,199
ORD06992,2026-09-23,SUB0199,CK075,Dinner,Pending,159
ORD06993,2026-09-23,SUB0331,CK062,Lunch,pending,199
ORD06994,2026-09-23,SUB0116,CK084,Lunch,in-progress,99
ORD06995,2026-09-23,SUB0100,CK012,Lunch,In Progress,99
ORD06996,2026-09-23,SUB0349,CK028,Lunch,pending,179
ORD06997,2026-09-23,SUB0382,CK075,Dinner,Pending,199
ORD06998,2026-09-23,SUB0215,CK019,Dinner,pending,159
ORD06999,2026-09-23,SUB0020,CK061,Lunch,pending,129
ORD07000,2026-09-23,SUB0484,CK084,Dinner,pending,199
ORD07001,2026-09-23,SUB0390,CK049,Dinner,in-progress,149
ORD07002,2026-09-23,SUB0166,CK012,Dinner,Pending,129
ORD07003,2026-09-23,SUB0104,CK018,Lunch,in-progress,179
ORD07004,2026-09-23,SUB0173,CK032,Lunch,pending,129
ORD07005,2026-09-23,SUB0203,CK002,Lunch,In Progress,179
ORD07006,2026-09-23,SUB0428,CK048,Lunch,Pending,120
ORD07007,2026-09-23,SUB0295,CK046,Dinner,pending,120
ORD07008,2026-09-23,SUB0111,CK036,Lunch,In Progress,199
ORD07009,2026-09-23,SUB0461,CK052,Dinner,In Progress,99
ORD07010,2026-09-23,SUB0442,CK019,Lunch,In Progress,99
ORD07011,2026-09-23,SUB0160,CK032,Dinner,pending,120
ORD07012,2026-09-23,SUB0402,CK060,Dinner,In Progress,99
ORD07013,2026-09-23,SUB0150,CK001,Dinner,in-progress,120
ORD07014,2026-09-23,SUB0266,CK044,Lunch,pending,199
ORD07015,2026-09-23,SUB0482,CK068,Dinner,Pending,129
ORD07016,2026-09-23,SUB0453,CK072,Lunch,pending,99
ORD07017,2026-09-23,SUB0152,CK023,Dinner,in-progress,159
ORD07018,2026-09-23,SUB0176,CK061,Dinner,in-progress,99
ORD07019,2026-09-23,SUB0098,CK069,Lunch,Pending,199
ORD07020,2026-09-23,SUB0243,CK011,Lunch,Pending,99
ORD07021,2026-09-23,SUB0227,CK003,Lunch,In Progress,149
ORD07022,2026-09-23,SUB0257,CK069,Lunch,Pending,179
ORD07023,2026-09-23,SUB0241,CK051,Lunch,In Progress,99
ORD07024,2026-09-23,SUB0171,CK077,Lunch,Pending,179
ORD07025,2026-09-23,SUB0037,CK031,Lunch,In Progress,179
ORD07026,2026-09-23,SUB0410,CK074,Lunch,In Progress,199
ORD07027,2026-09-23,SUB0335,CK058,Lunch,In Progress,179
ORD07028,2026-09-23,SUB0250,CK070,Dinner,In Progress,179
ORD07029,2026-09-23,SUB0418,CK018,Dinner,In Progress,159
ORD07030,2026-09-23,SUB0080,CK075,Dinner,Pending,159
ORD07031,2026-09-23,SUB0414,CK008,Dinner,Pending,120
ORD07032,2026-09-23,SUB0254,CK003,Dinner,In Progress,179
ORD07033,2026-09-23,SUB0008,CK083,Dinner,Pending,149
ORD07034,2026-09-23,SUB0182,CK044,Lunch,pending,120
ORD07035,2026-09-23,SUB0027,CK075,Lunch,in-progress,120
ORD07036,2026-09-23,SUB0386,CK067,Dinner,In Progress,159
ORD07037,2026-09-23,SUB0127,CK083,Dinner,in-progress,159
ORD07038,2026-09-23,SUB0452,CK035,Dinner,Pending,199
ORD07039,2026-09-23,SUB0061,CK042,Dinner,In Progress,120
ORD07040,2026-09-23,SUB0087,CK051,Lunch,In Progress,159
ORD07041,2026-09-23,SUB0468,CK002,Dinner,in-progress,120
ORD07042,2026-09-23,SUB0146,CK044,Lunch,In Progress,159
ORD07043,2026-09-23,SUB0467,CK012,Lunch,In Progress,99
ORD07044,2026-09-23,SUB0142,CK014,Dinner,in-progress,99
ORD07045,2026-09-23,SUB0185,CK074,Lunch,In Progress,99
ORD07046,2026-09-23,SUB0113,CK004,Dinner,pending,159
ORD07047,2026-09-23,SUB0330,CK004,Dinner,In Progress,99
ORD07048,2026-09-23,SUB0181,CK018,Dinner,pending,120
ORD07049,2026-09-23,SUB0044,CK020,Lunch,pending,199
ORD07050,2026-09-23,SUB0125,CK067,Lunch,in-progress,129
ORD07051,2026-09-23,SUB0192,CK075,Lunch,pending,120
ORD07052,2026-09-23,SUB0076,CK077,Dinner,Pending,129
ORD07053,2026-09-23,SUB0148,CK003,Dinner,in-progress,179
ORD07054,2026-09-23,SUB0204,CK084,Dinner,pending,179
ORD07055,2026-09-23,SUB0457,CK036,Dinner,in-progress,199
ORD07056,2026-09-23,SUB0246,CK023,Dinner,In Progress,159
ORD07057,2026-09-23,SUB0088,CK032,Lunch,pending,149
ORD07058,2026-09-23,SUB0232,CK045,Dinner,In Progress,159
ORD07059,2026-09-23,SUB0447,CK067,Lunch,In Progress,99
ORD07060,2026-09-23,SUB0196,CK079,Dinner,pending,149
ORD07061,2026-09-23,SUB0480,CK057,Lunch,in-progress,179
ORD07062,2026-09-23,SUB0301,CK084,Lunch,Pending,179
ORD07063,2026-09-23,SUB0212,CK078,Lunch,In Progress,129
ORD07064,2026-09-23,SUB0153,CK057,Lunch,pending,199
ORD07065,2026-09-23,SUB0297,CK019,Lunch,Pending,179
ORD07066,2026-09-23,SUB0118,CK002,Dinner,In Progress,159
ORD07067,2026-09-23,SUB0357,CK008,Lunch,Pending,159
ORD07068,2026-09-23,SUB0320,CK075,Dinner,in-progress,129
ORD07069,2026-09-23,SUB0324,CK032,Lunch,pending,199
ORD07070,2026-09-23,SUB0490,CK050,Dinner,In Progress,199
ORD07071,2026-09-23,SUB0436,CK067,Lunch,pending,199
ORD07072,2026-09-23,SUB0353,CK046,Dinner,in-progress,149
ORD07073,2026-09-23,SUB0283,CK020,Dinner,In Progress,179
ORD07074,2026-09-23,SUB0314,CK008,Lunch,pending,129
ORD07075,2026-09-23,SUB0444,CK025,Dinner,Pending,99
ORD07076,2026-09-23,SUB0053,CK027,Lunch,pending,199
ORD07077,2026-09-23,SUB0325,CK023,Lunch,in-progress,120
ORD07078,2026-09-23,SUB0064,CK024,Dinner,in-progress,120
ORD07079,2026-09-23,SUB0336,CK040,Dinner,in-progress,120
ORD07080,2026-09-23,SUB0290,CK047,Lunch,in-progress,149
ORD07081,2026-09-23,SUB0346,CK004,Lunch,Pending,99
ORD07082,2026-09-23,SUB0372,CK056,Dinner,in-progress,159
ORD07083,2026-09-23,SUB0455,CK014,Dinner,in-progress,179
ORD07084,2026-09-23,SUB0234,CK049,Lunch,pending,129
ORD07085,2026-09-23,SUB0310,CK010,Lunch,In Progress,199
ORD07086,2026-09-23,SUB0164,CK050,Lunch,pending,159
ORD07087,2026-09-23,SUB0129,CK057,Lunch,pending,179
ORD07088,2026-09-23,SUB0052,CK002,Dinner,Pending,159
ORD07089,2026-09-23,SUB0277,CK024,Dinner,pending,129
ORD07090,2026-09-23,SUB0403,CK013,Lunch,in-progress,149
ORD07091,2026-09-23,SUB0401,CK002,Dinner,in-progress,99
ORD07092,2026-09-23,SUB0273,CK052,Dinner,Pending,199
ORD07093,2026-09-23,SUB0151,CK064,Dinner,In Progress,120
ORD07094,2026-09-23,SUB0046,CK050,Dinner,in-progress,159
ORD07095,2026-09-23,SUB0302,CK043,Lunch,Pending,159
ORD07096,2026-09-23,SUB0439,CK077,Lunch,Pending,129
ORD07097,2026-09-23,SUB0086,CK036,Dinner,in-progress,120
ORD07098,2026-09-23,SUB0119,CK079,Lunch,in-progress,179
ORD07099,2026-09-23,SUB0071,CK023,Lunch,pending,99
ORD07100,2026-09-23,SUB0341,CK040,Lunch,In Progress,149
ORD07101,2026-09-23,SUB0495,CK086,Dinner,Pending,179
ORD07102,2026-09-23,SUB0496,CK086,Dinner,Pending,120
ORD07103,2026-09-23,SUB0497,CK086,Dinner,Pending,120
ORD07104,2026-09-23,SUB0498,CK086,Dinner,Pending,179
ORD07105,2026-09-23,SUB0499,CK086,Lunch,Pending,99
ORD07106,2026-09-23,SUB0500,CK086,Lunch,Pending,120
ORD07107,2026-09-23,SUB0501,CK086,Lunch,Pending,129
ORD07108,2026-09-23,SUB0502,CK086,Lunch,Pending,199
ORD07109,2026-09-23,SUB0503,CK086,Lunch,Pending,199
ORD07110,2026-09-23,SUB0504,CK087,Dinner,Pending,159
ORD07111,2026-09-23,SUB0505,CK087,Lunch,Pending,120
ORD07112,2026-09-23,SUB0506,CK087,Dinner,Pending,199
ORD07113,2026-09-23,SUB0507,CK087,Dinner,Pending,120
ORD07114,2026-09-23,SUB0508,CK087,Lunch,Pending,129
ORD07115,2026-09-23,SUB0509,CK087,Lunch,Pending,99
ORD07116,2026-09-23,SUB0510,CK087,Dinner,Pending,129
ORD07117,2026-09-23,SUB0511,CK087,Lunch,Pending,199
ORD07118,2026-09-23,SUB0512,CK087,Lunch,Pending,129
ORD07119,2026-09-23,SUB0513,CK088,Lunch,Pending,199
ORD07120,2026-09-23,SUB0514,CK088,Lunch,Pending,199
ORD07121,2026-09-23,SUB0515,CK088,Lunch,Pending,129
ORD07122,2026-09-23,SUB0516,CK088,Lunch,Pending,120
ORD07123,2026-09-23,SUB0517,CK090,Lunch,Pending,129
ORD07124,2026-09-23,SUB0518,CK090,Lunch,Pending,149
ORD07125,2026-09-23,SUB0519,CK090,Lunch,Pending,99
ORD07126,2026-09-23,SUB0520,CK090,Dinner,Pending,179
ORD07127,2026-09-23,SUB0521,CK090,Lunch,Pending,149
ORD07128,2026-09-23,SUB0522,CK090,Dinner,Pending,129
ORD07129,2026-09-23,SUB0523,CK091,Lunch,Pending,99
ORD07130,2026-09-23,SUB0524,CK091,Dinner,Pending,149
ORD07131,2026-09-23,SUB0525,CK091,Dinner,Pending,99
ORD07132,2026-09-23,SUB0526,CK091,Dinner,Pending,159
ORD07133,2026-09-23,SUB0527,CK091,Lunch,Pending,199
ORD07134,2026-09-23,SUB0528,CK092,Lunch,Pending,120
ORD07135,2026-09-23,SUB0529,CK092,Lunch,Pending,149
ORD07136,2026-09-23,SUB0530,CK092,Lunch,Pending,129
ORD07137,2026-09-23,SUB0531,CK092,Lunch,Pending,179
ORD07138,2026-09-23,SUB0532,CK092,Dinner,Pending,129
